num. of data,6.000000E+6,Distance (m),Time 1
meas. time,1.990000E-3,0.005006,0.67807045
center wavelength,1.549960E-6,0.015019,0.67807045
phase division num.,3.800000E+1,0.025032,0.67807045
calc. start position,0.000000E+0,0.035045,0.67807045
calc. stop position,3.700000E+1,0.045057,0.67807045
meas. point interval,1.000000E-2,0.055070,0.67807045
spacial resolution,1.000000E-2,0.065083,0.67807045
PNC remaining,1.000000E+0,0.075096,-0.32215886
strain resolution,1.000000E+0,0.085108,3.67875836
search pitchi,0.000000E+0,0.095121,0.67807045
search range,0.000000E+0,0.105134,-87.34210826
refractive index,1.470000E+0,0.115147,-3.32284677
wavelength width,2.000000E-8,0.125159,0.67807045
modulation freq.,1.522180E+2,0.135172,0.67807045
local signal delay,8.865000E-8,0.145185,0.67807045
reference delay,1.260500E-7,0.155198,-14.32536910
window of etalon,5.000000E+2,0.165210,0.67807045
sampling rate,4.000000E+9,0.175223,81.69664403
cont. meas. interval,     0,0.185236,103.70168871
num. of cont. meas.,     0,0.195249,102.70145940
C:\Users\STR\data\RH_ç`òp\ã»Ç∞ééå±\n3\ï\\20260525_134215-1-50mm.h5,      ,0.205262,107.70260592
C:\Users\STR\data\RH_ç`òp\ã»Ç∞ééå±\n3\ï\\20260525_134254-2-100mm.h5,      ,0.215274,108.70283522
 SN: 2,      ,0.225287,103.70168871
single,      ,0.235300,57.69114075
20260525_13:42:54.800,      ,0.245313,2.67852906
      ,      ,0.255325,137.70948502
      ,      ,0.265338,-0.32215886
      ,      ,0.275351,-2.32261746
      ,      ,0.285364,0.67807045
      ,      ,0.295376,2.67852906
      ,      ,0.305389,6.67944627
      ,      ,0.315402,3.67875836
      ,      ,0.325415,8.67990488
      ,      ,0.335427,11.68059279
      ,      ,0.345440,14.68128070
      ,      ,0.355453,14.68128070
      ,      ,0.365466,13.68105139
      ,      ,0.375478,16.68173930
      ,      ,0.385491,17.68196861
      ,      ,0.395504,20.68265652
      ,      ,0.405517,22.68311512
      ,      ,0.415529,49.68930632
      ,      ,0.425542,71.69435099
      ,      ,0.435555,82.69687333
      ,      ,0.445568,79.69618542
      ,      ,0.455580,75.69526821
      ,      ,0.465593,76.69549751
      ,      ,0.475606,77.69572682
      ,      ,0.485619,77.69572682
      ,      ,0.495631,76.69549751
      ,      ,0.505644,73.69480960
      ,      ,0.515657,70.69412169
      ,      ,0.525670,53.69022353
      ,      ,0.535682,37.68655468
      ,      ,0.545695,25.68380304
      ,      ,0.555708,23.68334443
      ,      ,0.565721,24.68357373
      ,      ,0.575734,23.68334443
      ,      ,0.585746,27.68426164
      ,      ,0.595759,27.68426164
      ,      ,0.605772,24.68357373
      ,      ,0.615785,21.68288582
      ,      ,0.625797,17.68196861
      ,      ,0.635810,13.68105139
      ,      ,0.645823,14.68128070
      ,      ,0.655836,10.68036348
      ,      ,0.665848,8.67990488
      ,      ,0.675861,6.67944627
      ,      ,0.685874,10.68036348
      ,      ,0.695887,8.67990488
      ,      ,0.705899,5.67921697
      ,      ,0.715912,8.67990488
      ,      ,0.725925,3.67875836
      ,      ,0.735938,5.67921697
      ,      ,0.745950,5.67921697
      ,      ,0.755963,5.67921697
      ,      ,0.765976,3.67875836
      ,      ,0.775989,2.67852906
      ,      ,0.786001,-0.32215886
      ,      ,0.796014,-1.32238816
      ,      ,0.806027,1.67829975
      ,      ,0.816040,-3.32284677
      ,      ,0.826052,-0.32215886
      ,      ,0.836065,-2.32261746
      ,      ,0.846078,-0.32215886
      ,      ,0.856091,-2.32261746
      ,      ,0.866103,0.67807045
      ,      ,0.876116,-3.32284677
      ,      ,0.886129,0.67807045
      ,      ,0.896142,-3.32284677
      ,      ,0.906154,-1.32238816
      ,      ,0.916167,-1.32238816
      ,      ,0.926180,-3.32284677
      ,      ,0.936193,-1.32238816
      ,      ,0.946206,-1.32238816
      ,      ,0.956218,-4.32307607
      ,      ,0.966231,-0.32215886
      ,      ,0.976244,-1.32238816
      ,      ,0.986257,-2.32261746
      ,      ,0.996269,-2.32261746
      ,      ,1.006282,-2.32261746
      ,      ,1.016295,-5.32330537
      ,      ,1.026308,-3.32284677
      ,      ,1.036320,-5.32330537
      ,      ,1.046333,-0.32215886
      ,      ,1.056346,-3.32284677
      ,      ,1.066359,0.67807045
      ,      ,1.076371,2.67852906
      ,      ,1.086384,0.67807045
      ,      ,1.096397,1.67829975
      ,      ,1.106410,-1.32238816
      ,      ,1.116422,-0.32215886
      ,      ,1.126435,1.67829975
      ,      ,1.136448,-0.32215886
      ,      ,1.146461,0.67807045
      ,      ,1.156473,1.67829975
      ,      ,1.166486,-0.32215886
      ,      ,1.176499,0.67807045
      ,      ,1.186512,1.67829975
      ,      ,1.196524,0.67807045
      ,      ,1.206537,2.67852906
      ,      ,1.216550,0.67807045
      ,      ,1.226563,0.67807045
      ,      ,1.236575,-0.32215886
      ,      ,1.246588,-1.32238816
      ,      ,1.256601,0.67807045
      ,      ,1.266614,-3.32284677
      ,      ,1.276626,0.67807045
      ,      ,1.286639,-3.32284677
      ,      ,1.296652,1.67829975
      ,      ,1.306665,1.67829975
      ,      ,1.316678,0.67807045
      ,      ,1.326690,0.67807045
      ,      ,1.336703,1.67829975
      ,      ,1.346716,-2.32261746
      ,      ,1.356729,-1.32238816
      ,      ,1.366741,-1.32238816
      ,      ,1.376754,-1.32238816
      ,      ,1.386767,0.67807045
      ,      ,1.396780,-2.32261746
      ,      ,1.406792,-0.32215886
      ,      ,1.416805,-1.32238816
      ,      ,1.426818,-0.32215886
      ,      ,1.436831,-1.32238816
      ,      ,1.446843,1.67829975
      ,      ,1.456856,-0.32215886
      ,      ,1.466869,1.67829975
      ,      ,1.476882,2.67852906
      ,      ,1.486894,0.67807045
      ,      ,1.496907,3.67875836
      ,      ,1.506920,2.67852906
      ,      ,1.516933,1.67829975
      ,      ,1.526945,-0.32215886
      ,      ,1.536958,1.67829975
      ,      ,1.546971,-0.32215886
      ,      ,1.556984,-0.32215886
      ,      ,1.566996,0.67807045
      ,      ,1.577009,1.67829975
      ,      ,1.587022,-0.32215886
      ,      ,1.597035,-0.32215886
      ,      ,1.607047,-0.32215886
      ,      ,1.617060,-1.32238816
      ,      ,1.627073,-0.32215886
      ,      ,1.637086,0.67807045
      ,      ,1.647099,0.67807045
      ,      ,1.657111,-0.32215886
      ,      ,1.667124,-2.32261746
      ,      ,1.677137,-1.32238816
      ,      ,1.687150,0.67807045
      ,      ,1.697162,1.67829975
      ,      ,1.707175,0.67807045
      ,      ,1.717188,-1.32238816
      ,      ,1.727201,0.67807045
      ,      ,1.737213,-1.32238816
      ,      ,1.747226,-0.32215886
      ,      ,1.757239,0.67807045
      ,      ,1.767252,-0.32215886
      ,      ,1.777264,0.67807045
      ,      ,1.787277,-0.32215886
      ,      ,1.797290,-3.32284677
      ,      ,1.807303,1.67829975
      ,      ,1.817315,0.67807045
      ,      ,1.827328,0.67807045
      ,      ,1.837341,1.67829975
      ,      ,1.847354,2.67852906
      ,      ,1.857366,0.67807045
      ,      ,1.867379,-2.32261746
      ,      ,1.877392,-2.32261746
      ,      ,1.887405,-1.32238816
      ,      ,1.897417,-0.32215886
      ,      ,1.907430,-1.32238816
      ,      ,1.917443,-3.32284677
      ,      ,1.927456,-1.32238816
      ,      ,1.937468,1.67829975
      ,      ,1.947481,-1.32238816
      ,      ,1.957494,1.67829975
      ,      ,1.967507,-0.32215886
      ,      ,1.977519,1.67829975
      ,      ,1.987532,-1.32238816
      ,      ,1.997545,0.67807045
      ,      ,2.007558,-1.32238816
      ,      ,2.017571,-1.32238816
      ,      ,2.027583,-2.32261746
      ,      ,2.037596,-1.32238816
      ,      ,2.047609,-0.32215886
      ,      ,2.057622,1.67829975
      ,      ,2.067634,3.67875836
      ,      ,2.077647,0.67807045
      ,      ,2.087660,2.67852906
      ,      ,2.097673,-0.32215886
      ,      ,2.107685,1.67829975
      ,      ,2.117698,2.67852906
      ,      ,2.127711,-1.32238816
      ,      ,2.137724,-1.32238816
      ,      ,2.147736,0.67807045
      ,      ,2.157749,-2.32261746
      ,      ,2.167762,0.67807045
      ,      ,2.177775,-0.32215886
      ,      ,2.187787,-0.32215886
      ,      ,2.197800,-3.32284677
      ,      ,2.207813,-3.32284677
      ,      ,2.217826,-1.32238816
      ,      ,2.227838,2.67852906
      ,      ,2.237851,-0.32215886
      ,      ,2.247864,-1.32238816
      ,      ,2.257877,-2.32261746
      ,      ,2.267889,0.67807045
      ,      ,2.277902,-2.32261746
      ,      ,2.287915,3.67875836
      ,      ,2.297928,1.67829975
      ,      ,2.307940,2.67852906
      ,      ,2.317953,-1.32238816
      ,      ,2.327966,-0.32215886
      ,      ,2.337979,-3.32284677
      ,      ,2.347991,-0.32215886
      ,      ,2.358004,0.67807045
      ,      ,2.368017,1.67829975
      ,      ,2.378030,0.67807045
      ,      ,2.388043,0.67807045
      ,      ,2.398055,-0.32215886
      ,      ,2.408068,-0.32215886
      ,      ,2.418081,2.67852906
      ,      ,2.428094,0.67807045
      ,      ,2.438106,-3.32284677
      ,      ,2.448119,1.67829975
      ,      ,2.458132,-2.32261746
      ,      ,2.468145,-7.32376398
      ,      ,2.478157,-3.32284677
      ,      ,2.488170,1.67829975
      ,      ,2.498183,-3.32284677
      ,      ,2.508196,-2.32261746
      ,      ,2.518208,-1.32238816
      ,      ,2.528221,-1.32238816
      ,      ,2.538234,-0.32215886
      ,      ,2.548247,-0.32215886
      ,      ,2.558259,-0.32215886
      ,      ,2.568272,-4.32307607
      ,      ,2.578285,-0.32215886
      ,      ,2.588298,1.67829975
      ,      ,2.598310,0.67807045
      ,      ,2.608323,3.67875836
      ,      ,2.618336,1.67829975
      ,      ,2.628349,-1.32238816
      ,      ,2.638361,3.67875836
      ,      ,2.648374,-0.32215886
      ,      ,2.658387,1.67829975
      ,      ,2.668400,0.67807045
      ,      ,2.678412,1.67829975
      ,      ,2.688425,-0.32215886
      ,      ,2.698438,3.67875836
      ,      ,2.708451,-0.32215886
      ,      ,2.718463,-3.32284677
      ,      ,2.728476,2.67852906
      ,      ,2.738489,-0.32215886
      ,      ,2.748502,0.67807045
      ,      ,2.758515,-2.32261746
      ,      ,2.768527,-0.32215886
      ,      ,2.778540,-0.32215886
      ,      ,2.788553,-0.32215886
      ,      ,2.798566,0.67807045
      ,      ,2.808578,-1.32238816
      ,      ,2.818591,-2.32261746
      ,      ,2.828604,2.67852906
      ,      ,2.838617,-2.32261746
      ,      ,2.848629,0.67807045
      ,      ,2.858642,-2.32261746
      ,      ,2.868655,-1.32238816
      ,      ,2.878668,0.67807045
      ,      ,2.888680,1.67829975
      ,      ,2.898693,-3.32284677
      ,      ,2.908706,-2.32261746
      ,      ,2.918719,-2.32261746
      ,      ,2.928731,0.67807045
      ,      ,2.938744,-0.32215886
      ,      ,2.948757,1.67829975
      ,      ,2.958770,0.67807045
      ,      ,2.968782,-1.32238816
      ,      ,2.978795,1.67829975
      ,      ,2.988808,4.67898766
      ,      ,2.998821,-0.32215886
      ,      ,3.008833,2.67852906
      ,      ,3.018846,-1.32238816
      ,      ,3.028859,-0.32215886
      ,      ,3.038872,-0.32215886
      ,      ,3.048884,0.67807045
      ,      ,3.058897,3.67875836
      ,      ,3.068910,0.67807045
      ,      ,3.078923,2.67852906
      ,      ,3.088935,-1.32238816
      ,      ,3.098948,0.67807045
      ,      ,3.108961,0.67807045
      ,      ,3.118974,-1.32238816
      ,      ,3.128987,1.67829975
      ,      ,3.138999,0.67807045
      ,      ,3.149012,0.67807045
      ,      ,3.159025,0.67807045
      ,      ,3.169038,3.67875836
      ,      ,3.179050,-0.32215886
      ,      ,3.189063,0.67807045
      ,      ,3.199076,-1.32238816
      ,      ,3.209089,-0.32215886
      ,      ,3.219101,0.67807045
      ,      ,3.229114,1.67829975
      ,      ,3.239127,1.67829975
      ,      ,3.249140,-2.32261746
      ,      ,3.259152,3.67875836
      ,      ,3.269165,-1.32238816
      ,      ,3.279178,-1.32238816
      ,      ,3.289191,1.67829975
      ,      ,3.299203,0.67807045
      ,      ,3.309216,3.67875836
      ,      ,3.319229,0.67807045
      ,      ,3.329242,1.67829975
      ,      ,3.339254,-1.32238816
      ,      ,3.349267,-3.32284677
      ,      ,3.359280,0.67807045
      ,      ,3.369293,-4.32307607
      ,      ,3.379305,1.67829975
      ,      ,3.389318,1.67829975
      ,      ,3.399331,2.67852906
      ,      ,3.409344,-0.32215886
      ,      ,3.419356,0.67807045
      ,      ,3.429369,-1.32238816
      ,      ,3.439382,2.67852906
      ,      ,3.449395,-0.32215886
      ,      ,3.459407,0.67807045
      ,      ,3.469420,0.67807045
      ,      ,3.479433,3.67875836
      ,      ,3.489446,-0.32215886
      ,      ,3.499459,0.67807045
      ,      ,3.509471,0.67807045
      ,      ,3.519484,0.67807045
      ,      ,3.529497,-0.32215886
      ,      ,3.539510,0.67807045
      ,      ,3.549522,-0.32215886
      ,      ,3.559535,-1.32238816
      ,      ,3.569548,-0.32215886
      ,      ,3.579561,2.67852906
      ,      ,3.589573,-2.32261746
      ,      ,3.599586,-0.32215886
      ,      ,3.609599,-0.32215886
      ,      ,3.619612,1.67829975
      ,      ,3.629624,1.67829975
      ,      ,3.639637,1.67829975
      ,      ,3.649650,2.67852906
      ,      ,3.659663,0.67807045
      ,      ,3.669675,1.67829975
      ,      ,3.679688,-1.32238816
      ,      ,3.689701,-2.32261746
      ,      ,3.699714,0.67807045
      ,      ,3.709726,0.67807045
      ,      ,3.719739,-1.32238816
      ,      ,3.729752,-0.32215886
      ,      ,3.739765,-0.32215886
      ,      ,3.749777,0.67807045
      ,      ,3.759790,0.67807045
      ,      ,3.769803,-0.32215886
      ,      ,3.779816,-1.32238816
      ,      ,3.789828,-0.32215886
      ,      ,3.799841,-0.32215886
      ,      ,3.809854,-0.32215886
      ,      ,3.819867,-0.32215886
      ,      ,3.829879,-0.32215886
      ,      ,3.839892,-1.32238816
      ,      ,3.849905,-1.32238816
      ,      ,3.859918,-0.32215886
      ,      ,3.869931,1.67829975
      ,      ,3.879943,0.67807045
      ,      ,3.889956,0.67807045
      ,      ,3.899969,1.67829975
      ,      ,3.909982,-1.32238816
      ,      ,3.919994,-0.32215886
      ,      ,3.930007,0.67807045
      ,      ,3.940020,1.67829975
      ,      ,3.950033,0.67807045
      ,      ,3.960045,0.67807045
      ,      ,3.970058,2.67852906
      ,      ,3.980071,1.67829975
      ,      ,3.990084,1.67829975
      ,      ,4.000096,0.67807045
      ,      ,4.010109,0.67807045
      ,      ,4.020122,0.67807045
      ,      ,4.030135,1.67829975
      ,      ,4.040147,-1.32238816
      ,      ,4.050160,2.67852906
      ,      ,4.060173,2.67852906
      ,      ,4.070186,-1.32238816
      ,      ,4.080198,0.67807045
      ,      ,4.090211,-0.32215886
      ,      ,4.100224,-0.32215886
      ,      ,4.110237,2.67852906
      ,      ,4.120249,1.67829975
      ,      ,4.130262,-1.32238816
      ,      ,4.140275,-1.32238816
      ,      ,4.150288,1.67829975
      ,      ,4.160300,2.67852906
      ,      ,4.170313,-0.32215886
      ,      ,4.180326,-2.32261746
      ,      ,4.190339,-0.32215886
      ,      ,4.200352,-0.32215886
      ,      ,4.210364,-0.32215886
      ,      ,4.220377,1.67829975
      ,      ,4.230390,-2.32261746
      ,      ,4.240403,-0.32215886
      ,      ,4.250415,-1.32238816
      ,      ,4.260428,-2.32261746
      ,      ,4.270441,0.67807045
      ,      ,4.280454,0.67807045
      ,      ,4.290466,-0.32215886
      ,      ,4.300479,0.67807045
      ,      ,4.310492,0.67807045
      ,      ,4.320505,-0.32215886
      ,      ,4.330517,-3.32284677
      ,      ,4.340530,1.67829975
      ,      ,4.350543,0.67807045
      ,      ,4.360556,-0.32215886
      ,      ,4.370568,0.67807045
      ,      ,4.380581,1.67829975
      ,      ,4.390594,-0.32215886
      ,      ,4.400607,-0.32215886
      ,      ,4.410619,-0.32215886
      ,      ,4.420632,-1.32238816
      ,      ,4.430645,1.67829975
      ,      ,4.440658,0.67807045
      ,      ,4.450670,-2.32261746
      ,      ,4.460683,-0.32215886
      ,      ,4.470696,0.67807045
      ,      ,4.480709,0.67807045
      ,      ,4.490721,1.67829975
      ,      ,4.500734,2.67852906
      ,      ,4.510747,-0.32215886
      ,      ,4.520760,-1.32238816
      ,      ,4.530772,-0.32215886
      ,      ,4.540785,-1.32238816
      ,      ,4.550798,-0.32215886
      ,      ,4.560811,0.67807045
      ,      ,4.570824,-2.32261746
      ,      ,4.580836,1.67829975
      ,      ,4.590849,2.67852906
      ,      ,4.600862,1.67829975
      ,      ,4.610875,-2.32261746
      ,      ,4.620887,-1.32238816
      ,      ,4.630900,-0.32215886
      ,      ,4.640913,0.67807045
      ,      ,4.650926,-1.32238816
      ,      ,4.660938,0.67807045
      ,      ,4.670951,0.67807045
      ,      ,4.680964,-0.32215886
      ,      ,4.690977,-1.32238816
      ,      ,4.700989,1.67829975
      ,      ,4.711002,0.67807045
      ,      ,4.721015,1.67829975
      ,      ,4.731028,-4.32307607
      ,      ,4.741040,1.67829975
      ,      ,4.751053,-2.32261746
      ,      ,4.761066,2.67852906
      ,      ,4.771079,1.67829975
      ,      ,4.781091,0.67807045
      ,      ,4.791104,-0.32215886
      ,      ,4.801117,-1.32238816
      ,      ,4.811130,-0.32215886
      ,      ,4.821142,-2.32261746
      ,      ,4.831155,-0.32215886
      ,      ,4.841168,0.67807045
      ,      ,4.851181,0.67807045
      ,      ,4.861193,-1.32238816
      ,      ,4.871206,-0.32215886
      ,      ,4.881219,-4.32307607
      ,      ,4.891232,0.67807045
      ,      ,4.901244,-1.32238816
      ,      ,4.911257,0.67807045
      ,      ,4.921270,-0.32215886
      ,      ,4.931283,-0.32215886
      ,      ,4.941296,2.67852906
      ,      ,4.951308,0.67807045
      ,      ,4.961321,1.67829975
      ,      ,4.971334,1.67829975
      ,      ,4.981347,1.67829975
      ,      ,4.991359,0.67807045
      ,      ,5.001372,0.67807045
      ,      ,5.011385,1.67829975
      ,      ,5.021398,-0.32215886
      ,      ,5.031410,-1.32238816
      ,      ,5.041423,-1.32238816
      ,      ,5.051436,1.67829975
      ,      ,5.061449,-0.32215886
      ,      ,5.071461,0.67807045
      ,      ,5.081474,-1.32238816
      ,      ,5.091487,0.67807045
      ,      ,5.101500,0.67807045
      ,      ,5.111512,2.67852906
      ,      ,5.121525,1.67829975
      ,      ,5.131538,-0.32215886
      ,      ,5.141551,1.67829975
      ,      ,5.151563,-1.32238816
      ,      ,5.161576,-1.32238816
      ,      ,5.171589,0.67807045
      ,      ,5.181602,-2.32261746
      ,      ,5.191614,-2.32261746
      ,      ,5.201627,0.67807045
      ,      ,5.211640,0.67807045
      ,      ,5.221653,-0.32215886
      ,      ,5.231665,1.67829975
      ,      ,5.241678,2.67852906
      ,      ,5.251691,-1.32238816
      ,      ,5.261704,0.67807045
      ,      ,5.271716,-0.32215886
      ,      ,5.281729,-0.32215886
      ,      ,5.291742,1.67829975
      ,      ,5.301755,-1.32238816
      ,      ,5.311768,-0.32215886
      ,      ,5.321780,0.67807045
      ,      ,5.331793,-0.32215886
      ,      ,5.341806,0.67807045
      ,      ,5.351819,-1.32238816
      ,      ,5.361831,0.67807045
      ,      ,5.371844,2.67852906
      ,      ,5.381857,0.67807045
      ,      ,5.391870,-0.32215886
      ,      ,5.401882,0.67807045
      ,      ,5.411895,0.67807045
      ,      ,5.421908,0.67807045
      ,      ,5.431921,2.67852906
      ,      ,5.441933,0.67807045
      ,      ,5.451946,0.67807045
      ,      ,5.461959,0.67807045
      ,      ,5.471972,0.67807045
      ,      ,5.481984,-0.32215886
      ,      ,5.491997,0.67807045
      ,      ,5.502010,-0.32215886
      ,      ,5.512023,1.67829975
      ,      ,5.522035,2.67852906
      ,      ,5.532048,-1.32238816
      ,      ,5.542061,1.67829975
      ,      ,5.552074,-0.32215886
      ,      ,5.562086,-0.32215886
      ,      ,5.572099,1.67829975
      ,      ,5.582112,0.67807045
      ,      ,5.592125,1.67829975
      ,      ,5.602137,1.67829975
      ,      ,5.612150,0.67807045
      ,      ,5.622163,1.67829975
      ,      ,5.632176,-0.32215886
      ,      ,5.642188,-0.32215886
      ,      ,5.652201,-1.32238816
      ,      ,5.662214,-1.32238816
      ,      ,5.672227,1.67829975
      ,      ,5.682240,0.67807045
      ,      ,5.692252,-0.32215886
      ,      ,5.702265,0.67807045
      ,      ,5.712278,-2.32261746
      ,      ,5.722291,1.67829975
      ,      ,5.732303,-1.32238816
      ,      ,5.742316,-0.32215886
      ,      ,5.752329,-0.32215886
      ,      ,5.762342,-0.32215886
      ,      ,5.772354,-1.32238816
      ,      ,5.782367,0.67807045
      ,      ,5.792380,1.67829975
      ,      ,5.802393,-0.32215886
      ,      ,5.812405,-0.32215886
      ,      ,5.822418,-1.32238816
      ,      ,5.832431,0.67807045
      ,      ,5.842444,0.67807045
      ,      ,5.852456,0.67807045
      ,      ,5.862469,0.67807045
      ,      ,5.872482,0.67807045
      ,      ,5.882495,1.67829975
      ,      ,5.892507,0.67807045
      ,      ,5.902520,1.67829975
      ,      ,5.912533,0.67807045
      ,      ,5.922546,2.67852906
      ,      ,5.932558,0.67807045
      ,      ,5.942571,-0.32215886
      ,      ,5.952584,2.67852906
      ,      ,5.962597,2.67852906
      ,      ,5.972609,0.67807045
      ,      ,5.982622,0.67807045
      ,      ,5.992635,-0.32215886
      ,      ,6.002648,-0.32215886
      ,      ,6.012660,-1.32238816
      ,      ,6.022673,0.67807045
      ,      ,6.032686,-1.32238816
      ,      ,6.042699,-1.32238816
      ,      ,6.052712,0.67807045
      ,      ,6.062724,2.67852906
      ,      ,6.072737,-1.32238816
      ,      ,6.082750,1.67829975
      ,      ,6.092763,-0.32215886
      ,      ,6.102775,-1.32238816
      ,      ,6.112788,0.67807045
      ,      ,6.122801,-0.32215886
      ,      ,6.132814,0.67807045
      ,      ,6.142826,1.67829975
      ,      ,6.152839,-1.32238816
      ,      ,6.162852,-0.32215886
      ,      ,6.172865,2.67852906
      ,      ,6.182877,0.67807045
      ,      ,6.192890,-1.32238816
      ,      ,6.202903,0.67807045
      ,      ,6.212916,1.67829975
      ,      ,6.222928,0.67807045
      ,      ,6.232941,0.67807045
      ,      ,6.242954,-0.32215886
      ,      ,6.252967,2.67852906
      ,      ,6.262979,-0.32215886
      ,      ,6.272992,-0.32215886
      ,      ,6.283005,0.67807045
      ,      ,6.293018,-1.32238816
      ,      ,6.303030,0.67807045
      ,      ,6.313043,0.67807045
      ,      ,6.323056,-1.32238816
      ,      ,6.333069,0.67807045
      ,      ,6.343081,-0.32215886
      ,      ,6.353094,1.67829975
      ,      ,6.363107,-0.32215886
      ,      ,6.373120,-0.32215886
      ,      ,6.383132,1.67829975
      ,      ,6.393145,-0.32215886
      ,      ,6.403158,1.67829975
      ,      ,6.413171,0.67807045
      ,      ,6.423184,0.67807045
      ,      ,6.433196,0.67807045
      ,      ,6.443209,0.67807045
      ,      ,6.453222,1.67829975
      ,      ,6.463235,-0.32215886
      ,      ,6.473247,0.67807045
      ,      ,6.483260,0.67807045
      ,      ,6.493273,1.67829975
      ,      ,6.503286,-1.32238816
      ,      ,6.513298,0.67807045
      ,      ,6.523311,1.67829975
      ,      ,6.533324,1.67829975
      ,      ,6.543337,-0.32215886
      ,      ,6.553349,-1.32238816
      ,      ,6.563362,0.67807045
      ,      ,6.573375,1.67829975
      ,      ,6.583388,-1.32238816
      ,      ,6.593400,-0.32215886
      ,      ,6.603413,-0.32215886
      ,      ,6.613426,0.67807045
      ,      ,6.623439,1.67829975
      ,      ,6.633451,2.67852906
      ,      ,6.643464,0.67807045
      ,      ,6.653477,1.67829975
      ,      ,6.663490,0.67807045
      ,      ,6.673502,-0.32215886
      ,      ,6.683515,-0.32215886
      ,      ,6.693528,-4.32307607
      ,      ,6.703541,-1.32238816
      ,      ,6.713553,-1.32238816
      ,      ,6.723566,-0.32215886
      ,      ,6.733579,-0.32215886
      ,      ,6.743592,-1.32238816
      ,      ,6.753605,0.67807045
      ,      ,6.763617,-3.32284677
      ,      ,6.773630,-2.32261746
      ,      ,6.783643,-0.32215886
      ,      ,6.793656,-2.32261746
      ,      ,6.803668,-3.32284677
      ,      ,6.813681,-0.32215886
      ,      ,6.823694,-3.32284677
      ,      ,6.833707,-2.32261746
      ,      ,6.843719,-0.32215886
      ,      ,6.853732,-1.32238816
      ,      ,6.863745,-1.32238816
      ,      ,6.873758,-1.32238816
      ,      ,6.883770,-1.32238816
      ,      ,6.893783,-4.32307607
      ,      ,6.903796,-1.32238816
      ,      ,6.913809,-1.32238816
      ,      ,6.923821,-0.32215886
      ,      ,6.933834,-1.32238816
      ,      ,6.943847,1.67829975
      ,      ,6.953860,-1.32238816
      ,      ,6.963872,-1.32238816
      ,      ,6.973885,-3.32284677
      ,      ,6.983898,-1.32238816
      ,      ,6.993911,-1.32238816
      ,      ,7.003923,-3.32284677
      ,      ,7.013936,-3.32284677
      ,      ,7.023949,-1.32238816
      ,      ,7.033962,0.67807045
      ,      ,7.043974,-3.32284677
      ,      ,7.053987,-0.32215886
      ,      ,7.064000,-1.32238816
      ,      ,7.074013,-2.32261746
      ,      ,7.084025,-1.32238816
      ,      ,7.094038,-1.32238816
      ,      ,7.104051,-1.32238816
      ,      ,7.114064,-5.32330537
      ,      ,7.124077,-1.32238816
      ,      ,7.134089,-1.32238816
      ,      ,7.144102,-1.32238816
      ,      ,7.154115,-0.32215886
      ,      ,7.164128,-1.32238816
      ,      ,7.174140,0.67807045
      ,      ,7.184153,0.67807045
      ,      ,7.194166,-0.32215886
      ,      ,7.204179,-1.32238816
      ,      ,7.214191,0.67807045
      ,      ,7.224204,-1.32238816
      ,      ,7.234217,-0.32215886
      ,      ,7.244230,-1.32238816
      ,      ,7.254242,-1.32238816
      ,      ,7.264255,2.67852906
      ,      ,7.274268,0.67807045
      ,      ,7.284281,1.67829975
      ,      ,7.294293,1.67829975
      ,      ,7.304306,-0.32215886
      ,      ,7.314319,-1.32238816
      ,      ,7.324332,1.67829975
      ,      ,7.334344,0.67807045
      ,      ,7.344357,-0.32215886
      ,      ,7.354370,-0.32215886
      ,      ,7.364383,-0.32215886
      ,      ,7.374395,-2.32261746
      ,      ,7.384408,-2.32261746
      ,      ,7.394421,0.67807045
      ,      ,7.404434,-2.32261746
      ,      ,7.414446,-1.32238816
      ,      ,7.424459,0.67807045
      ,      ,7.434472,1.67829975
      ,      ,7.444485,-1.32238816
      ,      ,7.454497,-0.32215886
      ,      ,7.464510,1.67829975
      ,      ,7.474523,-0.32215886
      ,      ,7.484536,-0.32215886
      ,      ,7.494549,1.67829975
      ,      ,7.504561,-0.32215886
      ,      ,7.514574,0.67807045
      ,      ,7.524587,-1.32238816
      ,      ,7.534600,-0.32215886
      ,      ,7.544612,-0.32215886
      ,      ,7.554625,0.67807045
      ,      ,7.564638,0.67807045
      ,      ,7.574651,0.67807045
      ,      ,7.584663,-0.32215886
      ,      ,7.594676,1.67829975
      ,      ,7.604689,-1.32238816
      ,      ,7.614702,-0.32215886
      ,      ,7.624714,-0.32215886
      ,      ,7.634727,-1.32238816
      ,      ,7.644740,0.67807045
      ,      ,7.654753,1.67829975
      ,      ,7.664765,2.67852906
      ,      ,7.674778,1.67829975
      ,      ,7.684791,-1.32238816
      ,      ,7.694804,0.67807045
      ,      ,7.704816,0.67807045
      ,      ,7.714829,-0.32215886
      ,      ,7.724842,0.67807045
      ,      ,7.734855,1.67829975
      ,      ,7.744867,1.67829975
      ,      ,7.754880,-0.32215886
      ,      ,7.764893,0.67807045
      ,      ,7.774906,0.67807045
      ,      ,7.784918,-0.32215886
      ,      ,7.794931,0.67807045
      ,      ,7.804944,2.67852906
      ,      ,7.814957,-0.32215886
      ,      ,7.824969,-2.32261746
      ,      ,7.834982,0.67807045
      ,      ,7.844995,-1.32238816
      ,      ,7.855008,0.67807045
      ,      ,7.865021,-1.32238816
      ,      ,7.875033,3.67875836
      ,      ,7.885046,-0.32215886
      ,      ,7.895059,-1.32238816
      ,      ,7.905072,2.67852906
      ,      ,7.915084,0.67807045
      ,      ,7.925097,-0.32215886
      ,      ,7.935110,1.67829975
      ,      ,7.945123,2.67852906
      ,      ,7.955135,0.67807045
      ,      ,7.965148,0.67807045
      ,      ,7.975161,0.67807045
      ,      ,7.985174,-0.32215886
      ,      ,7.995186,-0.32215886
      ,      ,8.005199,0.67807045
      ,      ,8.015212,1.67829975
      ,      ,8.025225,-1.32238816
      ,      ,8.035237,0.67807045
      ,      ,8.045250,0.67807045
      ,      ,8.055263,-1.32238816
      ,      ,8.065276,-0.32215886
      ,      ,8.075288,0.67807045
      ,      ,8.085301,-0.32215886
      ,      ,8.095314,1.67829975
      ,      ,8.105327,-0.32215886
      ,      ,8.115339,-0.32215886
      ,      ,8.125352,0.67807045
      ,      ,8.135365,-0.32215886
      ,      ,8.145378,-0.32215886
      ,      ,8.155390,-1.32238816
      ,      ,8.165403,0.67807045
      ,      ,8.175416,0.67807045
      ,      ,8.185429,-0.32215886
      ,      ,8.195441,0.67807045
      ,      ,8.205454,0.67807045
      ,      ,8.215467,1.67829975
      ,      ,8.225480,-1.32238816
      ,      ,8.235493,0.67807045
      ,      ,8.245505,0.67807045
      ,      ,8.255518,-1.32238816
      ,      ,8.265531,1.67829975
      ,      ,8.275544,-1.32238816
      ,      ,8.285556,0.67807045
      ,      ,8.295569,0.67807045
      ,      ,8.305582,0.67807045
      ,      ,8.315595,-2.32261746
      ,      ,8.325607,1.67829975
      ,      ,8.335620,2.67852906
      ,      ,8.345633,1.67829975
      ,      ,8.355646,0.67807045
      ,      ,8.365658,2.67852906
      ,      ,8.375671,-0.32215886
      ,      ,8.385684,1.67829975
      ,      ,8.395697,3.67875836
      ,      ,8.405709,0.67807045
      ,      ,8.415722,1.67829975
      ,      ,8.425735,0.67807045
      ,      ,8.435748,0.67807045
      ,      ,8.445760,1.67829975
      ,      ,8.455773,-0.32215886
      ,      ,8.465786,0.67807045
      ,      ,8.475799,-0.32215886
      ,      ,8.485811,1.67829975
      ,      ,8.495824,2.67852906
      ,      ,8.505837,1.67829975
      ,      ,8.515850,0.67807045
      ,      ,8.525862,1.67829975
      ,      ,8.535875,-1.32238816
      ,      ,8.545888,1.67829975
      ,      ,8.555901,2.67852906
      ,      ,8.565913,2.67852906
      ,      ,8.575926,1.67829975
      ,      ,8.585939,2.67852906
      ,      ,8.595952,1.67829975
      ,      ,8.605965,0.67807045
      ,      ,8.615977,2.67852906
      ,      ,8.625990,2.67852906
      ,      ,8.636003,1.67829975
      ,      ,8.646016,0.67807045
      ,      ,8.656028,-0.32215886
      ,      ,8.666041,0.67807045
      ,      ,8.676054,1.67829975
      ,      ,8.686067,2.67852906
      ,      ,8.696079,0.67807045
      ,      ,8.706092,0.67807045
      ,      ,8.716105,0.67807045
      ,      ,8.726118,1.67829975
      ,      ,8.736130,2.67852906
      ,      ,8.746143,1.67829975
      ,      ,8.756156,0.67807045
      ,      ,8.766169,0.67807045
      ,      ,8.776181,1.67829975
      ,      ,8.786194,4.67898766
      ,      ,8.796207,1.67829975
      ,      ,8.806220,1.67829975
      ,      ,8.816232,1.67829975
      ,      ,8.826245,-0.32215886
      ,      ,8.836258,0.67807045
      ,      ,8.846271,1.67829975
      ,      ,8.856283,-0.32215886
      ,      ,8.866296,0.67807045
      ,      ,8.876309,0.67807045
      ,      ,8.886322,0.67807045
      ,      ,8.896334,1.67829975
      ,      ,8.906347,-0.32215886
      ,      ,8.916360,2.67852906
      ,      ,8.926373,1.67829975
      ,      ,8.936385,0.67807045
      ,      ,8.946398,-1.32238816
      ,      ,8.956411,3.67875836
      ,      ,8.966424,3.67875836
      ,      ,8.976437,2.67852906
      ,      ,8.986449,0.67807045
      ,      ,8.996462,2.67852906
      ,      ,9.006475,2.67852906
      ,      ,9.016488,2.67852906
      ,      ,9.026500,2.67852906
      ,      ,9.036513,0.67807045
      ,      ,9.046526,1.67829975
      ,      ,9.056539,4.67898766
      ,      ,9.066551,2.67852906
      ,      ,9.076564,1.67829975
      ,      ,9.086577,1.67829975
      ,      ,9.096590,3.67875836
      ,      ,9.106602,2.67852906
      ,      ,9.116615,3.67875836
      ,      ,9.126628,3.67875836
      ,      ,9.136641,0.67807045
      ,      ,9.146653,2.67852906
      ,      ,9.156666,2.67852906
      ,      ,9.166679,1.67829975
      ,      ,9.176692,1.67829975
      ,      ,9.186704,1.67829975
      ,      ,9.196717,2.67852906
      ,      ,9.206730,0.67807045
      ,      ,9.216743,2.67852906
      ,      ,9.226755,-0.32215886
      ,      ,9.236768,0.67807045
      ,      ,9.246781,-0.32215886
      ,      ,9.256794,-2.32261746
      ,      ,9.266806,-3.32284677
      ,      ,9.276819,-7.32376398
      ,      ,9.286832,-6.32353468
      ,      ,9.296845,-5.32330537
      ,      ,9.306857,-7.32376398
      ,      ,9.316870,-8.32399328
      ,      ,9.326883,-6.32353468
      ,      ,9.336896,-4.32307607
      ,      ,9.346909,-1.32238816
      ,      ,9.356921,0.67807045
      ,      ,9.366934,-2.32261746
      ,      ,9.376947,-1.32238816
      ,      ,9.386960,-0.32215886
      ,      ,9.396972,-0.32215886
      ,      ,9.406985,1.67829975
      ,      ,9.416998,0.67807045
      ,      ,9.427011,-2.32261746
      ,      ,9.437023,-1.32238816
      ,      ,9.447036,0.67807045
      ,      ,9.457049,-2.32261746
      ,      ,9.467062,-1.32238816
      ,      ,9.477074,0.67807045
      ,      ,9.487087,-4.32307607
      ,      ,9.497100,-4.32307607
      ,      ,9.507113,-4.32307607
      ,      ,9.517125,-1.32238816
      ,      ,9.527138,-2.32261746
      ,      ,9.537151,-0.32215886
      ,      ,9.547164,-1.32238816
      ,      ,9.557176,0.67807045
      ,      ,9.567189,3.67875836
      ,      ,9.577202,6.67944627
      ,      ,9.587215,5.67921697
      ,      ,9.597227,7.67967557
      ,      ,9.607240,6.67944627
      ,      ,9.617253,5.67921697
      ,      ,9.627266,5.67921697
      ,      ,9.637278,5.67921697
      ,      ,9.647291,6.67944627
      ,      ,9.657304,6.67944627
      ,      ,9.667317,7.67967557
      ,      ,9.677330,6.67944627
      ,      ,9.687342,6.67944627
      ,      ,9.697355,6.67944627
      ,      ,9.707368,4.67898766
      ,      ,9.717381,3.67875836
      ,      ,9.727393,1.67829975
      ,      ,9.737406,2.67852906
      ,      ,9.747419,0.67807045
      ,      ,9.757432,3.67875836
      ,      ,9.767444,0.67807045
      ,      ,9.777457,-0.32215886
      ,      ,9.787470,-0.32215886
      ,      ,9.797483,-2.32261746
      ,      ,9.807495,-3.32284677
      ,      ,9.817508,-0.32215886
      ,      ,9.827521,-0.32215886
      ,      ,9.837534,-3.32284677
      ,      ,9.847546,-2.32261746
      ,      ,9.857559,-1.32238816
      ,      ,9.867572,-0.32215886
      ,      ,9.877585,1.67829975
      ,      ,9.887597,3.67875836
      ,      ,9.897610,3.67875836
      ,      ,9.907623,6.67944627
      ,      ,9.917636,7.67967557
      ,      ,9.927648,9.68013418
      ,      ,9.937661,9.68013418
      ,      ,9.947674,12.68082209
      ,      ,9.957687,14.68128070
      ,      ,9.967699,15.68151000
      ,      ,9.977712,19.68242721
      ,      ,9.987725,20.68265652
      ,      ,9.997738,22.68311512
      ,      ,10.007750,22.68311512
      ,      ,10.017763,24.68357373
      ,      ,10.027776,24.68357373
      ,      ,10.037789,27.68426164
      ,      ,10.047802,29.68472025
      ,      ,10.057814,35.68609607
      ,      ,10.067827,34.68586677
      ,      ,10.077840,28.68449095
      ,      ,10.087853,26.68403234
      ,      ,10.097865,15.68151000
      ,      ,10.107878,0.67807045
      ,      ,10.117891,4.67898766
      ,      ,10.127904,48.68907701
      ,      ,10.137916,46.68861841
      ,      ,10.147929,50.68953562
      ,      ,10.157942,51.68976493
      ,      ,10.167955,49.68930632
      ,      ,10.177967,52.68999423
      ,      ,10.187980,54.69045284
      ,      ,10.197993,53.69022353
      ,      ,10.208006,55.69068214
      ,      ,10.218018,57.69114075
      ,      ,10.228031,54.69045284
      ,      ,10.238044,56.69091144
      ,      ,10.248057,57.69114075
      ,      ,10.258069,57.69114075
      ,      ,10.268082,56.69091144
      ,      ,10.278095,54.69045284
      ,      ,10.288108,53.69022353
      ,      ,10.298120,52.68999423
      ,      ,10.308133,49.68930632
      ,      ,10.318146,48.68907701
      ,      ,10.328159,46.68861841
      ,      ,10.338171,46.68861841
      ,      ,10.348184,44.68815980
      ,      ,10.358197,43.68793050
      ,      ,10.368210,42.68770119
      ,      ,10.378222,39.68701328
      ,      ,10.388235,37.68655468
      ,      ,10.398248,39.68701328
      ,      ,10.408261,37.68655468
      ,      ,10.418274,36.68632537
      ,      ,10.428286,34.68586677
      ,      ,10.438299,34.68586677
      ,      ,10.448312,34.68586677
      ,      ,10.458325,28.68449095
      ,      ,10.468337,28.68449095
      ,      ,10.478350,26.68403234
      ,      ,10.488363,20.68265652
      ,      ,10.498376,20.68265652
      ,      ,10.508388,22.68311512
      ,      ,10.518401,15.68151000
      ,      ,10.528414,14.68128070
      ,      ,10.538427,11.68059279
      ,      ,10.548439,11.68059279
      ,      ,10.558452,11.68059279
      ,      ,10.568465,9.68013418
      ,      ,10.578478,8.67990488
      ,      ,10.588490,8.67990488
      ,      ,10.598503,6.67944627
      ,      ,10.608516,6.67944627
      ,      ,10.618529,3.67875836
      ,      ,10.628541,1.67829975
      ,      ,10.638554,2.67852906
      ,      ,10.648567,2.67852906
      ,      ,10.658580,3.67875836
      ,      ,10.668592,6.67944627
      ,      ,10.678605,6.67944627
      ,      ,10.688618,6.67944627
      ,      ,10.698631,2.67852906
      ,      ,10.708643,2.67852906
      ,      ,10.718656,2.67852906
      ,      ,10.728669,4.67898766
      ,      ,10.738682,0.67807045
      ,      ,10.748694,1.67829975
      ,      ,10.758707,2.67852906
      ,      ,10.768720,2.67852906
      ,      ,10.778733,-0.32215886
      ,      ,10.788746,0.67807045
      ,      ,10.798758,2.67852906
      ,      ,10.808771,-1.32238816
      ,      ,10.818784,-1.32238816
      ,      ,10.828797,-2.32261746
      ,      ,10.838809,-5.32330537
      ,      ,10.848822,-5.32330537
      ,      ,10.858835,-5.32330537
      ,      ,10.868848,-4.32307607
      ,      ,10.878860,-6.32353468
      ,      ,10.888873,-2.32261746
      ,      ,10.898886,-5.32330537
      ,      ,10.908899,-5.32330537
      ,      ,10.918911,-6.32353468
      ,      ,10.928924,-2.32261746
      ,      ,10.938937,-4.32307607
      ,      ,10.948950,-4.32307607
      ,      ,10.958962,-4.32307607
      ,      ,10.968975,-6.32353468
      ,      ,10.978988,-4.32307607
      ,      ,10.989001,-4.32307607
      ,      ,10.999013,-1.32238816
      ,      ,11.009026,-1.32238816
      ,      ,11.019039,-2.32261746
      ,      ,11.029052,-3.32284677
      ,      ,11.039064,-3.32284677
      ,      ,11.049077,-4.32307607
      ,      ,11.059090,-3.32284677
      ,      ,11.069103,-6.32353468
      ,      ,11.079115,-3.32284677
      ,      ,11.089128,-9.32422259
      ,      ,11.099141,-9.32422259
      ,      ,11.109154,-13.32513980
      ,      ,11.119166,-13.32513980
      ,      ,11.129179,-14.32536910
      ,      ,11.139192,-13.32513980
      ,      ,11.149205,-10.32445189
      ,      ,11.159218,-14.32536910
      ,      ,11.169230,-12.32491050
      ,      ,11.179243,-12.32491050
      ,      ,11.189256,-12.32491050
      ,      ,11.199269,-11.32468119
      ,      ,11.209281,-10.32445189
      ,      ,11.219294,-8.32399328
      ,      ,11.229307,-9.32422259
      ,      ,11.239320,-6.32353468
      ,      ,11.249332,-5.32330537
      ,      ,11.259345,-3.32284677
      ,      ,11.269358,1.67829975
      ,      ,11.279371,3.67875836
      ,      ,11.289383,5.67921697
      ,      ,11.299396,5.67921697
      ,      ,11.309409,9.68013418
      ,      ,11.319422,9.68013418
      ,      ,11.329434,9.68013418
      ,      ,11.339447,8.67990488
      ,      ,11.349460,6.67944627
      ,      ,11.359473,5.67921697
      ,      ,11.369485,4.67898766
      ,      ,11.379498,2.67852906
      ,      ,11.389511,3.67875836
      ,      ,11.399524,1.67829975
      ,      ,11.409536,2.67852906
      ,      ,11.419549,2.67852906
      ,      ,11.429562,4.67898766
      ,      ,11.439575,6.67944627
      ,      ,11.449587,3.67875836
      ,      ,11.459600,-0.32215886
      ,      ,11.469613,-0.32215886
      ,      ,11.479626,-0.32215886
      ,      ,11.489638,0.67807045
      ,      ,11.499651,1.67829975
      ,      ,11.509664,2.67852906
      ,      ,11.519677,3.67875836
      ,      ,11.529690,5.67921697
      ,      ,11.539702,5.67921697
      ,      ,11.549715,5.67921697
      ,      ,11.559728,6.67944627
      ,      ,11.569741,5.67921697
      ,      ,11.579753,4.67898766
      ,      ,11.589766,3.67875836
      ,      ,11.599779,3.67875836
      ,      ,11.609792,3.67875836
      ,      ,11.619804,6.67944627
      ,      ,11.629817,4.67898766
      ,      ,11.639830,2.67852906
      ,      ,11.649843,2.67852906
      ,      ,11.659855,5.67921697
      ,      ,11.669868,4.67898766
      ,      ,11.679881,4.67898766
      ,      ,11.689894,4.67898766
      ,      ,11.699906,4.67898766
      ,      ,11.709919,4.67898766
      ,      ,11.719932,5.67921697
      ,      ,11.729945,5.67921697
      ,      ,11.739957,5.67921697
      ,      ,11.749970,3.67875836
      ,      ,11.759983,3.67875836
      ,      ,11.769996,4.67898766
      ,      ,11.780008,3.67875836
      ,      ,11.790021,2.67852906
      ,      ,11.800034,0.67807045
      ,      ,11.810047,0.67807045
      ,      ,11.820059,2.67852906
      ,      ,11.830072,5.67921697
      ,      ,11.840085,7.67967557
      ,      ,11.850098,6.67944627
      ,      ,11.860110,5.67921697
      ,      ,11.870123,6.67944627
      ,      ,11.880136,3.67875836
      ,      ,11.890149,5.67921697
      ,      ,11.900162,4.67898766
      ,      ,11.910174,3.67875836
      ,      ,11.920187,3.67875836
      ,      ,11.930200,4.67898766
      ,      ,11.940213,5.67921697
      ,      ,11.950225,2.67852906
      ,      ,11.960238,1.67829975
      ,      ,11.970251,1.67829975
      ,      ,11.980264,-1.32238816
      ,      ,11.990276,0.67807045
      ,      ,12.000289,-3.32284677
      ,      ,12.010302,-1.32238816
      ,      ,12.020315,-3.32284677
      ,      ,12.030327,-0.32215886
      ,      ,12.040340,-2.32261746
      ,      ,12.050353,-0.32215886
      ,      ,12.060366,0.67807045
      ,      ,12.070378,-0.32215886
      ,      ,12.080391,0.67807045
      ,      ,12.090404,1.67829975
      ,      ,12.100417,3.67875836
      ,      ,12.110429,2.67852906
      ,      ,12.120442,3.67875836
      ,      ,12.130455,4.67898766
      ,      ,12.140468,7.67967557
      ,      ,12.150480,4.67898766
      ,      ,12.160493,10.68036348
      ,      ,12.170506,11.68059279
      ,      ,12.180519,8.67990488
      ,      ,12.190531,8.67990488
      ,      ,12.200544,6.67944627
      ,      ,12.210557,4.67898766
      ,      ,12.220570,9.68013418
      ,      ,12.230583,6.67944627
      ,      ,12.240595,5.67921697
      ,      ,12.250608,3.67875836
      ,      ,12.260621,2.67852906
      ,      ,12.270634,2.67852906
      ,      ,12.280646,2.67852906
      ,      ,12.290659,0.67807045
      ,      ,12.300672,0.67807045
      ,      ,12.310685,-0.32215886
      ,      ,12.320697,1.67829975
      ,      ,12.330710,1.67829975
      ,      ,12.340723,-1.32238816
      ,      ,12.350736,1.67829975
      ,      ,12.360748,-0.32215886
      ,      ,12.370761,-0.32215886
      ,      ,12.380774,-0.32215886
      ,      ,12.390787,0.67807045
      ,      ,12.400799,2.67852906
      ,      ,12.410812,3.67875836
      ,      ,12.420825,6.67944627
      ,      ,12.430838,3.67875836
      ,      ,12.440850,4.67898766
      ,      ,12.450863,5.67921697
      ,      ,12.460876,7.67967557
      ,      ,12.470889,6.67944627
      ,      ,12.480901,6.67944627
      ,      ,12.490914,8.67990488
      ,      ,12.500927,7.67967557
      ,      ,12.510940,7.67967557
      ,      ,12.520952,5.67921697
      ,      ,12.530965,7.67967557
      ,      ,12.540978,7.67967557
      ,      ,12.550991,4.67898766
      ,      ,12.561003,5.67921697
      ,      ,12.571016,4.67898766
      ,      ,12.581029,4.67898766
      ,      ,12.591042,3.67875836
      ,      ,12.601055,3.67875836
      ,      ,12.611067,2.67852906
      ,      ,12.621080,6.67944627
      ,      ,12.631093,5.67921697
      ,      ,12.641106,5.67921697
      ,      ,12.651118,6.67944627
      ,      ,12.661131,6.67944627
      ,      ,12.671144,5.67921697
      ,      ,12.681157,5.67921697
      ,      ,12.691169,6.67944627
      ,      ,12.701182,6.67944627
      ,      ,12.711195,4.67898766
      ,      ,12.721208,4.67898766
      ,      ,12.731220,0.67807045
      ,      ,12.741233,2.67852906
      ,      ,12.751246,3.67875836
      ,      ,12.761259,4.67898766
      ,      ,12.771271,4.67898766
      ,      ,12.781284,3.67875836
      ,      ,12.791297,5.67921697
      ,      ,12.801310,7.67967557
      ,      ,12.811322,5.67921697
      ,      ,12.821335,3.67875836
      ,      ,12.831348,2.67852906
      ,      ,12.841361,3.67875836
      ,      ,12.851373,2.67852906
      ,      ,12.861386,0.67807045
      ,      ,12.871399,1.67829975
      ,      ,12.881412,-1.32238816
      ,      ,12.891424,-1.32238816
      ,      ,12.901437,-3.32284677
      ,      ,12.911450,-2.32261746
      ,      ,12.921463,-3.32284677
      ,      ,12.931475,-0.32215886
      ,      ,12.941488,-0.32215886
      ,      ,12.951501,0.67807045
      ,      ,12.961514,1.67829975
      ,      ,12.971527,4.67898766
      ,      ,12.981539,3.67875836
      ,      ,12.991552,3.67875836
      ,      ,13.001565,5.67921697
      ,      ,13.011578,4.67898766
      ,      ,13.021590,6.67944627
      ,      ,13.031603,6.67944627
      ,      ,13.041616,7.67967557
      ,      ,13.051629,3.67875836
      ,      ,13.061641,7.67967557
      ,      ,13.071654,3.67875836
      ,      ,13.081667,3.67875836
      ,      ,13.091680,5.67921697
      ,      ,13.101692,2.67852906
      ,      ,13.111705,2.67852906
      ,      ,13.121718,5.67921697
      ,      ,13.131731,4.67898766
      ,      ,13.141743,5.67921697
      ,      ,13.151756,5.67921697
      ,      ,13.161769,4.67898766
      ,      ,13.171782,3.67875836
      ,      ,13.181794,1.67829975
      ,      ,13.191807,2.67852906
      ,      ,13.201820,1.67829975
      ,      ,13.211833,3.67875836
      ,      ,13.221845,4.67898766
      ,      ,13.231858,5.67921697
      ,      ,13.241871,5.67921697
      ,      ,13.251884,5.67921697
      ,      ,13.261896,7.67967557
      ,      ,13.271909,7.67967557
      ,      ,13.281922,6.67944627
      ,      ,13.291935,7.67967557
      ,      ,13.301947,5.67921697
      ,      ,13.311960,7.67967557
      ,      ,13.321973,8.67990488
      ,      ,13.331986,3.67875836
      ,      ,13.341999,6.67944627
      ,      ,13.352011,4.67898766
      ,      ,13.362024,2.67852906
      ,      ,13.372037,2.67852906
      ,      ,13.382050,0.67807045
      ,      ,13.392062,1.67829975
      ,      ,13.402075,5.67921697
      ,      ,13.412088,6.67944627
      ,      ,13.422101,5.67921697
      ,      ,13.432113,3.67875836
      ,      ,13.442126,0.67807045
      ,      ,13.452139,-0.32215886
      ,      ,13.462152,-1.32238816
      ,      ,13.472164,-0.32215886
      ,      ,13.482177,-2.32261746
      ,      ,13.492190,0.67807045
      ,      ,13.502203,-0.32215886
      ,      ,13.512215,-2.32261746
      ,      ,13.522228,-1.32238816
      ,      ,13.532241,1.67829975
      ,      ,13.542254,0.67807045
      ,      ,13.552266,-0.32215886
      ,      ,13.562279,-0.32215886
      ,      ,13.572292,-1.32238816
      ,      ,13.582305,-1.32238816
      ,      ,13.592317,-1.32238816
      ,      ,13.602330,-0.32215886
      ,      ,13.612343,-1.32238816
      ,      ,13.622356,-1.32238816
      ,      ,13.632368,-0.32215886
      ,      ,13.642381,0.67807045
      ,      ,13.652394,-0.32215886
      ,      ,13.662407,-0.32215886
      ,      ,13.672419,0.67807045
      ,      ,13.682432,-2.32261746
      ,      ,13.692445,0.67807045
      ,      ,13.702458,-1.32238816
      ,      ,13.712471,-2.32261746
      ,      ,13.722483,0.67807045
      ,      ,13.732496,-0.32215886
      ,      ,13.742509,-0.32215886
      ,      ,13.752522,-0.32215886
      ,      ,13.762534,-2.32261746
      ,      ,13.772547,1.67829975
      ,      ,13.782560,-3.32284677
      ,      ,13.792573,-2.32261746
      ,      ,13.802585,-1.32238816
      ,      ,13.812598,-1.32238816
      ,      ,13.822611,-2.32261746
      ,      ,13.832624,-0.32215886
      ,      ,13.842636,0.67807045
      ,      ,13.852649,-0.32215886
      ,      ,13.862662,-2.32261746
      ,      ,13.872675,0.67807045
      ,      ,13.882687,-1.32238816
      ,      ,13.892700,1.67829975
      ,      ,13.902713,0.67807045
      ,      ,13.912726,0.67807045
      ,      ,13.922738,2.67852906
      ,      ,13.932751,1.67829975
      ,      ,13.942764,2.67852906
      ,      ,13.952777,2.67852906
      ,      ,13.962789,2.67852906
      ,      ,13.972802,1.67829975
      ,      ,13.982815,2.67852906
      ,      ,13.992828,4.67898766
      ,      ,14.002840,2.67852906
      ,      ,14.012853,1.67829975
      ,      ,14.022866,3.67875836
      ,      ,14.032879,1.67829975
      ,      ,14.042891,1.67829975
      ,      ,14.052904,1.67829975
      ,      ,14.062917,0.67807045
      ,      ,14.072930,1.67829975
      ,      ,14.082943,2.67852906
      ,      ,14.092955,4.67898766
      ,      ,14.102968,4.67898766
      ,      ,14.112981,4.67898766
      ,      ,14.122994,4.67898766
      ,      ,14.133006,2.67852906
      ,      ,14.143019,4.67898766
      ,      ,14.153032,2.67852906
      ,      ,14.163045,2.67852906
      ,      ,14.173057,0.67807045
      ,      ,14.183070,2.67852906
      ,      ,14.193083,2.67852906
      ,      ,14.203096,1.67829975
      ,      ,14.213108,2.67852906
      ,      ,14.223121,4.67898766
      ,      ,14.233134,2.67852906
      ,      ,14.243147,3.67875836
      ,      ,14.253159,2.67852906
      ,      ,14.263172,3.67875836
      ,      ,14.273185,6.67944627
      ,      ,14.283198,2.67852906
      ,      ,14.293210,5.67921697
      ,      ,14.303223,5.67921697
      ,      ,14.313236,6.67944627
      ,      ,14.323249,8.67990488
      ,      ,14.333261,7.67967557
      ,      ,14.343274,6.67944627
      ,      ,14.353287,2.67852906
      ,      ,14.363300,4.67898766
      ,      ,14.373312,4.67898766
      ,      ,14.383325,0.67807045
      ,      ,14.393338,2.67852906
      ,      ,14.403351,-0.32215886
      ,      ,14.413363,-0.32215886
      ,      ,14.423376,-0.32215886
      ,      ,14.433389,0.67807045
      ,      ,14.443402,-0.32215886
      ,      ,14.453415,-1.32238816
      ,      ,14.463427,-2.32261746
      ,      ,14.473440,1.67829975
      ,      ,14.483453,-2.32261746
      ,      ,14.493466,-0.32215886
      ,      ,14.503478,-0.32215886
      ,      ,14.513491,0.67807045
      ,      ,14.523504,0.67807045
      ,      ,14.533517,1.67829975
      ,      ,14.543529,1.67829975
      ,      ,14.553542,-0.32215886
      ,      ,14.563555,0.67807045
      ,      ,14.573568,1.67829975
      ,      ,14.583580,-0.32215886
      ,      ,14.593593,0.67807045
      ,      ,14.603606,2.67852906
      ,      ,14.613619,0.67807045
      ,      ,14.623631,-2.32261746
      ,      ,14.633644,-1.32238816
      ,      ,14.643657,-1.32238816
      ,      ,14.653670,-2.32261746
      ,      ,14.663682,-2.32261746
      ,      ,14.673695,-1.32238816
      ,      ,14.683708,0.67807045
      ,      ,14.693721,-2.32261746
      ,      ,14.703733,-0.32215886
      ,      ,14.713746,-1.32238816
      ,      ,14.723759,-2.32261746
      ,      ,14.733772,0.67807045
      ,      ,14.743784,-0.32215886
      ,      ,14.753797,0.67807045
      ,      ,14.763810,1.67829975
      ,      ,14.773823,2.67852906
      ,      ,14.783836,4.67898766
      ,      ,14.793848,5.67921697
      ,      ,14.803861,1.67829975
      ,      ,14.813874,3.67875836
      ,      ,14.823887,3.67875836
      ,      ,14.833899,1.67829975
      ,      ,14.843912,2.67852906
      ,      ,14.853925,1.67829975
      ,      ,14.863938,1.67829975
      ,      ,14.873950,1.67829975
      ,      ,14.883963,-0.32215886
      ,      ,14.893976,0.67807045
      ,      ,14.903989,2.67852906
      ,      ,14.914001,0.67807045
      ,      ,14.924014,1.67829975
      ,      ,14.934027,3.67875836
      ,      ,14.944040,3.67875836
      ,      ,14.954052,4.67898766
      ,      ,14.964065,4.67898766
      ,      ,14.974078,4.67898766
      ,      ,14.984091,8.67990488
      ,      ,14.994103,4.67898766
      ,      ,15.004116,5.67921697
      ,      ,15.014129,7.67967557
      ,      ,15.024142,6.67944627
      ,      ,15.034154,4.67898766
      ,      ,15.044167,2.67852906
      ,      ,15.054180,5.67921697
      ,      ,15.064193,6.67944627
      ,      ,15.074205,4.67898766
      ,      ,15.084218,7.67967557
      ,      ,15.094231,6.67944627
      ,      ,15.104244,6.67944627
      ,      ,15.114256,6.67944627
      ,      ,15.124269,4.67898766
      ,      ,15.134282,7.67967557
      ,      ,15.144295,6.67944627
      ,      ,15.154308,3.67875836
      ,      ,15.164320,6.67944627
      ,      ,15.174333,6.67944627
      ,      ,15.184346,7.67967557
      ,      ,15.194359,3.67875836
      ,      ,15.204371,-4.32307607
      ,      ,15.214384,-11.32468119
      ,      ,15.224397,-12.32491050
      ,      ,15.234410,-13.32513980
      ,      ,15.244422,-8.32399328
      ,      ,15.254435,-0.32215886
      ,      ,15.264448,11.68059279
      ,      ,15.274461,13.68105139
      ,      ,15.284473,10.68036348
      ,      ,15.294486,7.67967557
      ,      ,15.304499,2.67852906
      ,      ,15.314512,3.67875836
      ,      ,15.324524,4.67898766
      ,      ,15.334537,3.67875836
      ,      ,15.344550,1.67829975
      ,      ,15.354563,-0.32215886
      ,      ,15.364575,3.67875836
      ,      ,15.374588,2.67852906
      ,      ,15.384601,3.67875836
      ,      ,15.394614,2.67852906
      ,      ,15.404626,6.67944627
      ,      ,15.414639,3.67875836
      ,      ,15.424652,4.67898766
      ,      ,15.434665,5.67921697
      ,      ,15.444677,4.67898766
      ,      ,15.454690,3.67875836
      ,      ,15.464703,5.67921697
      ,      ,15.474716,5.67921697
      ,      ,15.484728,4.67898766
      ,      ,15.494741,3.67875836
      ,      ,15.504754,12.68082209
      ,      ,15.514767,15.68151000
      ,      ,15.524780,12.68082209
      ,      ,15.534792,5.67921697
      ,      ,15.544805,-4.32307607
      ,      ,15.554818,-14.32536910
      ,      ,15.564831,-23.32743284
      ,      ,15.574843,-32.32949657
      ,      ,15.584856,-38.33087239
      ,      ,15.594869,-46.33270681
      ,      ,15.604882,-48.33316542
      ,      ,15.614894,-43.33201890
      ,      ,15.624907,-33.32972587
      ,      ,15.634920,-18.32628632
      ,      ,15.644933,-3.32284677
      ,      ,15.654945,8.67990488
      ,      ,15.664958,21.68288582
      ,      ,15.674971,28.68449095
      ,      ,15.684984,38.68678398
      ,      ,15.694996,39.68701328
      ,      ,15.705009,34.68586677
      ,      ,15.715022,25.68380304
      ,      ,15.725035,17.68196861
      ,      ,15.735047,8.67990488
      ,      ,15.745060,-3.32284677
      ,      ,15.755073,-10.32445189
      ,      ,15.765086,-12.32491050
      ,      ,15.775098,-17.32605701
      ,      ,15.785111,-15.32559841
      ,      ,15.795124,-12.32491050
      ,      ,15.805137,-11.32468119
      ,      ,15.815149,-5.32330537
      ,      ,15.825162,-0.32215886
      ,      ,15.835175,2.67852906
      ,      ,15.845188,4.67898766
      ,      ,15.855200,5.67921697
      ,      ,15.865213,4.67898766
      ,      ,15.875226,4.67898766
      ,      ,15.885239,6.67944627
      ,      ,15.895252,5.67921697
      ,      ,15.905264,6.67944627
      ,      ,15.915277,8.67990488
      ,      ,15.925290,9.68013418
      ,      ,15.935303,6.67944627
      ,      ,15.945315,7.67967557
      ,      ,15.955328,9.68013418
      ,      ,15.965341,10.68036348
      ,      ,15.975354,7.67967557
      ,      ,15.985366,1.67829975
      ,      ,15.995379,-2.32261746
      ,      ,16.005392,-9.32422259
      ,      ,16.015405,-14.32536910
      ,      ,16.025417,-21.32697423
      ,      ,16.035430,-21.32697423
      ,      ,16.045443,-21.32697423
      ,      ,16.055456,-21.32697423
      ,      ,16.065468,-15.32559841
      ,      ,16.075481,-4.32307607
      ,      ,16.085494,6.67944627
      ,      ,16.095507,16.68173930
      ,      ,16.105519,29.68472025
      ,      ,16.115532,36.68632537
      ,      ,16.125545,36.68632537
      ,      ,16.135558,33.68563746
      ,      ,16.145570,29.68472025
      ,      ,16.155583,15.68151000
      ,      ,16.165596,2.67852906
      ,      ,16.175609,-15.32559841
      ,      ,16.185621,-26.32812075
      ,      ,16.195634,-39.33110169
      ,      ,16.205647,-51.33385333
      ,      ,16.215660,-53.33431194
      ,      ,16.225672,-49.33339473
      ,      ,16.235685,-33.32972587
      ,      ,16.245698,-22.32720353
      ,      ,16.255711,1.67829975
      ,      ,16.265724,19.68242721
      ,      ,16.275736,43.68793050
      ,      ,16.285749,57.69114075
      ,      ,16.295762,66.69320448
      ,      ,16.305775,62.69228726
      ,      ,16.315787,59.69159935
      ,      ,16.325800,40.68724259
      ,      ,16.335813,14.68128070
      ,      ,16.345826,-10.32445189
      ,      ,16.355838,-36.33041378
      ,      ,16.365851,-58.33545846
      ,      ,16.375864,-80.34050313
      ,      ,16.385877,-89.34256686
      ,      ,16.395889,-83.34119104
      ,      ,16.405902,-68.33775149
      ,      ,16.415915,-42.33178960
      ,      ,16.425928,-17.32605701
      ,      ,16.435940,18.68219791
      ,      ,16.445953,51.68976493
      ,      ,16.455966,82.69687333
      ,      ,16.465979,96.70008358
      ,      ,16.475991,103.70168871
      ,      ,16.486004,95.69985428
      ,      ,16.496017,73.69480960
      ,      ,16.506030,45.68838910
      ,      ,16.516042,5.67921697
      ,      ,16.526055,-33.32972587
      ,      ,16.536068,-69.33798079
      ,      ,16.546081,-100.34508920
      ,      ,16.556093,-113.34807015
      ,      ,16.566106,-120.34967527
      ,      ,16.576119,-102.34554781
      ,      ,16.586132,-75.33935662
      ,      ,16.596144,-41.33156030
      ,      ,16.606157,2.67852906
      ,      ,16.616170,50.68953562
      ,      ,16.626183,88.69824915
      ,      ,16.636196,115.70444035
      ,      ,16.646208,130.70787990
      ,      ,16.656221,130.70787990
      ,      ,16.666234,106.70237662
      ,      ,16.676247,73.69480960
      ,      ,16.686259,25.68380304
      ,      ,16.696272,-27.32835005
      ,      ,16.706285,-75.33935662
      ,      ,16.716298,-113.34807015
      ,      ,16.726310,-141.35449064
      ,      ,16.736323,-151.35678368
      ,      ,16.746336,-146.35563716
      ,      ,16.756349,-111.34761154
      ,      ,16.766361,-71.33843940
      ,      ,16.776374,-19.32651562
      ,      ,16.786387,37.68655468
      ,      ,16.796400,96.70008358
      ,      ,16.806412,135.70902642
      ,      ,16.816425,157.71407109
      ,      ,16.826438,162.71521761
      ,      ,16.836451,143.71086084
      ,      ,16.846463,109.70306453
      ,      ,16.856476,57.69114075
      ,      ,16.866489,-3.32284677
      ,      ,16.876502,-65.33706358
      ,      ,16.886514,-117.34898736
      ,      ,16.896527,-163.35953532
      ,      ,16.906540,-186.36480930
      ,      ,16.916553,-183.36412139
      ,      ,16.926565,-158.35838880
      ,      ,16.936578,-115.34852875
      ,      ,16.946591,-53.33431194
      ,      ,16.956604,15.68151000
      ,      ,16.966616,84.69733194
      ,      ,16.976629,143.71086084
      ,      ,16.986642,181.71957438
      ,      ,16.996655,193.72232602
      ,      ,17.006668,188.72117950
      ,      ,17.016680,153.71315388
      ,      ,17.026693,99.70077149
      ,      ,17.036706,27.68426164
      ,      ,17.046719,-43.33201890
      ,      ,17.056731,-111.34761154
      ,      ,17.066744,-171.36136975
      ,      ,17.076757,-205.36916607
      ,      ,17.086770,-218.37214701
      ,      ,17.096782,-201.36824885
      ,      ,17.106795,-158.35838880
      ,      ,17.116808,-93.34348408
      ,      ,17.126821,-16.32582771
      ,      ,17.136833,63.69251657
      ,      ,17.146846,127.70719199
      ,      ,17.156859,187.72095020
      ,      ,17.166872,218.72805861
      ,      ,17.176884,217.72782930
      ,      ,17.186897,197.72324323
      ,      ,17.196910,143.71086084
      ,      ,17.206923,75.69526821
      ,      ,17.216935,-9.32422259
      ,      ,17.226948,-92.34325477
      ,      ,17.236961,-161.35907671
      ,      ,17.246974,-206.36939537
      ,      ,17.256986,-234.37581587
      ,      ,17.266999,-226.37398144
      ,      ,17.277012,-197.36733164
      ,      ,17.287025,-143.35494925
      ,      ,17.297037,-80.34050313
      ,      ,17.307050,-3.32284677
      ,      ,17.317063,76.69549751
      ,      ,17.327076,133.70856781
      ,      ,17.337088,175.71819856
      ,      ,17.347101,194.72255532
      ,      ,17.357114,186.72072089
      ,      ,17.367127,159.71452970
      ,      ,17.377140,99.70077149
      ,      ,17.387152,41.68747189
      ,      ,17.397165,-24.32766214
      ,      ,17.407178,-92.34325477
      ,      ,17.417191,-144.35517856
      ,      ,17.427203,-181.36366278
      ,      ,17.437216,-188.36526791
      ,      ,17.447229,-173.36182836
      ,      ,17.457242,-137.35357343
      ,      ,17.467254,-93.34348408
      ,      ,17.477267,-30.32903796
      ,      ,17.487280,28.68449095
      ,      ,17.497293,94.69962497
      ,      ,17.507305,138.70971433
      ,      ,17.517318,157.71407109
      ,      ,17.527331,164.71567622
      ,      ,17.537344,145.71131945
      ,      ,17.547356,110.70329383
      ,      ,17.557369,64.69274587
      ,      ,17.567382,2.67852906
      ,      ,17.577395,-57.33522915
      ,      ,17.587407,-105.34623572
      ,      ,17.597420,-142.35471995
      ,      ,17.607433,-165.35999393
      ,      ,17.617446,-163.35953532
      ,      ,17.627458,-139.35403204
      ,      ,17.637471,-98.34463060
      ,      ,17.647484,-50.33362403
      ,      ,17.657497,0.67807045
      ,      ,17.667509,49.68930632
      ,      ,17.677522,101.70123010
      ,      ,17.687535,120.70558686
      ,      ,17.697548,140.71017293
      ,      ,17.707561,133.70856781
      ,      ,17.717573,108.70283522
      ,      ,17.727586,74.69503891
      ,      ,17.737599,19.68242721
      ,      ,17.747612,-18.32628632
      ,      ,17.757624,-67.33752219
      ,      ,17.767637,-98.34463060
      ,      ,17.777650,-120.34967527
      ,      ,17.787663,-125.35082179
      ,      ,17.797675,-117.34898736
      ,      ,17.807688,-90.34279617
      ,      ,17.817701,-62.33637567
      ,      ,17.827714,-16.32582771
      ,      ,17.837726,19.68242721
      ,      ,17.847739,60.69182866
      ,      ,17.857752,86.69779055
      ,      ,17.867765,99.70077149
      ,      ,17.877777,104.70191801
      ,      ,17.887790,94.69962497
      ,      ,17.897803,68.69366308
      ,      ,17.907816,30.68494955
      ,      ,17.917828,3.67875836
      ,      ,17.927841,-31.32926726
      ,      ,17.937854,-64.33683428
      ,      ,17.947867,-84.34142035
      ,      ,17.957879,-91.34302547
      ,      ,17.967892,-92.34325477
      ,      ,17.977905,-76.33958592
      ,      ,17.987918,-63.33660497
      ,      ,17.997930,-26.32812075
      ,      ,18.007943,-1.32238816
      ,      ,18.017956,24.68357373
      ,      ,18.027969,47.68884771
      ,      ,18.037981,64.69274587
      ,      ,18.047994,71.69435099
      ,      ,18.058007,70.69412169
      ,      ,18.068020,59.69159935
      ,      ,18.078033,39.68701328
      ,      ,18.088045,17.68196861
      ,      ,18.098058,-3.32284677
      ,      ,18.108071,-34.32995517
      ,      ,18.118084,-51.33385333
      ,      ,18.128096,-61.33614637
      ,      ,18.138109,-62.33637567
      ,      ,18.148122,-68.33775149
      ,      ,18.158135,-48.33316542
      ,      ,18.168147,-33.32972587
      ,      ,18.178160,-15.32559841
      ,      ,18.188173,4.67898766
      ,      ,18.198186,17.68196861
      ,      ,18.208198,29.68472025
      ,      ,18.218211,36.68632537
      ,      ,18.228224,35.68609607
      ,      ,18.238237,39.68701328
      ,      ,18.248249,30.68494955
      ,      ,18.258262,19.68242721
      ,      ,18.268275,7.67967557
      ,      ,18.278288,-5.32330537
      ,      ,18.288300,-16.32582771
      ,      ,18.298313,-27.32835005
      ,      ,18.308326,-36.33041378
      ,      ,18.318339,-39.33110169
      ,      ,18.328351,-34.32995517
      ,      ,18.338364,-27.32835005
      ,      ,18.348377,-28.32857935
      ,      ,18.358390,-18.32628632
      ,      ,18.368402,-7.32376398
      ,      ,18.378415,0.67807045
      ,      ,18.388428,3.67875836
      ,      ,18.398441,9.68013418
      ,      ,18.408453,11.68059279
      ,      ,18.418466,17.68196861
      ,      ,18.428479,17.68196861
      ,      ,18.438492,14.68128070
      ,      ,18.448505,12.68082209
      ,      ,18.458517,8.67990488
      ,      ,18.468530,3.67875836
      ,      ,18.478543,0.67807045
      ,      ,18.488556,-5.32330537
      ,      ,18.498568,-9.32422259
      ,      ,18.508581,-14.32536910
      ,      ,18.518594,-20.32674492
      ,      ,18.528607,-27.32835005
      ,      ,18.538619,-30.32903796
      ,      ,18.548632,-16.32582771
      ,      ,18.558645,-25.32789144
      ,      ,18.568658,-18.32628632
      ,      ,18.578670,-13.32513980
      ,      ,18.588683,-3.32284677
      ,      ,18.598696,2.67852906
      ,      ,18.608709,14.68128070
      ,      ,18.618721,25.68380304
      ,      ,18.628734,28.68449095
      ,      ,18.638747,36.68632537
      ,      ,18.648760,31.68517886
      ,      ,18.658772,23.68334443
      ,      ,18.668785,16.68173930
      ,      ,18.678798,3.67875836
      ,      ,18.688811,-10.32445189
      ,      ,18.698823,-25.32789144
      ,      ,18.708836,-40.33133099
      ,      ,18.718849,-49.33339473
      ,      ,18.728862,-48.33316542
      ,      ,18.738874,-49.33339473
      ,      ,18.748887,-42.33178960
      ,      ,18.758900,-34.32995517
      ,      ,18.768913,-12.32491050
      ,      ,18.778925,9.68013418
      ,      ,18.788938,23.68334443
      ,      ,18.798951,36.68632537
      ,      ,18.808964,58.69137005
      ,      ,18.818977,62.69228726
      ,      ,18.828989,52.68999423
      ,      ,18.839002,50.68953562
      ,      ,18.849015,34.68586677
      ,      ,18.859028,1.67829975
      ,      ,18.869040,-17.32605701
      ,      ,18.879053,-46.33270681
      ,      ,18.889066,-67.33752219
      ,      ,18.899079,-80.34050313
      ,      ,18.909091,-81.34073244
      ,      ,18.919104,-78.34004453
      ,      ,18.929117,-66.33729288
      ,      ,18.939130,-42.33178960
      ,      ,18.949142,-6.32353468
      ,      ,18.959155,17.68196861
      ,      ,18.969168,44.68815980
      ,      ,18.979181,68.69366308
      ,      ,18.989193,73.69480960
      ,      ,18.999206,69.69389239
      ,      ,19.009219,42.68770119
      ,      ,19.019232,15.68151000
      ,      ,19.029244,6.67944627
      ,      ,19.039257,1.67829975
      ,      ,19.049270,0.67807045
      ,      ,19.059283,-0.32215886
      ,      ,19.069295,-0.32215886
      ,      ,19.079308,-0.32215886
      ,      ,19.089321,-1.32238816
      ,      ,19.099334,0.67807045
      ,      ,19.109346,-1.32238816
      ,      ,19.119359,0.67807045
      ,      ,19.129372,-2.32261746
      ,      ,19.139385,0.67807045
      ,      ,19.149397,-0.32215886
      ,      ,19.159410,-0.32215886
      ,      ,19.169423,0.67807045
      ,      ,19.179436,-0.32215886
      ,      ,19.189449,-0.32215886
      ,      ,19.199461,-0.32215886
      ,      ,19.209474,-0.32215886
      ,      ,19.219487,-0.32215886
      ,      ,19.229500,0.67807045
      ,      ,19.239512,1.67829975
      ,      ,19.249525,-0.32215886
      ,      ,19.259538,0.67807045
      ,      ,19.269551,-0.32215886
      ,      ,19.279563,-0.32215886
      ,      ,19.289576,-0.32215886
      ,      ,19.299589,0.67807045
      ,      ,19.309602,0.67807045
      ,      ,19.319614,2.67852906
      ,      ,19.329627,0.67807045
      ,      ,19.339640,-0.32215886
      ,      ,19.349653,-0.32215886
      ,      ,19.359665,0.67807045
      ,      ,19.369678,0.67807045
      ,      ,19.379691,1.67829975
      ,      ,19.389704,0.67807045
      ,      ,19.399716,-0.32215886
      ,      ,19.409729,-1.32238816
      ,      ,19.419742,-1.32238816
      ,      ,19.429755,1.67829975
      ,      ,19.439767,0.67807045
      ,      ,19.449780,1.67829975
      ,      ,19.459793,-0.32215886
      ,      ,19.469806,1.67829975
      ,      ,19.479818,0.67807045
      ,      ,19.489831,-1.32238816
      ,      ,19.499844,1.67829975
      ,      ,19.509857,1.67829975
      ,      ,19.519869,1.67829975
      ,      ,19.529882,0.67807045
      ,      ,19.539895,1.67829975
      ,      ,19.549908,0.67807045
      ,      ,19.559921,1.67829975
      ,      ,19.569933,-1.32238816
      ,      ,19.579946,-5.32330537
      ,      ,19.589959,-27.32835005
      ,      ,19.599972,-55.33477055
      ,      ,19.609984,-76.33958592
      ,      ,19.619997,-92.34325477
      ,      ,19.630010,-96.34417199
      ,      ,19.640023,-92.34325477
      ,      ,19.650035,-78.34004453
      ,      ,19.660048,-50.33362403
      ,      ,19.670061,-22.32720353
      ,      ,19.680074,4.67898766
      ,      ,19.690086,30.68494955
      ,      ,19.700099,49.68930632
      ,      ,19.710112,62.69228726
      ,      ,19.720125,67.69343378
      ,      ,19.730137,69.69389239
      ,      ,19.740150,48.68907701
      ,      ,19.750163,29.68472025
      ,      ,19.760176,4.67898766
      ,      ,19.770188,-17.32605701
      ,      ,19.780201,-36.33041378
      ,      ,19.790214,-58.33545846
      ,      ,19.800227,-64.33683428
      ,      ,19.810239,-59.33568776
      ,      ,19.820252,-55.33477055
      ,      ,19.830265,-46.33270681
      ,      ,19.840278,-31.32926726
      ,      ,19.850290,-11.32468119
      ,      ,19.860303,5.67921697
      ,      ,19.870316,18.68219791
      ,      ,19.880329,32.68540816
      ,      ,19.890341,36.68632537
      ,      ,19.900354,37.68655468
      ,      ,19.910367,32.68540816
      ,      ,19.920380,23.68334443
      ,      ,19.930393,14.68128070
      ,      ,19.940405,4.67898766
      ,      ,19.950418,-10.32445189
      ,      ,19.960431,-18.32628632
      ,      ,19.970444,-26.32812075
      ,      ,19.980456,-24.32766214
      ,      ,19.990469,-30.32903796
      ,      ,20.000482,-31.32926726
      ,      ,20.010495,-22.32720353
      ,      ,20.020507,-22.32720353
      ,      ,20.030520,-13.32513980
      ,      ,20.040533,-6.32353468
      ,      ,20.050546,1.67829975
      ,      ,20.060558,4.67898766
      ,      ,20.070571,10.68036348
      ,      ,20.080584,15.68151000
      ,      ,20.090597,16.68173930
      ,      ,20.100609,19.68242721
      ,      ,20.110622,16.68173930
      ,      ,20.120635,13.68105139
      ,      ,20.130648,7.67967557
      ,      ,20.140660,3.67875836
      ,      ,20.150673,-0.32215886
      ,      ,20.160686,-5.32330537
      ,      ,20.170699,-14.32536910
      ,      ,20.180711,-19.32651562
      ,      ,20.190724,-24.32766214
      ,      ,20.200737,-27.32835005
      ,      ,20.210750,-25.32789144
      ,      ,20.220762,-33.32972587
      ,      ,20.230775,-25.32789144
      ,      ,20.240788,-16.32582771
      ,      ,20.250801,-7.32376398
      ,      ,20.260814,-2.32261746
      ,      ,20.270826,10.68036348
      ,      ,20.280839,20.68265652
      ,      ,20.290852,31.68517886
      ,      ,20.300865,30.68494955
      ,      ,20.310877,31.68517886
      ,      ,20.320890,29.68472025
      ,      ,20.330903,21.68288582
      ,      ,20.340916,8.67990488
      ,      ,20.350928,-8.32399328
      ,      ,20.360941,-20.32674492
      ,      ,20.370954,-38.33087239
      ,      ,20.380967,-45.33247751
      ,      ,20.390979,-53.33431194
      ,      ,20.400992,-52.33408264
      ,      ,20.411005,-51.33385333
      ,      ,20.421018,-37.33064308
      ,      ,20.431030,-20.32674492
      ,      ,20.441043,-0.32215886
      ,      ,20.451056,15.68151000
      ,      ,20.461069,37.68655468
      ,      ,20.471081,49.68930632
      ,      ,20.481094,54.69045284
      ,      ,20.491107,52.68999423
      ,      ,20.501120,46.68861841
      ,      ,20.511132,34.68586677
      ,      ,20.521145,12.68082209
      ,      ,20.531158,-10.32445189
      ,      ,20.541171,-28.32857935
      ,      ,20.551183,-55.33477055
      ,      ,20.561196,-69.33798079
      ,      ,20.571209,-76.33958592
      ,      ,20.581222,-76.33958592
      ,      ,20.591234,-63.33660497
      ,      ,20.601247,-41.33156030
      ,      ,20.611260,-17.32605701
      ,      ,20.621273,8.67990488
      ,      ,20.631286,34.68586677
      ,      ,20.641298,64.69274587
      ,      ,20.651311,81.69664403
      ,      ,20.661324,87.69801985
      ,      ,20.671337,80.69641473
      ,      ,20.681349,61.69205796
      ,      ,20.691362,35.68609607
      ,      ,20.701375,3.67875836
      ,      ,20.711388,-32.32949657
      ,      ,20.721400,-68.33775149
      ,      ,20.731413,-91.34302547
      ,      ,20.741426,-107.34669433
      ,      ,20.751439,-107.34669433
      ,      ,20.761451,-94.34371338
      ,      ,20.771464,-68.33775149
      ,      ,20.781477,-33.32972587
      ,      ,20.791490,-1.32238816
      ,      ,20.801502,36.68632537
      ,      ,20.811515,65.69297517
      ,      ,20.821528,94.69962497
      ,      ,20.831541,107.70260592
      ,      ,20.841553,104.70191801
      ,      ,20.851566,88.69824915
      ,      ,20.861579,59.69159935
      ,      ,20.871592,19.68242721
      ,      ,20.881604,-20.32674492
      ,      ,20.891617,-60.33591706
      ,      ,20.901630,-90.34279617
      ,      ,20.911643,-119.34944597
      ,      ,20.921655,-127.35128040
      ,      ,20.931668,-116.34875806
      ,      ,20.941681,-93.34348408
      ,      ,20.951694,-61.33614637
      ,      ,20.961706,-18.32628632
      ,      ,20.971719,25.68380304
      ,      ,20.981732,67.69343378
      ,      ,20.991745,101.70123010
      ,      ,21.001758,121.70581617
      ,      ,21.011770,125.70673338
      ,      ,21.021783,108.70283522
      ,      ,21.031796,85.69756124
      ,      ,21.041809,45.68838910
      ,      ,21.051821,-2.32261746
      ,      ,21.061834,-46.33270681
      ,      ,21.071847,-95.34394269
      ,      ,21.081860,-130.35196831
      ,      ,21.091872,-149.35632507
      ,      ,21.101885,-154.35747159
      ,      ,21.111898,-122.35013388
      ,      ,21.121911,-89.34256686
      ,      ,21.131923,-42.33178960
      ,      ,21.141936,13.68105139
      ,      ,21.151949,62.69228726
      ,      ,21.161962,106.70237662
      ,      ,21.171974,144.71109015
      ,      ,21.181987,152.71292458
      ,      ,21.192000,146.71154876
      ,      ,21.202013,120.70558686
      ,      ,21.212025,74.69503891
      ,      ,21.222038,19.68242721
      ,      ,21.232051,-28.32857935
      ,      ,21.242064,-86.34187895
      ,      ,21.252076,-139.35403204
      ,      ,21.262089,-161.35907671
      ,      ,21.272102,-168.36068184
      ,      ,21.282115,-147.35586647
      ,      ,21.292127,-108.34692363
      ,      ,21.302140,-70.33821010
      ,      ,21.312153,-10.32445189
      ,      ,21.322166,50.68953562
      ,      ,21.332178,107.70260592
      ,      ,21.342191,156.71384179
      ,      ,21.352204,184.72026229
      ,      ,21.362217,185.72049159
      ,      ,21.372230,161.71498831
      ,      ,21.382242,121.70581617
      ,      ,21.392255,75.69526821
      ,      ,21.402268,13.68105139
      ,      ,21.412281,-46.33270681
      ,      ,21.422293,-108.34692363
      ,      ,21.432306,-158.35838880
      ,      ,21.442319,-177.36274557
      ,      ,21.452332,-174.36205766
      ,      ,21.462344,-151.35678368
      ,      ,21.472357,-108.34692363
      ,      ,21.482370,-57.33522915
      ,      ,21.492383,7.67967557
      ,      ,21.502395,62.69228726
      ,      ,21.512408,110.70329383
      ,      ,21.522421,147.71177806
      ,      ,21.532434,161.71498831
      ,      ,21.542446,148.71200736
      ,      ,21.552459,119.70535756
      ,      ,21.562472,77.69572682
      ,      ,21.572485,23.68334443
      ,      ,21.582497,-24.32766214
      ,      ,21.592510,-81.34073244
      ,      ,21.602523,-133.35265622
      ,      ,21.612536,-158.35838880
      ,      ,21.622548,-161.35907671
      ,      ,21.632561,-143.35494925
      ,      ,21.642574,-111.34761154
      ,      ,21.652587,-68.33775149
      ,      ,21.662599,-14.32536910
      ,      ,21.672612,38.68678398
      ,      ,21.682625,85.69756124
      ,      ,21.692638,124.70650408
      ,      ,21.702650,142.71063154
      ,      ,21.712663,138.70971433
      ,      ,21.722676,118.70512826
      ,      ,21.732689,85.69756124
      ,      ,21.742702,43.68793050
      ,      ,21.752714,-4.32307607
      ,      ,21.762727,-51.33385333
      ,      ,21.772740,-95.34394269
      ,      ,21.782753,-121.34990458
      ,      ,21.792765,-133.35265622
      ,      ,21.802778,-123.35036318
      ,      ,21.812791,-100.34508920
      ,      ,21.822804,-67.33752219
      ,      ,21.832816,-25.32789144
      ,      ,21.842829,17.68196861
      ,      ,21.852842,58.69137005
      ,      ,21.862855,90.69870776
      ,      ,21.872867,113.70398174
      ,      ,21.882880,118.70512826
      ,      ,21.892893,104.70191801
      ,      ,21.902906,81.69664403
      ,      ,21.912918,44.68815980
      ,      ,21.922931,5.67921697
      ,      ,21.932944,-31.32926726
      ,      ,21.942957,-70.33821010
      ,      ,21.952969,-97.34440129
      ,      ,21.962982,-108.34692363
      ,      ,21.972995,-105.34623572
      ,      ,21.983008,-91.34302547
      ,      ,21.993020,-65.33706358
      ,      ,22.003033,-30.32903796
      ,      ,22.013046,2.67852906
      ,      ,22.023059,33.68563746
      ,      ,22.033071,67.69343378
      ,      ,22.043084,88.69824915
      ,      ,22.053097,94.69962497
      ,      ,22.063110,91.69893706
      ,      ,22.073122,76.69549751
      ,      ,22.083135,47.68884771
      ,      ,22.093148,16.68173930
      ,      ,22.103161,-14.32536910
      ,      ,22.113174,-45.33247751
      ,      ,22.123186,-71.33843940
      ,      ,22.133199,-81.34073244
      ,      ,22.143212,-85.34164965
      ,      ,22.153225,-80.34050313
      ,      ,22.163237,-60.33591706
      ,      ,22.173250,-35.33018448
      ,      ,22.183263,-7.32376398
      ,      ,22.193276,19.68242721
      ,      ,22.203288,43.68793050
      ,      ,22.213301,60.69182866
      ,      ,22.223314,68.69366308
      ,      ,22.233327,70.69412169
      ,      ,22.243339,58.69137005
      ,      ,22.253352,42.68770119
      ,      ,22.263365,16.68173930
      ,      ,22.273378,-4.32307607
      ,      ,22.283390,-25.32789144
      ,      ,22.293403,-44.33224821
      ,      ,22.303416,-58.33545846
      ,      ,22.313429,-55.33477055
      ,      ,22.323441,-53.33431194
      ,      ,22.333454,-40.33133099
      ,      ,22.343467,-30.32903796
      ,      ,22.353480,-13.32513980
      ,      ,22.363492,5.67921697
      ,      ,22.373505,23.68334443
      ,      ,22.383518,32.68540816
      ,      ,22.393531,41.68747189
      ,      ,22.403543,42.68770119
      ,      ,22.413556,38.68678398
      ,      ,22.423569,31.68517886
      ,      ,22.433582,16.68173930
      ,      ,22.443594,4.67898766
      ,      ,22.453607,-7.32376398
      ,      ,22.463620,-18.32628632
      ,      ,22.473633,-27.32835005
      ,      ,22.483646,-32.32949657
      ,      ,22.493658,-28.32857935
      ,      ,22.503671,-26.32812075
      ,      ,22.513684,-19.32651562
      ,      ,22.523697,-10.32445189
      ,      ,22.533709,-0.32215886
      ,      ,22.543722,6.67944627
      ,      ,22.553735,11.68059279
      ,      ,22.563748,14.68128070
      ,      ,22.573760,15.68151000
      ,      ,22.583773,14.68128070
      ,      ,22.593786,12.68082209
      ,      ,22.603799,10.68036348
      ,      ,22.613811,7.67967557
      ,      ,22.623824,4.67898766
      ,      ,22.633837,-0.32215886
      ,      ,22.643850,-1.32238816
      ,      ,22.653862,-2.32261746
      ,      ,22.663875,-2.32261746
      ,      ,22.673888,-2.32261746
      ,      ,22.683901,-1.32238816
      ,      ,22.693913,-1.32238816
      ,      ,22.703926,-2.32261746
      ,      ,22.713939,-4.32307607
      ,      ,22.723952,-5.32330537
      ,      ,22.733964,-8.32399328
      ,      ,22.743977,-10.32445189
      ,      ,22.753990,-8.32399328
      ,      ,22.764003,-6.32353468
      ,      ,22.774015,-3.32284677
      ,      ,22.784028,2.67852906
      ,      ,22.794041,9.68013418
      ,      ,22.804054,16.68173930
      ,      ,22.814067,21.68288582
      ,      ,22.824079,26.68403234
      ,      ,22.834092,27.68426164
      ,      ,22.844105,28.68449095
      ,      ,22.854118,24.68357373
      ,      ,22.864130,13.68105139
      ,      ,22.874143,3.67875836
      ,      ,22.884156,-7.32376398
      ,      ,22.894169,-20.32674492
      ,      ,22.904181,-30.32903796
      ,      ,22.914194,-37.33064308
      ,      ,22.924207,-36.33041378
      ,      ,22.934220,-35.33018448
      ,      ,22.944232,-26.32812075
      ,      ,22.954245,-11.32468119
      ,      ,22.964258,4.67898766
      ,      ,22.974271,20.68265652
      ,      ,22.984283,34.68586677
      ,      ,22.994296,47.68884771
      ,      ,23.004309,52.68999423
      ,      ,23.014322,56.69091144
      ,      ,23.024334,60.69182866
      ,      ,23.034347,55.69068214
      ,      ,23.044360,49.68930632
      ,      ,23.054373,42.68770119
      ,      ,23.064385,44.68815980
      ,      ,23.074398,44.68815980
      ,      ,23.084411,32.68540816
      ,      ,23.094424,23.68334443
      ,      ,23.104436,14.68128070
      ,      ,23.114449,12.68082209
      ,      ,23.124462,8.67990488
      ,      ,23.134475,8.67990488
      ,      ,23.144487,4.67898766
      ,      ,23.154500,1.67829975
      ,      ,23.164513,0.67807045
      ,      ,23.174526,4.67898766
      ,      ,23.184539,10.68036348
      ,      ,23.194551,9.68013418
      ,      ,23.204564,9.68013418
      ,      ,23.214577,6.67944627
      ,      ,23.224590,2.67852906
      ,      ,23.234602,0.67807045
      ,      ,23.244615,-0.32215886
      ,      ,23.254628,1.67829975
      ,      ,23.264641,3.67875836
      ,      ,23.274653,2.67852906
      ,      ,23.284666,1.67829975
      ,      ,23.294679,0.67807045
      ,      ,23.304692,-5.32330537
      ,      ,23.314704,-5.32330537
      ,      ,23.324717,-8.32399328
      ,      ,23.334730,-10.32445189
      ,      ,23.344743,-21.32697423
      ,      ,23.354755,-19.32651562
      ,      ,23.364768,11.68059279
      ,      ,23.374781,27.68426164
      ,      ,23.384794,26.68403234
      ,      ,23.394806,9.68013418
      ,      ,23.404819,-0.32215886
      ,      ,23.414832,-1.32238816
      ,      ,23.424845,-1.32238816
      ,      ,23.434857,1.67829975
      ,      ,23.444870,1.67829975
      ,      ,23.454883,2.67852906
      ,      ,23.464896,-2.32261746
      ,      ,23.474908,-7.32376398
      ,      ,23.484921,-10.32445189
      ,      ,23.494934,-11.32468119
      ,      ,23.504947,-15.32559841
      ,      ,23.514959,-15.32559841
      ,      ,23.524972,1.67829975
      ,      ,23.534985,10.68036348
      ,      ,23.544998,15.68151000
      ,      ,23.555011,10.68036348
      ,      ,23.565023,8.67990488
      ,      ,23.575036,6.67944627
      ,      ,23.585049,5.67921697
      ,      ,23.595062,2.67852906
      ,      ,23.605074,-0.32215886
      ,      ,23.615087,0.67807045
      ,      ,23.625100,1.67829975
      ,      ,23.635113,5.67921697
      ,      ,23.645125,6.67944627
      ,      ,23.655138,4.67898766
      ,      ,23.665151,2.67852906
      ,      ,23.675164,1.67829975
      ,      ,23.685176,6.67944627
      ,      ,23.695189,14.68128070
      ,      ,23.705202,24.68357373
      ,      ,23.715215,37.68655468
      ,      ,23.725227,52.68999423
      ,      ,23.735240,58.69137005
      ,      ,23.745253,61.69205796
      ,      ,23.755266,63.69251657
      ,      ,23.765278,63.69251657
      ,      ,23.775291,58.69137005
      ,      ,23.785304,48.68907701
      ,      ,23.795317,35.68609607
      ,      ,23.805329,18.68219791
      ,      ,23.815342,3.67875836
      ,      ,23.825355,-10.32445189
      ,      ,23.835368,-21.32697423
      ,      ,23.845380,-29.32880866
      ,      ,23.855393,-31.32926726
      ,      ,23.865406,-29.32880866
      ,      ,23.875419,-25.32789144
      ,      ,23.885431,-14.32536910
      ,      ,23.895444,-4.32307607
      ,      ,23.905457,5.67921697
      ,      ,23.915470,9.68013418
      ,      ,23.925483,17.68196861
      ,      ,23.935495,22.68311512
      ,      ,23.945508,22.68311512
      ,      ,23.955521,21.68288582
      ,      ,23.965534,16.68173930
      ,      ,23.975546,12.68082209
      ,      ,23.985559,8.67990488
      ,      ,23.995572,2.67852906
      ,      ,24.005585,0.67807045
      ,      ,24.015597,-1.32238816
      ,      ,24.025610,-1.32238816
      ,      ,24.035623,-3.32284677
      ,      ,24.045636,-3.32284677
      ,      ,24.055648,-4.32307607
      ,      ,24.065661,-3.32284677
      ,      ,24.075674,-6.32353468
      ,      ,24.085687,-6.32353468
      ,      ,24.095699,-8.32399328
      ,      ,24.105712,-9.32422259
      ,      ,24.115725,-11.32468119
      ,      ,24.125738,-10.32445189
      ,      ,24.135750,-7.32376398
      ,      ,24.145763,-2.32261746
      ,      ,24.155776,1.67829975
      ,      ,24.165789,10.68036348
      ,      ,24.175801,16.68173930
      ,      ,24.185814,21.68288582
      ,      ,24.195827,23.68334443
      ,      ,24.205840,25.68380304
      ,      ,24.215852,21.68288582
      ,      ,24.225865,16.68173930
      ,      ,24.235878,7.67967557
      ,      ,24.245891,-3.32284677
      ,      ,24.255903,-15.32559841
      ,      ,24.265916,-23.32743284
      ,      ,24.275929,-33.32972587
      ,      ,24.285942,-38.33087239
      ,      ,24.295955,-40.33133099
      ,      ,24.305967,-34.32995517
      ,      ,24.315980,-25.32789144
      ,      ,24.325993,-12.32491050
      ,      ,24.336006,7.67967557
      ,      ,24.346018,21.68288582
      ,      ,24.356031,36.68632537
      ,      ,24.366044,46.68861841
      ,      ,24.376057,51.68976493
      ,      ,24.386069,51.68976493
      ,      ,24.396082,44.68815980
      ,      ,24.406095,29.68472025
      ,      ,24.416108,10.68036348
      ,      ,24.426120,-13.32513980
      ,      ,24.436133,-38.33087239
      ,      ,24.446146,-59.33568776
      ,      ,24.456159,-71.33843940
      ,      ,24.466171,-76.33958592
      ,      ,24.476184,-72.33866871
      ,      ,24.486197,-57.33522915
      ,      ,24.496210,-36.33041378
      ,      ,24.506222,-6.32353468
      ,      ,24.516235,22.68311512
      ,      ,24.526248,53.69022353
      ,      ,24.536261,75.69526821
      ,      ,24.546273,87.69801985
      ,      ,24.556286,89.69847846
      ,      ,24.566299,80.69641473
      ,      ,24.576312,57.69114075
      ,      ,24.586324,30.68494955
      ,      ,24.596337,-5.32330537
      ,      ,24.606350,-42.33178960
      ,      ,24.616363,-75.33935662
      ,      ,24.626375,-98.34463060
      ,      ,24.636388,-111.34761154
      ,      ,24.646401,-111.34761154
      ,      ,24.656414,-96.34417199
      ,      ,24.666427,-69.33798079
      ,      ,24.676439,-31.32926726
      ,      ,24.686452,8.67990488
      ,      ,24.696465,52.68999423
      ,      ,24.706478,86.69779055
      ,      ,24.716490,111.70352313
      ,      ,24.726503,121.70581617
      ,      ,24.736516,116.70466965
      ,      ,24.746529,94.69962497
      ,      ,24.756541,61.69205796
      ,      ,24.766554,16.68173930
      ,      ,24.776567,-35.33018448
      ,      ,24.786580,-73.33889801
      ,      ,24.796592,-112.34784084
      ,      ,24.806605,-133.35265622
      ,      ,24.816618,-140.35426134
      ,      ,24.826631,-128.35150970
      ,      ,24.836643,-99.34485990
      ,      ,24.846656,-58.33545846
      ,      ,24.856669,-3.32284677
      ,      ,24.866682,46.68861841
      ,      ,24.876694,93.69939567
      ,      ,24.886707,129.70765060
      ,      ,24.896720,148.71200736
      ,      ,24.906733,151.71269527
      ,      ,24.916745,133.70856781
      ,      ,24.926758,98.70054219
      ,      ,24.936771,44.68815980
      ,      ,24.946784,-13.32513980
      ,      ,24.956796,-71.33843940
      ,      ,24.966809,-122.35013388
      ,      ,24.976822,-153.35724229
      ,      ,24.986835,-173.36182836
      ,      ,24.996847,-170.36114045
      ,      ,25.006860,-141.35449064
      ,      ,25.016873,-100.34508920
      ,      ,25.026886,-39.33110169
      ,      ,25.036899,26.68403234
      ,      ,25.046911,87.69801985
      ,      ,25.056924,137.70948502
      ,      ,25.066937,172.71751065
      ,      ,25.076950,185.72049159
      ,      ,25.086962,175.71819856
      ,      ,25.096975,141.71040224
      ,      ,25.106988,85.69756124
      ,      ,25.117001,18.68219791
      ,      ,25.127013,-57.33522915
      ,      ,25.137026,-120.34967527
      ,      ,25.147039,-167.36045254
      ,      ,25.157052,-196.36710234
      ,      ,25.167064,-206.36939537
      ,      ,25.177077,-187.36503860
      ,      ,25.187090,-143.35494925
      ,      ,25.197103,-84.34142035
      ,      ,25.207115,-12.32491050
      ,      ,25.217128,66.69320448
      ,      ,25.227141,135.70902642
      ,      ,25.237154,189.72140880
      ,      ,25.247166,218.72805861
      ,      ,25.257179,220.72851721
      ,      ,25.267192,192.72209672
      ,      ,25.277205,140.71017293
      ,      ,25.287217,63.69251657
      ,      ,25.297230,-21.32697423
      ,      ,25.307243,-105.34623572
      ,      ,25.317256,-173.36182836
      ,      ,25.327268,-226.37398144
      ,      ,25.337281,-251.37971403
      ,      ,25.347294,-242.37765030
      ,      ,25.357307,-208.36985398
      ,      ,25.367320,-139.35403204
      ,      ,25.377332,-54.33454124
      ,      ,25.387345,26.68403234
      ,      ,25.397358,108.70283522
      ,      ,25.407371,179.71911577
      ,      ,25.417383,225.72966373
      ,      ,25.427396,241.73333259
      ,      ,25.437409,232.73126885
      ,      ,25.447422,189.72140880
      ,      ,25.457434,128.70742129
      ,      ,25.467447,51.68976493
      ,      ,25.477460,-29.32880866
      ,      ,25.487473,-107.34669433
      ,      ,25.497485,-164.35976462
      ,      ,25.507498,-201.36824885
      ,      ,25.517511,-212.37077119
      ,      ,25.527524,-195.36687303
      ,      ,25.537536,-154.35747159
      ,      ,25.547549,-94.34371338
      ,      ,25.557562,-26.32812075
      ,      ,25.567575,47.68884771
      ,      ,25.577587,108.70283522
      ,      ,25.587600,156.71384179
      ,      ,25.597613,183.72003298
      ,      ,25.607626,187.72095020
      ,      ,25.617638,164.71567622
      ,      ,25.627651,123.70627478
      ,      ,25.637664,64.69274587
      ,      ,25.647677,3.67875836
      ,      ,25.657689,-60.33591706
      ,      ,25.667702,-116.34875806
      ,      ,25.677715,-157.35815950
      ,      ,25.687728,-178.36297487
      ,      ,25.697740,-175.36228696
      ,      ,25.707753,-152.35701298
      ,      ,25.717766,-108.34692363
      ,      ,25.727779,-51.33385333
      ,      ,25.737792,6.67944627
      ,      ,25.747804,63.69251657
      ,      ,25.757817,113.70398174
      ,      ,25.767830,147.71177806
      ,      ,25.777843,160.71475900
      ,      ,25.787855,153.71315388
      ,      ,25.797868,126.70696269
      ,      ,25.807881,83.69710264
      ,      ,25.817894,30.68494955
      ,      ,25.827906,-24.32766214
      ,      ,25.837919,-77.33981522
      ,      ,25.847932,-122.35013388
      ,      ,25.857945,-147.35586647
      ,      ,25.867957,-156.35793020
      ,      ,25.877970,-146.35563716
      ,      ,25.887983,-118.34921666
      ,      ,25.897996,-75.33935662
      ,      ,25.908008,-23.32743284
      ,      ,25.918021,25.68380304
      ,      ,25.928034,71.69435099
      ,      ,25.938047,106.70237662
      ,      ,25.948059,125.70673338
      ,      ,25.958072,128.70742129
      ,      ,25.968085,113.70398174
      ,      ,25.978098,82.69687333
      ,      ,25.988110,44.68815980
      ,      ,25.998123,0.67807045
      ,      ,26.008136,-45.33247751
      ,      ,26.018149,-81.34073244
      ,      ,26.028161,-110.34738224
      ,      ,26.038174,-122.35013388
      ,      ,26.048187,-118.34921666
      ,      ,26.058200,-101.34531851
      ,      ,26.068212,-76.33958592
      ,      ,26.078225,-39.33110169
      ,      ,26.088238,-0.32215886
      ,      ,26.098251,34.68586677
      ,      ,26.108264,61.69205796
      ,      ,26.118276,81.69664403
      ,      ,26.128289,92.69916637
      ,      ,26.138302,84.69733194
      ,      ,26.148315,69.69389239
      ,      ,26.158327,44.68815980
      ,      ,26.168340,16.68173930
      ,      ,26.178353,-12.32491050
      ,      ,26.188366,-42.33178960
      ,      ,26.198378,-65.33706358
      ,      ,26.208391,-80.34050313
      ,      ,26.218404,-84.34142035
      ,      ,26.228417,-78.34004453
      ,      ,26.238429,-64.33683428
      ,      ,26.248442,-44.33224821
      ,      ,26.258455,-20.32674492
      ,      ,26.268468,5.67921697
      ,      ,26.278480,26.68403234
      ,      ,26.288493,45.68838910
      ,      ,26.298506,56.69091144
      ,      ,26.308519,60.69182866
      ,      ,26.318531,55.69068214
      ,      ,26.328544,42.68770119
      ,      ,26.338557,26.68403234
      ,      ,26.348570,7.67967557
      ,      ,26.358582,-12.32491050
      ,      ,26.368595,-32.32949657
      ,      ,26.378608,-46.33270681
      ,      ,26.388621,-54.33454124
      ,      ,26.398633,-57.33522915
      ,      ,26.408646,-50.33362403
      ,      ,26.418659,-43.33201890
      ,      ,26.428672,-29.32880866
      ,      ,26.438684,-15.32559841
      ,      ,26.448697,-0.32215886
      ,      ,26.458710,13.68105139
      ,      ,26.468723,22.68311512
      ,      ,26.478736,25.68380304
      ,      ,26.488748,29.68472025
      ,      ,26.498761,28.68449095
      ,      ,26.508774,21.68288582
      ,      ,26.518787,17.68196861
      ,      ,26.528799,8.67990488
      ,      ,26.538812,-2.32261746
      ,      ,26.548825,-10.32445189
      ,      ,26.558838,-17.32605701
      ,      ,26.568850,-23.32743284
      ,      ,26.578863,-25.32789144
      ,      ,26.588876,-26.32812075
      ,      ,26.598889,-28.32857935
      ,      ,26.608901,-26.32812075
      ,      ,26.618914,-23.32743284
      ,      ,26.628927,-17.32605701
      ,      ,26.638940,-13.32513980
      ,      ,26.648952,-7.32376398
      ,      ,26.658965,-1.32238816
      ,      ,26.668978,4.67898766
      ,      ,26.678991,9.68013418
      ,      ,26.689003,15.68151000
      ,      ,26.699016,16.68173930
      ,      ,26.709029,19.68242721
      ,      ,26.719042,19.68242721
      ,      ,26.729054,17.68196861
      ,      ,26.739067,12.68082209
      ,      ,26.749080,3.67875836
      ,      ,26.759093,-3.32284677
      ,      ,26.769105,-16.32582771
      ,      ,26.779118,-24.32766214
      ,      ,26.789131,-35.33018448
      ,      ,26.799144,-42.33178960
      ,      ,26.809156,-41.33156030
      ,      ,26.819169,-39.33110169
      ,      ,26.829182,-32.32949657
      ,      ,26.839195,-24.32766214
      ,      ,26.849208,-8.32399328
      ,      ,26.859220,4.67898766
      ,      ,26.869233,20.68265652
      ,      ,26.879246,35.68609607
      ,      ,26.889259,44.68815980
      ,      ,26.899271,49.68930632
      ,      ,26.909284,46.68861841
      ,      ,26.919297,38.68678398
      ,      ,26.929310,24.68357373
      ,      ,26.939322,7.67967557
      ,      ,26.949335,-13.32513980
      ,      ,26.959348,-38.33087239
      ,      ,26.969361,-55.33477055
      ,      ,26.979373,-67.33752219
      ,      ,26.989386,-72.33866871
      ,      ,26.999399,-71.33843940
      ,      ,27.009412,-59.33568776
      ,      ,27.019424,-40.33133099
      ,      ,27.029437,-14.32536910
      ,      ,27.039450,13.68105139
      ,      ,27.049463,39.68701328
      ,      ,27.059475,62.69228726
      ,      ,27.069488,78.69595612
      ,      ,27.079501,82.69687333
      ,      ,27.089514,78.69595612
      ,      ,27.099526,62.69228726
      ,      ,27.109539,39.68701328
      ,      ,27.119552,5.67921697
      ,      ,27.129565,-25.32789144
      ,      ,27.139577,-55.33477055
      ,      ,27.149590,-79.34027383
      ,      ,27.159603,-91.34302547
      ,      ,27.169616,-87.34210826
      ,      ,27.179628,-65.33706358
      ,      ,27.189641,-31.32926726
      ,      ,27.199654,-11.32468119
      ,      ,27.209667,-4.32307607
      ,      ,27.219680,-0.32215886
      ,      ,27.229692,-0.32215886
      ,      ,27.239705,0.67807045
      ,      ,27.249718,0.67807045
      ,      ,27.259731,0.67807045
      ,      ,27.269743,-1.32238816
      ,      ,27.279756,0.67807045
      ,      ,27.289769,-0.32215886
      ,      ,27.299782,-0.32215886
      ,      ,27.309794,1.67829975
      ,      ,27.319807,0.67807045
      ,      ,27.329820,1.67829975
      ,      ,27.339833,-0.32215886
      ,      ,27.349845,-0.32215886
      ,      ,27.359858,-0.32215886
      ,      ,27.369871,-0.32215886
      ,      ,27.379884,0.67807045
      ,      ,27.389896,0.67807045
      ,      ,27.399909,0.67807045
      ,      ,27.409922,-0.32215886
      ,      ,27.419935,0.67807045
      ,      ,27.429947,-0.32215886
      ,      ,27.439960,-0.32215886
      ,      ,27.449973,1.67829975
      ,      ,27.459986,0.67807045
      ,      ,27.469998,0.67807045
      ,      ,27.480011,0.67807045
      ,      ,27.490024,-0.32215886
      ,      ,27.500037,0.67807045
      ,      ,27.510049,0.67807045
      ,      ,27.520062,-0.32215886
      ,      ,27.530075,-1.32238816
      ,      ,27.540088,-0.32215886
      ,      ,27.550100,-0.32215886
      ,      ,27.560113,1.67829975
      ,      ,27.570126,-0.32215886
      ,      ,27.580139,0.67807045
      ,      ,27.590152,0.67807045
      ,      ,27.600164,-0.32215886
      ,      ,27.610177,-0.32215886
      ,      ,27.620190,0.67807045
      ,      ,27.630203,1.67829975
      ,      ,27.640215,0.67807045
      ,      ,27.650228,-0.32215886
      ,      ,27.660241,-0.32215886
      ,      ,27.670254,-0.32215886
      ,      ,27.680266,-0.32215886
      ,      ,27.690279,-1.32238816
      ,      ,27.700292,-0.32215886
      ,      ,27.710305,-0.32215886
      ,      ,27.720317,-0.32215886
      ,      ,27.730330,0.67807045
      ,      ,27.740343,-0.32215886
      ,      ,27.750356,-4.32307607
      ,      ,27.760368,-1.32238816
      ,      ,27.770381,12.68082209
      ,      ,27.780394,36.68632537
      ,      ,27.790407,64.69274587
      ,      ,27.800419,80.69641473
      ,      ,27.810432,89.69847846
      ,      ,27.820445,91.69893706
      ,      ,27.830458,79.69618542
      ,      ,27.840470,61.69205796
      ,      ,27.850483,28.68449095
      ,      ,27.860496,1.67829975
      ,      ,27.870509,-25.32789144
      ,      ,27.880521,-53.33431194
      ,      ,27.890534,-66.33729288
      ,      ,27.900547,-76.33958592
      ,      ,27.910560,-77.33981522
      ,      ,27.920572,-66.33729288
      ,      ,27.930585,-50.33362403
      ,      ,27.940598,-27.32835005
      ,      ,27.950611,-4.32307607
      ,      ,27.960624,16.68173930
      ,      ,27.970636,35.68609607
      ,      ,27.980649,51.68976493
      ,      ,27.990662,52.68999423
      ,      ,28.000675,53.69022353
      ,      ,28.010687,43.68793050
      ,      ,28.020700,31.68517886
      ,      ,28.030713,13.68105139
      ,      ,28.040726,-2.32261746
      ,      ,28.050738,-18.32628632
      ,      ,28.060751,-35.33018448
      ,      ,28.070764,-42.33178960
      ,      ,28.080777,-48.33316542
      ,      ,28.090789,-42.33178960
      ,      ,28.100802,-40.33133099
      ,      ,28.110815,-28.32857935
      ,      ,28.120828,-16.32582771
      ,      ,28.130840,-5.32330537
      ,      ,28.140853,5.67921697
      ,      ,28.150866,13.68105139
      ,      ,28.160879,18.68219791
      ,      ,28.170891,21.68288582
      ,      ,28.180904,23.68334443
      ,      ,28.190917,19.68242721
      ,      ,28.200930,13.68105139
      ,      ,28.210942,11.68059279
      ,      ,28.220955,3.67875836
      ,      ,28.230968,-2.32261746
      ,      ,28.240981,-10.32445189
      ,      ,28.250993,-16.32582771
      ,      ,28.261006,-20.32674492
      ,      ,28.271019,-24.32766214
      ,      ,28.281032,-19.32651562
      ,      ,28.291045,-23.32743284
      ,      ,28.301057,-22.32720353
      ,      ,28.311070,-20.32674492
      ,      ,28.321083,-15.32559841
      ,      ,28.331096,-11.32468119
      ,      ,28.341108,-5.32330537
      ,      ,28.351121,0.67807045
      ,      ,28.361134,7.67967557
      ,      ,28.371147,13.68105139
      ,      ,28.381159,18.68219791
      ,      ,28.391172,19.68242721
      ,      ,28.401185,19.68242721
      ,      ,28.411198,17.68196861
      ,      ,28.421210,16.68173930
      ,      ,28.431223,7.67967557
      ,      ,28.441236,-1.32238816
      ,      ,28.451249,-9.32422259
      ,      ,28.461261,-18.32628632
      ,      ,28.471274,-30.32903796
      ,      ,28.481287,-31.32926726
      ,      ,28.491300,-42.33178960
      ,      ,28.501312,-39.33110169
      ,      ,28.511325,-34.32995517
      ,      ,28.521338,-26.32812075
      ,      ,28.531351,-20.32674492
      ,      ,28.541363,-3.32284677
      ,      ,28.551376,11.68059279
      ,      ,28.561389,32.68540816
      ,      ,28.571402,42.68770119
      ,      ,28.581414,40.68724259
      ,      ,28.591427,44.68815980
      ,      ,28.601440,44.68815980
      ,      ,28.611453,28.68449095
      ,      ,28.621465,10.68036348
      ,      ,28.631478,-9.32422259
      ,      ,28.641491,-25.32789144
      ,      ,28.651504,-47.33293612
      ,      ,28.661517,-60.33591706
      ,      ,28.671529,-66.33729288
      ,      ,28.681542,-67.33752219
      ,      ,28.691555,-56.33499985
      ,      ,28.701568,-41.33156030
      ,      ,28.711580,-19.32651562
      ,      ,28.721593,0.67807045
      ,      ,28.731606,24.68357373
      ,      ,28.741619,45.68838910
      ,      ,28.751631,66.69320448
      ,      ,28.761644,69.69389239
      ,      ,28.771657,70.69412169
      ,      ,28.781670,62.69228726
      ,      ,28.791682,35.68609607
      ,      ,28.801695,12.68082209
      ,      ,28.811708,-12.32491050
      ,      ,28.821721,-42.33178960
      ,      ,28.831733,-70.33821010
      ,      ,28.841746,-91.34302547
      ,      ,28.851759,-99.34485990
      ,      ,28.861772,-95.34394269
      ,      ,28.871784,-78.34004453
      ,      ,28.881797,-52.33408264
      ,      ,28.891810,-15.32559841
      ,      ,28.901823,15.68151000
      ,      ,28.911835,54.69045284
      ,      ,28.921848,80.69641473
      ,      ,28.931861,94.69962497
      ,      ,28.941874,100.70100080
      ,      ,28.951886,89.69847846
      ,      ,28.961899,79.69618542
      ,      ,28.971912,42.68770119
      ,      ,28.981925,10.68036348
      ,      ,28.991937,-34.32995517
      ,      ,29.001950,-83.34119104
      ,      ,29.011963,-114.34829945
      ,      ,29.021976,-130.35196831
      ,      ,29.031989,-134.35288552
      ,      ,29.042001,-117.34898736
      ,      ,29.052014,-92.34325477
      ,      ,29.062027,-46.33270681
      ,      ,29.072040,-0.32215886
      ,      ,29.082052,50.68953562
      ,      ,29.092065,93.69939567
      ,      ,29.102078,121.70581617
      ,      ,29.112091,142.71063154
      ,      ,29.122103,141.71040224
      ,      ,29.132116,112.70375244
      ,      ,29.142129,82.69687333
      ,      ,29.152142,34.68586677
      ,      ,29.162154,-15.32559841
      ,      ,29.172167,-76.33958592
      ,      ,29.182180,-118.34921666
      ,      ,29.192193,-162.35930602
      ,      ,29.202205,-167.36045254
      ,      ,29.212218,-165.35999393
      ,      ,29.222231,-132.35242691
      ,      ,29.232244,-88.34233756
      ,      ,29.242256,-29.32880866
      ,      ,29.252269,30.68494955
      ,      ,29.262282,88.69824915
      ,      ,29.272295,140.71017293
      ,      ,29.282307,164.71567622
      ,      ,29.292320,178.71888647
      ,      ,29.302333,166.71613482
      ,      ,29.312346,122.70604547
      ,      ,29.322358,76.69549751
      ,      ,29.332371,10.68036348
      ,      ,29.342384,-69.33798079
      ,      ,29.352397,-123.35036318
      ,      ,29.362409,-167.36045254
      ,      ,29.372422,-192.36618512
      ,      ,29.382435,-198.36756094
      ,      ,29.392448,-179.36320418
      ,      ,29.402461,-134.35288552
      ,      ,29.412473,-78.34004453
      ,      ,29.422486,11.68059279
      ,      ,29.432499,82.69687333
      ,      ,29.442512,136.70925572
      ,      ,29.452524,183.72003298
      ,      ,29.462537,210.72622418
      ,      ,29.472550,204.72484836
      ,      ,29.482563,174.71796925
      ,      ,29.492575,115.70444035
      ,      ,29.502588,52.68999423
      ,      ,29.512601,-25.32789144
      ,      ,29.522614,-105.34623572
      ,      ,29.532626,-175.36228696
      ,      ,29.542639,-222.37306423
      ,      ,29.552652,-236.37627447
      ,      ,29.562665,-228.37444005
      ,      ,29.572677,-190.36572652
      ,      ,29.582690,-133.35265622
      ,      ,29.592703,-56.33499985
      ,      ,29.602716,14.68128070
      ,      ,29.612728,94.69962497
      ,      ,29.622741,171.71728134
      ,      ,29.632754,205.72507766
      ,      ,29.642767,210.72622418
      ,      ,29.652779,196.72301393
      ,      ,29.662792,164.71567622
      ,      ,29.672805,97.70031289
      ,      ,29.682818,21.68288582
      ,      ,29.692830,-44.33224821
      ,      ,29.702843,-110.34738224
      ,      ,29.712856,-176.36251627
      ,      ,29.722869,-204.36893676
      ,      ,29.732881,-207.36962467
      ,      ,29.742894,-185.36458000
      ,      ,29.752907,-146.35563716
      ,      ,29.762920,-82.34096174
      ,      ,29.772933,-3.32284677
      ,      ,29.782945,58.69137005
      ,      ,29.792958,112.70375244
      ,      ,29.802971,168.71659343
      ,      ,29.812984,189.72140880
      ,      ,29.822996,191.72186741
      ,      ,29.833009,165.71590552
      ,      ,29.843022,113.70398174
      ,      ,29.853035,62.69228726
      ,      ,29.863047,-5.32330537
      ,      ,29.873060,-77.33981522
      ,      ,29.883073,-113.34807015
      ,      ,29.893086,-156.35793020
      ,      ,29.903098,-167.36045254
      ,      ,29.913111,-154.35747159
      ,      ,29.923124,-126.35105109
      ,      ,29.933137,-85.34164965
      ,      ,29.943149,-40.33133099
      ,      ,29.953162,4.67898766
      ,      ,29.963175,63.69251657
      ,      ,29.973188,105.70214731
      ,      ,29.983200,123.70627478
      ,      ,29.993213,134.70879711
      ,      ,30.003226,119.70535756
      ,      ,30.013239,95.69985428
      ,      ,30.023251,64.69274587
      ,      ,30.033264,14.68128070
      ,      ,30.043277,-16.32582771
      ,      ,30.053290,-77.33981522
      ,      ,30.063302,-105.34623572
      ,      ,30.073315,-128.35150970
      ,      ,30.083328,-125.35082179
      ,      ,30.093341,-103.34577711
      ,      ,30.103353,-74.33912731
      ,      ,30.113366,-46.33270681
      ,      ,30.123379,-2.32261746
      ,      ,30.133392,28.68449095
      ,      ,30.143405,74.69503891
      ,      ,30.153417,89.69847846
      ,      ,30.163430,108.70283522
      ,      ,30.173443,105.70214731
      ,      ,30.183456,85.69756124
      ,      ,30.193468,64.69274587
      ,      ,30.203481,22.68311512
      ,      ,30.213494,-7.32376398
      ,      ,30.223507,-50.33362403
      ,      ,30.233519,-78.34004453
      ,      ,30.243532,-97.34440129
      ,      ,30.253545,-103.34577711
      ,      ,30.263558,-99.34485990
      ,      ,30.273570,-77.33981522
      ,      ,30.283583,-56.33499985
      ,      ,30.293596,-16.32582771
      ,      ,30.303609,15.68151000
      ,      ,30.313621,46.68861841
      ,      ,30.323634,58.69137005
      ,      ,30.333647,78.69595612
      ,      ,30.343660,85.69756124
      ,      ,30.353672,77.69572682
      ,      ,30.363685,62.69228726
      ,      ,30.373698,36.68632537
      ,      ,30.383711,3.67875836
      ,      ,30.393723,-12.32491050
      ,      ,30.403736,-33.32972587
      ,      ,30.413749,-58.33545846
      ,      ,30.423762,-70.33821010
      ,      ,30.433774,-74.33912731
      ,      ,30.443787,-67.33752219
      ,      ,30.453800,46.68861841
      ,      ,30.463813,-26.32812075
      ,      ,30.473825,-2.32261746
      ,      ,30.483838,16.68173930
      ,      ,30.493851,27.68426164
      ,      ,30.503864,50.68953562
      ,      ,30.513877,1467.01422934
      ,      ,30.523889,52.68999423
      ,      ,30.533902,43.68793050
      ,      ,30.543915,23.68334443
      ,      ,30.553928,12.68082209
      ,      ,30.563940,-3.32284677
      ,      ,30.573953,-12.32491050
      ,      ,30.583966,-30.32903796
      ,      ,30.593979,-39.33110169
      ,      ,30.603991,-48.33316542
      ,      ,30.614004,-38.33087239
      ,      ,30.624017,3738.53497753
      ,      ,30.634030,-18.32628632
      ,      ,30.644042,-7.32376398
      ,      ,30.654055,6.67944627
      ,      ,30.664068,15.68151000
      ,      ,30.674081,16.68173930
      ,      ,30.684093,29.68472025
      ,      ,30.694106,27.68426164
      ,      ,30.704119,23.68334443
      ,      ,30.714132,21.68288582
      ,      ,30.724144,11.68059279
      ,      ,30.734157,3.67875836
      ,      ,30.744170,-9.32422259
      ,      ,30.754183,-9.32422259
      ,      ,30.764195,-17.32605701
      ,      ,30.774208,-15.32559841
      ,      ,30.784221,-18.32628632
      ,      ,30.794234,-19.32651562
      ,      ,30.804246,-13.32513980
      ,      ,30.814259,-5.32330537
      ,      ,30.824272,-2.32261746
      ,      ,30.834285,-0.32215886
      ,      ,30.844298,3.67875836
      ,      ,30.854310,3.67875836
      ,      ,30.864323,4.67898766
      ,      ,30.874336,4.67898766
      ,      ,30.884349,3.67875836
      ,      ,30.894361,5.67921697
      ,      ,30.904374,7.67967557
      ,      ,30.914387,6.67944627
      ,      ,30.924400,10.68036348
      ,      ,30.934412,9.68013418
      ,      ,30.944425,16.68173930
      ,      ,30.954438,13.68105139
      ,      ,30.964451,13.68105139
      ,      ,30.974463,10.68036348
      ,      ,30.984476,2.67852906
      ,      ,30.994489,-0.32215886
      ,      ,31.004502,-7.32376398
      ,      ,31.014514,-12.32491050
      ,      ,31.024527,-17.32605701
      ,      ,31.034540,-27.32835005
      ,      ,31.044553,-28.32857935
      ,      ,31.054565,-23.32743284
      ,      ,31.064578,-10.32445189
      ,      ,31.074591,-1.32238816
      ,      ,31.084604,5.67921697
      ,      ,31.094616,15.68151000
      ,      ,31.104629,33.68563746
      ,      ,31.114642,-29.32880866
      ,      ,31.124655,49.68930632
      ,      ,31.134667,30.68494955
      ,      ,31.144680,34.68586677
      ,      ,31.154693,17.68196861
      ,      ,31.164706,1.67829975
      ,      ,31.174718,-7.32376398
      ,      ,31.184731,-30.32903796
      ,      ,31.194744,-59.33568776
      ,      ,31.204757,-45.33247751
      ,      ,31.214770,-66.33729288
      ,      ,31.224782,-54.33454124
      ,      ,31.234795,-53.33431194
      ,      ,31.244808,-33.32972587
      ,      ,31.254821,-21.32697423
      ,      ,31.264833,-15.32559841
      ,      ,31.274846,-8.32399328
      ,      ,31.284859,3.67875836
      ,      ,31.294872,4.67898766
      ,      ,31.304884,7.67967557
      ,      ,31.314897,9.68013418
      ,      ,31.324910,7.67967557
      ,      ,31.334923,7.67967557
      ,      ,31.344935,6.67944627
      ,      ,31.354948,7.67967557
      ,      ,31.364961,2.67852906
      ,      ,31.374974,2.67852906
      ,      ,31.384986,2.67852906
      ,      ,31.394999,2.67852906
      ,      ,31.405012,1.67829975
      ,      ,31.415025,3.67875836
      ,      ,31.425037,6.67944627
      ,      ,31.435050,11.68059279
      ,      ,31.445063,10.68036348
      ,      ,31.455076,13.68105139
      ,      ,31.465088,10.68036348
      ,      ,31.475101,8.67990488
      ,      ,31.485114,6.67944627
      ,      ,31.495127,5.67921697
      ,      ,31.505139,2.67852906
      ,      ,31.515152,2.67852906
      ,      ,31.525165,3.67875836
      ,      ,31.535178,0.67807045
      ,      ,31.545190,0.67807045
      ,      ,31.555203,0.67807045
      ,      ,31.565216,-5.32330537
      ,      ,31.575229,-0.32215886
      ,      ,31.585242,12.68082209
      ,      ,31.595254,1133.93787128
      ,      ,31.605267,-469.42970218
      ,      ,31.615280,-0.32215886
      ,      ,31.625293,203.72461905
      ,      ,31.635305,3419.46182972
      ,      ,31.645318,1721.07247242
      ,      ,31.655331,590.81335950
      ,      ,31.665344,-451.42557472
      ,      ,31.675356,-628.46616144
      ,      ,31.685369,3.67875836
      ,      ,31.695382,268.73952378
      ,      ,31.705395,409.77185557
      ,      ,31.715407,68.69366308
      ,      ,31.725420,-298.39049129
      ,      ,31.735433,316.75053035
      ,      ,31.745446,-50.33362403
      ,      ,31.755458,8.67990488
      ,      ,31.765471,244.73402050
      ,      ,31.775484,624.82115582
      ,      ,31.785497,-23.32743284
      ,      ,31.795509,-847.51637890
      ,      ,31.805522,707.84018800
      ,      ,31.815535,150.71246597
      ,      ,31.825548,937.89292780
      ,      ,31.835560,-7.32376398
      ,      ,31.845573,183.72003298
      ,      ,31.855586,-12.32491050
      ,      ,31.865599,-264.38269497
      ,      ,31.875611,-209.37008328
      ,      ,31.885624,262.73814796
      ,      ,31.895637,231.73103955
      ,      ,31.905650,-83.34119104
      ,      ,31.915662,233.73149816
      ,      ,31.925675,-115.34852875
      ,      ,31.935688,411.77231418
      ,      ,31.945701,96.70008358
      ,      ,31.955714,439.77873467
      ,      ,31.965726,861.87550074
      ,      ,31.975739,-184.36435069
      ,      ,31.985752,1212.95598626
      ,      ,31.995765,450.78125701
