num. of data,6.000000E+6,Distance (m),Time 1
meas. time,1.990000E-3,0.005006,-0.95483390
center wavelength,1.549960E-6,0.015019,-0.95483390
phase division num.,3.800000E+1,0.025032,-0.95483390
calc. start position,0.000000E+0,0.035045,-0.95483390
calc. stop position,3.700000E+1,0.045057,-0.95483390
meas. point interval,1.000000E-2,0.055070,-0.95483390
spacial resolution,1.000000E-2,0.065083,-0.95483390
PNC remaining,1.000000E+0,0.075096,-0.95483390
strain resolution,1.000000E+0,0.085108,-0.95483390
search pitchi,0.000000E+0,0.095121,-2.95529250
search range,0.000000E+0,0.105134,-0.95483390
refractive index,1.470000E+0,0.115147,-0.95483390
wavelength width,2.000000E-8,0.125159,-0.95483390
modulation freq.,1.522180E+2,0.135172,-0.95483390
local signal delay,8.865000E-8,0.145185,-0.95483390
reference delay,1.260500E-7,0.155198,-0.95483390
window of etalon,5.000000E+2,0.165210,-10.95712693
sampling rate,4.000000E+9,0.175223,-37.96331813
cont. meas. interval,     0,0.185236,-40.96400604
num. of cont. meas.,     0,0.195249,-53.96698698
C:\Users\STR\data\RH_ç`òp\ã»Ç∞ééå±\n3\ï\\20260525_134412-2-100mm.h5,      ,0.205262,-41.96423534
C:\Users\STR\data\RH_ç`òp\ã»Ç∞ééå±\n3\ï\\20260525_134453-3-150mm.h5,      ,0.215274,-39.96377673
 SN: 2,      ,0.225287,-41.96423534
single,      ,0.235300,-25.96056648
20260525_13:44:53.366,      ,0.245313,-5.95598041
      ,      ,0.255325,-282.01926817
      ,      ,0.265338,-0.95483390
      ,      ,0.275351,1.04562471
      ,      ,0.285364,1.04562471
      ,      ,0.295376,3.04608332
      ,      ,0.305389,6.04677123
      ,      ,0.315402,8.04722983
      ,      ,0.325415,7.04700053
      ,      ,0.335427,6.04677123
      ,      ,0.345440,4.04631262
      ,      ,0.355453,6.04677123
      ,      ,0.365466,3.04608332
      ,      ,0.375478,5.04654192
      ,      ,0.385491,-0.95483390
      ,      ,0.395504,-5.95598041
      ,      ,0.405517,4.04631262
      ,      ,0.415529,4.04631262
      ,      ,0.425542,-4.95575111
      ,      ,0.435555,-10.95712693
      ,      ,0.445568,-17.95873206
      ,      ,0.455580,-17.95873206
      ,      ,0.465593,-21.95964927
      ,      ,0.475606,-21.95964927
      ,      ,0.485619,-21.95964927
      ,      ,0.495631,-23.96010788
      ,      ,0.505644,-19.95919066
      ,      ,0.515657,-20.95941997
      ,      ,0.525670,-19.95919066
      ,      ,0.535682,-6.95620972
      ,      ,0.545695,-3.95552181
      ,      ,0.555708,-3.95552181
      ,      ,0.565721,-4.95575111
      ,      ,0.575734,-15.95827345
      ,      ,0.585746,-14.95804415
      ,      ,0.595759,-19.95919066
      ,      ,0.605772,-20.95941997
      ,      ,0.615785,-14.95804415
      ,      ,0.625797,-16.95850275
      ,      ,0.635810,-15.95827345
      ,      ,0.645823,-16.95850275
      ,      ,0.655836,-16.95850275
      ,      ,0.665848,-16.95850275
      ,      ,0.675861,-12.95758554
      ,      ,0.685874,-8.95666832
      ,      ,0.695887,-8.95666832
      ,      ,0.705899,-7.95643902
      ,      ,0.715912,-7.95643902
      ,      ,0.725925,-3.95552181
      ,      ,0.735938,-1.95506320
      ,      ,0.745950,-0.95483390
      ,      ,0.755963,0.04539541
      ,      ,0.765976,0.04539541
      ,      ,0.775989,-3.95552181
      ,      ,0.786001,-2.95529250
      ,      ,0.796014,0.04539541
      ,      ,0.806027,1.04562471
      ,      ,0.816040,2.04585401
      ,      ,0.826052,1.04562471
      ,      ,0.836065,-0.95483390
      ,      ,0.846078,4.04631262
      ,      ,0.856091,2.04585401
      ,      ,0.866103,0.04539541
      ,      ,0.876116,-0.95483390
      ,      ,0.886129,0.04539541
      ,      ,0.896142,0.04539541
      ,      ,0.906154,-3.95552181
      ,      ,0.916167,-0.95483390
      ,      ,0.926180,0.04539541
      ,      ,0.936193,1.04562471
      ,      ,0.946206,-0.95483390
      ,      ,0.956218,0.04539541
      ,      ,0.966231,0.04539541
      ,      ,0.976244,0.04539541
      ,      ,0.986257,-1.95506320
      ,      ,0.996269,1.04562471
      ,      ,1.006282,2.04585401
      ,      ,1.016295,-1.95506320
      ,      ,1.026308,-1.95506320
      ,      ,1.036320,-0.95483390
      ,      ,1.046333,-0.95483390
      ,      ,1.056346,1.04562471
      ,      ,1.066359,1.04562471
      ,      ,1.076371,0.04539541
      ,      ,1.086384,-0.95483390
      ,      ,1.096397,1.04562471
      ,      ,1.106410,1.04562471
      ,      ,1.116422,0.04539541
      ,      ,1.126435,5.04654192
      ,      ,1.136448,1.04562471
      ,      ,1.146461,-0.95483390
      ,      ,1.156473,0.04539541
      ,      ,1.166486,-0.95483390
      ,      ,1.176499,-0.95483390
      ,      ,1.186512,0.04539541
      ,      ,1.196524,3.04608332
      ,      ,1.206537,1.04562471
      ,      ,1.216550,-0.95483390
      ,      ,1.226563,1.04562471
      ,      ,1.236575,-1.95506320
      ,      ,1.246588,1.04562471
      ,      ,1.256601,-0.95483390
      ,      ,1.266614,-0.95483390
      ,      ,1.276626,-0.95483390
      ,      ,1.286639,0.04539541
      ,      ,1.296652,0.04539541
      ,      ,1.306665,-1.95506320
      ,      ,1.316678,-0.95483390
      ,      ,1.326690,-0.95483390
      ,      ,1.336703,4.04631262
      ,      ,1.346716,-0.95483390
      ,      ,1.356729,0.04539541
      ,      ,1.366741,-0.95483390
      ,      ,1.376754,2.04585401
      ,      ,1.386767,0.04539541
      ,      ,1.396780,2.04585401
      ,      ,1.406792,-0.95483390
      ,      ,1.416805,-1.95506320
      ,      ,1.426818,0.04539541
      ,      ,1.436831,-2.95529250
      ,      ,1.446843,0.04539541
      ,      ,1.456856,-0.95483390
      ,      ,1.466869,-0.95483390
      ,      ,1.476882,-1.95506320
      ,      ,1.486894,-0.95483390
      ,      ,1.496907,1.04562471
      ,      ,1.506920,1.04562471
      ,      ,1.516933,4.04631262
      ,      ,1.526945,1.04562471
      ,      ,1.536958,0.04539541
      ,      ,1.546971,1.04562471
      ,      ,1.556984,1.04562471
      ,      ,1.566996,-0.95483390
      ,      ,1.577009,2.04585401
      ,      ,1.587022,0.04539541
      ,      ,1.597035,-0.95483390
      ,      ,1.607047,3.04608332
      ,      ,1.617060,1.04562471
      ,      ,1.627073,0.04539541
      ,      ,1.637086,1.04562471
      ,      ,1.647099,-0.95483390
      ,      ,1.657111,0.04539541
      ,      ,1.667124,-1.95506320
      ,      ,1.677137,1.04562471
      ,      ,1.687150,-0.95483390
      ,      ,1.697162,1.04562471
      ,      ,1.707175,-1.95506320
      ,      ,1.717188,2.04585401
      ,      ,1.727201,0.04539541
      ,      ,1.737213,2.04585401
      ,      ,1.747226,0.04539541
      ,      ,1.757239,-0.95483390
      ,      ,1.767252,0.04539541
      ,      ,1.777264,-0.95483390
      ,      ,1.787277,0.04539541
      ,      ,1.797290,2.04585401
      ,      ,1.807303,1.04562471
      ,      ,1.817315,-1.95506320
      ,      ,1.827328,-3.95552181
      ,      ,1.837341,-1.95506320
      ,      ,1.847354,-0.95483390
      ,      ,1.857366,0.04539541
      ,      ,1.867379,0.04539541
      ,      ,1.877392,0.04539541
      ,      ,1.887405,-1.95506320
      ,      ,1.897417,2.04585401
      ,      ,1.907430,-0.95483390
      ,      ,1.917443,2.04585401
      ,      ,1.927456,-3.95552181
      ,      ,1.937468,1.04562471
      ,      ,1.947481,0.04539541
      ,      ,1.957494,0.04539541
      ,      ,1.967507,2.04585401
      ,      ,1.977519,-1.95506320
      ,      ,1.987532,-1.95506320
      ,      ,1.997545,2.04585401
      ,      ,2.007558,3.04608332
      ,      ,2.017571,-0.95483390
      ,      ,2.027583,-1.95506320
      ,      ,2.037596,-1.95506320
      ,      ,2.047609,-2.95529250
      ,      ,2.057622,5.04654192
      ,      ,2.067634,-0.95483390
      ,      ,2.077647,1.04562471
      ,      ,2.087660,0.04539541
      ,      ,2.097673,0.04539541
      ,      ,2.107685,-0.95483390
      ,      ,2.117698,0.04539541
      ,      ,2.127711,-1.95506320
      ,      ,2.137724,0.04539541
      ,      ,2.147736,1.04562471
      ,      ,2.157749,0.04539541
      ,      ,2.167762,-0.95483390
      ,      ,2.177775,-0.95483390
      ,      ,2.187787,-0.95483390
      ,      ,2.197800,1.04562471
      ,      ,2.207813,-2.95529250
      ,      ,2.217826,-0.95483390
      ,      ,2.227838,-0.95483390
      ,      ,2.237851,-1.95506320
      ,      ,2.247864,-3.95552181
      ,      ,2.257877,1.04562471
      ,      ,2.267889,1.04562471
      ,      ,2.277902,-1.95506320
      ,      ,2.287915,-1.95506320
      ,      ,2.297928,-0.95483390
      ,      ,2.307940,-0.95483390
      ,      ,2.317953,0.04539541
      ,      ,2.327966,0.04539541
      ,      ,2.337979,1.04562471
      ,      ,2.347991,-0.95483390
      ,      ,2.358004,-3.95552181
      ,      ,2.368017,-1.95506320
      ,      ,2.378030,0.04539541
      ,      ,2.388043,-1.95506320
      ,      ,2.398055,-0.95483390
      ,      ,2.408068,-0.95483390
      ,      ,2.418081,-0.95483390
      ,      ,2.428094,-0.95483390
      ,      ,2.438106,-0.95483390
      ,      ,2.448119,-1.95506320
      ,      ,2.458132,-0.95483390
      ,      ,2.468145,-2.95529250
      ,      ,2.478157,1.04562471
      ,      ,2.488170,3.04608332
      ,      ,2.498183,1.04562471
      ,      ,2.508196,0.04539541
      ,      ,2.518208,-1.95506320
      ,      ,2.528221,-1.95506320
      ,      ,2.538234,-1.95506320
      ,      ,2.548247,-0.95483390
      ,      ,2.558259,-0.95483390
      ,      ,2.568272,-4.95575111
      ,      ,2.578285,0.04539541
      ,      ,2.588298,-1.95506320
      ,      ,2.598310,0.04539541
      ,      ,2.608323,0.04539541
      ,      ,2.618336,1.04562471
      ,      ,2.628349,2.04585401
      ,      ,2.638361,0.04539541
      ,      ,2.648374,-0.95483390
      ,      ,2.658387,-0.95483390
      ,      ,2.668400,-2.95529250
      ,      ,2.678412,2.04585401
      ,      ,2.688425,0.04539541
      ,      ,2.698438,-1.95506320
      ,      ,2.708451,0.04539541
      ,      ,2.718463,-3.95552181
      ,      ,2.728476,-1.95506320
      ,      ,2.738489,0.04539541
      ,      ,2.748502,-0.95483390
      ,      ,2.758515,0.04539541
      ,      ,2.768527,-0.95483390
      ,      ,2.778540,-0.95483390
      ,      ,2.788553,-1.95506320
      ,      ,2.798566,-0.95483390
      ,      ,2.808578,-2.95529250
      ,      ,2.818591,-2.95529250
      ,      ,2.828604,2.04585401
      ,      ,2.838617,0.04539541
      ,      ,2.848629,2.04585401
      ,      ,2.858642,2.04585401
      ,      ,2.868655,1.04562471
      ,      ,2.878668,-0.95483390
      ,      ,2.888680,-1.95506320
      ,      ,2.898693,0.04539541
      ,      ,2.908706,-2.95529250
      ,      ,2.918719,0.04539541
      ,      ,2.928731,0.04539541
      ,      ,2.938744,0.04539541
      ,      ,2.948757,-0.95483390
      ,      ,2.958770,1.04562471
      ,      ,2.968782,-1.95506320
      ,      ,2.978795,-0.95483390
      ,      ,2.988808,0.04539541
      ,      ,2.998821,-0.95483390
      ,      ,3.008833,1.04562471
      ,      ,3.018846,2.04585401
      ,      ,3.028859,-0.95483390
      ,      ,3.038872,1.04562471
      ,      ,3.048884,-0.95483390
      ,      ,3.058897,-0.95483390
      ,      ,3.068910,-0.95483390
      ,      ,3.078923,1.04562471
      ,      ,3.088935,0.04539541
      ,      ,3.098948,-0.95483390
      ,      ,3.108961,0.04539541
      ,      ,3.118974,-0.95483390
      ,      ,3.128987,0.04539541
      ,      ,3.138999,0.04539541
      ,      ,3.149012,-0.95483390
      ,      ,3.159025,1.04562471
      ,      ,3.169038,0.04539541
      ,      ,3.179050,-0.95483390
      ,      ,3.189063,1.04562471
      ,      ,3.199076,1.04562471
      ,      ,3.209089,1.04562471
      ,      ,3.219101,0.04539541
      ,      ,3.229114,-1.95506320
      ,      ,3.239127,0.04539541
      ,      ,3.249140,-0.95483390
      ,      ,3.259152,-0.95483390
      ,      ,3.269165,4.04631262
      ,      ,3.279178,0.04539541
      ,      ,3.289191,-2.95529250
      ,      ,3.299203,-2.95529250
      ,      ,3.309216,0.04539541
      ,      ,3.319229,2.04585401
      ,      ,3.329242,0.04539541
      ,      ,3.339254,-0.95483390
      ,      ,3.349267,-1.95506320
      ,      ,3.359280,2.04585401
      ,      ,3.369293,-0.95483390
      ,      ,3.379305,0.04539541
      ,      ,3.389318,-3.95552181
      ,      ,3.399331,0.04539541
      ,      ,3.409344,-0.95483390
      ,      ,3.419356,0.04539541
      ,      ,3.429369,0.04539541
      ,      ,3.439382,-1.95506320
      ,      ,3.449395,2.04585401
      ,      ,3.459407,1.04562471
      ,      ,3.469420,0.04539541
      ,      ,3.479433,0.04539541
      ,      ,3.489446,0.04539541
      ,      ,3.499459,-0.95483390
      ,      ,3.509471,1.04562471
      ,      ,3.519484,0.04539541
      ,      ,3.529497,-1.95506320
      ,      ,3.539510,-0.95483390
      ,      ,3.549522,0.04539541
      ,      ,3.559535,-2.95529250
      ,      ,3.569548,-0.95483390
      ,      ,3.579561,0.04539541
      ,      ,3.589573,0.04539541
      ,      ,3.599586,1.04562471
      ,      ,3.609599,2.04585401
      ,      ,3.619612,1.04562471
      ,      ,3.629624,3.04608332
      ,      ,3.639637,0.04539541
      ,      ,3.649650,1.04562471
      ,      ,3.659663,0.04539541
      ,      ,3.669675,-0.95483390
      ,      ,3.679688,1.04562471
      ,      ,3.689701,1.04562471
      ,      ,3.699714,0.04539541
      ,      ,3.709726,0.04539541
      ,      ,3.719739,-3.95552181
      ,      ,3.729752,2.04585401
      ,      ,3.739765,1.04562471
      ,      ,3.749777,-0.95483390
      ,      ,3.759790,2.04585401
      ,      ,3.769803,-1.95506320
      ,      ,3.779816,-0.95483390
      ,      ,3.789828,1.04562471
      ,      ,3.799841,-1.95506320
      ,      ,3.809854,-0.95483390
      ,      ,3.819867,0.04539541
      ,      ,3.829879,3.04608332
      ,      ,3.839892,-1.95506320
      ,      ,3.849905,-0.95483390
      ,      ,3.859918,1.04562471
      ,      ,3.869931,-0.95483390
      ,      ,3.879943,2.04585401
      ,      ,3.889956,-0.95483390
      ,      ,3.899969,-1.95506320
      ,      ,3.909982,2.04585401
      ,      ,3.919994,0.04539541
      ,      ,3.930007,-0.95483390
      ,      ,3.940020,-0.95483390
      ,      ,3.950033,-0.95483390
      ,      ,3.960045,0.04539541
      ,      ,3.970058,-1.95506320
      ,      ,3.980071,0.04539541
      ,      ,3.990084,-0.95483390
      ,      ,4.000096,1.04562471
      ,      ,4.010109,2.04585401
      ,      ,4.020122,0.04539541
      ,      ,4.030135,-0.95483390
      ,      ,4.040147,-0.95483390
      ,      ,4.050160,2.04585401
      ,      ,4.060173,-0.95483390
      ,      ,4.070186,-3.95552181
      ,      ,4.080198,0.04539541
      ,      ,4.090211,0.04539541
      ,      ,4.100224,0.04539541
      ,      ,4.110237,1.04562471
      ,      ,4.120249,-0.95483390
      ,      ,4.130262,-1.95506320
      ,      ,4.140275,-0.95483390
      ,      ,4.150288,2.04585401
      ,      ,4.160300,-0.95483390
      ,      ,4.170313,-0.95483390
      ,      ,4.180326,-0.95483390
      ,      ,4.190339,1.04562471
      ,      ,4.200352,-1.95506320
      ,      ,4.210364,2.04585401
      ,      ,4.220377,-1.95506320
      ,      ,4.230390,0.04539541
      ,      ,4.240403,0.04539541
      ,      ,4.250415,-0.95483390
      ,      ,4.260428,0.04539541
      ,      ,4.270441,2.04585401
      ,      ,4.280454,-0.95483390
      ,      ,4.290466,-1.95506320
      ,      ,4.300479,-0.95483390
      ,      ,4.310492,0.04539541
      ,      ,4.320505,0.04539541
      ,      ,4.330517,-0.95483390
      ,      ,4.340530,-0.95483390
      ,      ,4.350543,-1.95506320
      ,      ,4.360556,2.04585401
      ,      ,4.370568,0.04539541
      ,      ,4.380581,-0.95483390
      ,      ,4.390594,1.04562471
      ,      ,4.400607,-0.95483390
      ,      ,4.410619,-2.95529250
      ,      ,4.420632,-0.95483390
      ,      ,4.430645,-0.95483390
      ,      ,4.440658,0.04539541
      ,      ,4.450670,-0.95483390
      ,      ,4.460683,1.04562471
      ,      ,4.470696,1.04562471
      ,      ,4.480709,-0.95483390
      ,      ,4.490721,-0.95483390
      ,      ,4.500734,0.04539541
      ,      ,4.510747,1.04562471
      ,      ,4.520760,-0.95483390
      ,      ,4.530772,0.04539541
      ,      ,4.540785,-0.95483390
      ,      ,4.550798,0.04539541
      ,      ,4.560811,0.04539541
      ,      ,4.570824,0.04539541
      ,      ,4.580836,0.04539541
      ,      ,4.590849,2.04585401
      ,      ,4.600862,0.04539541
      ,      ,4.610875,0.04539541
      ,      ,4.620887,-0.95483390
      ,      ,4.630900,0.04539541
      ,      ,4.640913,1.04562471
      ,      ,4.650926,1.04562471
      ,      ,4.660938,2.04585401
      ,      ,4.670951,-0.95483390
      ,      ,4.680964,-0.95483390
      ,      ,4.690977,-2.95529250
      ,      ,4.700989,-0.95483390
      ,      ,4.711002,-0.95483390
      ,      ,4.721015,2.04585401
      ,      ,4.731028,-1.95506320
      ,      ,4.741040,-0.95483390
      ,      ,4.751053,-1.95506320
      ,      ,4.761066,-1.95506320
      ,      ,4.771079,0.04539541
      ,      ,4.781091,0.04539541
      ,      ,4.791104,0.04539541
      ,      ,4.801117,0.04539541
      ,      ,4.811130,-0.95483390
      ,      ,4.821142,-0.95483390
      ,      ,4.831155,2.04585401
      ,      ,4.841168,2.04585401
      ,      ,4.851181,0.04539541
      ,      ,4.861193,0.04539541
      ,      ,4.871206,1.04562471
      ,      ,4.881219,-0.95483390
      ,      ,4.891232,-2.95529250
      ,      ,4.901244,0.04539541
      ,      ,4.911257,1.04562471
      ,      ,4.921270,0.04539541
      ,      ,4.931283,-0.95483390
      ,      ,4.941296,-1.95506320
      ,      ,4.951308,0.04539541
      ,      ,4.961321,-1.95506320
      ,      ,4.971334,-1.95506320
      ,      ,4.981347,-0.95483390
      ,      ,4.991359,1.04562471
      ,      ,5.001372,2.04585401
      ,      ,5.011385,-1.95506320
      ,      ,5.021398,-0.95483390
      ,      ,5.031410,0.04539541
      ,      ,5.041423,2.04585401
      ,      ,5.051436,0.04539541
      ,      ,5.061449,-0.95483390
      ,      ,5.071461,-1.95506320
      ,      ,5.081474,2.04585401
      ,      ,5.091487,-0.95483390
      ,      ,5.101500,-0.95483390
      ,      ,5.111512,1.04562471
      ,      ,5.121525,-1.95506320
      ,      ,5.131538,0.04539541
      ,      ,5.141551,-0.95483390
      ,      ,5.151563,1.04562471
      ,      ,5.161576,-0.95483390
      ,      ,5.171589,2.04585401
      ,      ,5.181602,3.04608332
      ,      ,5.191614,0.04539541
      ,      ,5.201627,0.04539541
      ,      ,5.211640,-0.95483390
      ,      ,5.221653,0.04539541
      ,      ,5.231665,2.04585401
      ,      ,5.241678,-0.95483390
      ,      ,5.251691,0.04539541
      ,      ,5.261704,1.04562471
      ,      ,5.271716,0.04539541
      ,      ,5.281729,-0.95483390
      ,      ,5.291742,-0.95483390
      ,      ,5.301755,1.04562471
      ,      ,5.311768,0.04539541
      ,      ,5.321780,-0.95483390
      ,      ,5.331793,1.04562471
      ,      ,5.341806,2.04585401
      ,      ,5.351819,2.04585401
      ,      ,5.361831,0.04539541
      ,      ,5.371844,0.04539541
      ,      ,5.381857,-0.95483390
      ,      ,5.391870,-0.95483390
      ,      ,5.401882,-0.95483390
      ,      ,5.411895,1.04562471
      ,      ,5.421908,1.04562471
      ,      ,5.431921,2.04585401
      ,      ,5.441933,-0.95483390
      ,      ,5.451946,-0.95483390
      ,      ,5.461959,0.04539541
      ,      ,5.471972,-0.95483390
      ,      ,5.481984,-2.95529250
      ,      ,5.491997,-0.95483390
      ,      ,5.502010,0.04539541
      ,      ,5.512023,-0.95483390
      ,      ,5.522035,-1.95506320
      ,      ,5.532048,0.04539541
      ,      ,5.542061,0.04539541
      ,      ,5.552074,-0.95483390
      ,      ,5.562086,0.04539541
      ,      ,5.572099,-0.95483390
      ,      ,5.582112,-0.95483390
      ,      ,5.592125,1.04562471
      ,      ,5.602137,1.04562471
      ,      ,5.612150,-1.95506320
      ,      ,5.622163,-0.95483390
      ,      ,5.632176,1.04562471
      ,      ,5.642188,0.04539541
      ,      ,5.652201,1.04562471
      ,      ,5.662214,-1.95506320
      ,      ,5.672227,1.04562471
      ,      ,5.682240,0.04539541
      ,      ,5.692252,3.04608332
      ,      ,5.702265,0.04539541
      ,      ,5.712278,-0.95483390
      ,      ,5.722291,-1.95506320
      ,      ,5.732303,-2.95529250
      ,      ,5.742316,-1.95506320
      ,      ,5.752329,-3.95552181
      ,      ,5.762342,-0.95483390
      ,      ,5.772354,0.04539541
      ,      ,5.782367,-2.95529250
      ,      ,5.792380,-3.95552181
      ,      ,5.802393,-0.95483390
      ,      ,5.812405,0.04539541
      ,      ,5.822418,0.04539541
      ,      ,5.832431,-0.95483390
      ,      ,5.842444,1.04562471
      ,      ,5.852456,-1.95506320
      ,      ,5.862469,1.04562471
      ,      ,5.872482,-1.95506320
      ,      ,5.882495,-0.95483390
      ,      ,5.892507,-0.95483390
      ,      ,5.902520,0.04539541
      ,      ,5.912533,-0.95483390
      ,      ,5.922546,-1.95506320
      ,      ,5.932558,2.04585401
      ,      ,5.942571,-0.95483390
      ,      ,5.952584,-2.95529250
      ,      ,5.962597,0.04539541
      ,      ,5.972609,-1.95506320
      ,      ,5.982622,-1.95506320
      ,      ,5.992635,1.04562471
      ,      ,6.002648,0.04539541
      ,      ,6.012660,-0.95483390
      ,      ,6.022673,0.04539541
      ,      ,6.032686,0.04539541
      ,      ,6.042699,1.04562471
      ,      ,6.052712,0.04539541
      ,      ,6.062724,1.04562471
      ,      ,6.072737,-0.95483390
      ,      ,6.082750,-1.95506320
      ,      ,6.092763,0.04539541
      ,      ,6.102775,2.04585401
      ,      ,6.112788,-0.95483390
      ,      ,6.122801,-0.95483390
      ,      ,6.132814,-2.95529250
      ,      ,6.142826,0.04539541
      ,      ,6.152839,1.04562471
      ,      ,6.162852,-0.95483390
      ,      ,6.172865,0.04539541
      ,      ,6.182877,-0.95483390
      ,      ,6.192890,2.04585401
      ,      ,6.202903,2.04585401
      ,      ,6.212916,0.04539541
      ,      ,6.222928,-0.95483390
      ,      ,6.232941,-1.95506320
      ,      ,6.242954,0.04539541
      ,      ,6.252967,2.04585401
      ,      ,6.262979,-0.95483390
      ,      ,6.272992,-0.95483390
      ,      ,6.283005,-0.95483390
      ,      ,6.293018,-0.95483390
      ,      ,6.303030,0.04539541
      ,      ,6.313043,0.04539541
      ,      ,6.323056,0.04539541
      ,      ,6.333069,1.04562471
      ,      ,6.343081,0.04539541
      ,      ,6.353094,0.04539541
      ,      ,6.363107,-0.95483390
      ,      ,6.373120,0.04539541
      ,      ,6.383132,-1.95506320
      ,      ,6.393145,2.04585401
      ,      ,6.403158,-0.95483390
      ,      ,6.413171,-0.95483390
      ,      ,6.423184,-0.95483390
      ,      ,6.433196,0.04539541
      ,      ,6.443209,0.04539541
      ,      ,6.453222,0.04539541
      ,      ,6.463235,1.04562471
      ,      ,6.473247,-1.95506320
      ,      ,6.483260,-0.95483390
      ,      ,6.493273,0.04539541
      ,      ,6.503286,0.04539541
      ,      ,6.513298,-1.95506320
      ,      ,6.523311,0.04539541
      ,      ,6.533324,-0.95483390
      ,      ,6.543337,2.04585401
      ,      ,6.553349,-2.95529250
      ,      ,6.563362,2.04585401
      ,      ,6.573375,-0.95483390
      ,      ,6.583388,0.04539541
      ,      ,6.593400,-1.95506320
      ,      ,6.603413,-0.95483390
      ,      ,6.613426,2.04585401
      ,      ,6.623439,2.04585401
      ,      ,6.633451,2.04585401
      ,      ,6.643464,0.04539541
      ,      ,6.653477,-0.95483390
      ,      ,6.663490,0.04539541
      ,      ,6.673502,-1.95506320
      ,      ,6.683515,2.04585401
      ,      ,6.693528,1.04562471
      ,      ,6.703541,-0.95483390
      ,      ,6.713553,-0.95483390
      ,      ,6.723566,-1.95506320
      ,      ,6.733579,-1.95506320
      ,      ,6.743592,-0.95483390
      ,      ,6.753605,-0.95483390
      ,      ,6.763617,1.04562471
      ,      ,6.773630,-0.95483390
      ,      ,6.783643,0.04539541
      ,      ,6.793656,1.04562471
      ,      ,6.803668,1.04562471
      ,      ,6.813681,0.04539541
      ,      ,6.823694,0.04539541
      ,      ,6.833707,-0.95483390
      ,      ,6.843719,-0.95483390
      ,      ,6.853732,1.04562471
      ,      ,6.863745,-0.95483390
      ,      ,6.873758,-0.95483390
      ,      ,6.883770,-2.95529250
      ,      ,6.893783,-0.95483390
      ,      ,6.903796,-0.95483390
      ,      ,6.913809,0.04539541
      ,      ,6.923821,-0.95483390
      ,      ,6.933834,-0.95483390
      ,      ,6.943847,-1.95506320
      ,      ,6.953860,-0.95483390
      ,      ,6.963872,-0.95483390
      ,      ,6.973885,0.04539541
      ,      ,6.983898,0.04539541
      ,      ,6.993911,0.04539541
      ,      ,7.003923,-0.95483390
      ,      ,7.013936,2.04585401
      ,      ,7.023949,-0.95483390
      ,      ,7.033962,0.04539541
      ,      ,7.043974,0.04539541
      ,      ,7.053987,0.04539541
      ,      ,7.064000,-1.95506320
      ,      ,7.074013,0.04539541
      ,      ,7.084025,-1.95506320
      ,      ,7.094038,-0.95483390
      ,      ,7.104051,0.04539541
      ,      ,7.114064,0.04539541
      ,      ,7.124077,-0.95483390
      ,      ,7.134089,0.04539541
      ,      ,7.144102,-0.95483390
      ,      ,7.154115,-0.95483390
      ,      ,7.164128,-0.95483390
      ,      ,7.174140,-0.95483390
      ,      ,7.184153,-0.95483390
      ,      ,7.194166,-1.95506320
      ,      ,7.204179,0.04539541
      ,      ,7.214191,-2.95529250
      ,      ,7.224204,0.04539541
      ,      ,7.234217,1.04562471
      ,      ,7.244230,-0.95483390
      ,      ,7.254242,-1.95506320
      ,      ,7.264255,1.04562471
      ,      ,7.274268,0.04539541
      ,      ,7.284281,1.04562471
      ,      ,7.294293,0.04539541
      ,      ,7.304306,0.04539541
      ,      ,7.314319,0.04539541
      ,      ,7.324332,0.04539541
      ,      ,7.334344,0.04539541
      ,      ,7.344357,0.04539541
      ,      ,7.354370,1.04562471
      ,      ,7.364383,1.04562471
      ,      ,7.374395,0.04539541
      ,      ,7.384408,-0.95483390
      ,      ,7.394421,0.04539541
      ,      ,7.404434,0.04539541
      ,      ,7.414446,1.04562471
      ,      ,7.424459,-1.95506320
      ,      ,7.434472,-0.95483390
      ,      ,7.444485,0.04539541
      ,      ,7.454497,1.04562471
      ,      ,7.464510,2.04585401
      ,      ,7.474523,-0.95483390
      ,      ,7.484536,3.04608332
      ,      ,7.494549,-0.95483390
      ,      ,7.504561,-0.95483390
      ,      ,7.514574,-0.95483390
      ,      ,7.524587,2.04585401
      ,      ,7.534600,0.04539541
      ,      ,7.544612,0.04539541
      ,      ,7.554625,0.04539541
      ,      ,7.564638,1.04562471
      ,      ,7.574651,1.04562471
      ,      ,7.584663,1.04562471
      ,      ,7.594676,-2.95529250
      ,      ,7.604689,-0.95483390
      ,      ,7.614702,1.04562471
      ,      ,7.624714,0.04539541
      ,      ,7.634727,2.04585401
      ,      ,7.644740,2.04585401
      ,      ,7.654753,0.04539541
      ,      ,7.664765,-0.95483390
      ,      ,7.674778,0.04539541
      ,      ,7.684791,0.04539541
      ,      ,7.694804,-0.95483390
      ,      ,7.704816,-0.95483390
      ,      ,7.714829,1.04562471
      ,      ,7.724842,-0.95483390
      ,      ,7.734855,0.04539541
      ,      ,7.744867,-0.95483390
      ,      ,7.754880,0.04539541
      ,      ,7.764893,-2.95529250
      ,      ,7.774906,0.04539541
      ,      ,7.784918,-0.95483390
      ,      ,7.794931,0.04539541
      ,      ,7.804944,2.04585401
      ,      ,7.814957,0.04539541
      ,      ,7.824969,1.04562471
      ,      ,7.834982,-0.95483390
      ,      ,7.844995,1.04562471
      ,      ,7.855008,1.04562471
      ,      ,7.865021,0.04539541
      ,      ,7.875033,-0.95483390
      ,      ,7.885046,2.04585401
      ,      ,7.895059,0.04539541
      ,      ,7.905072,-1.95506320
      ,      ,7.915084,2.04585401
      ,      ,7.925097,1.04562471
      ,      ,7.935110,-0.95483390
      ,      ,7.945123,1.04562471
      ,      ,7.955135,0.04539541
      ,      ,7.965148,1.04562471
      ,      ,7.975161,1.04562471
      ,      ,7.985174,1.04562471
      ,      ,7.995186,0.04539541
      ,      ,8.005199,2.04585401
      ,      ,8.015212,2.04585401
      ,      ,8.025225,0.04539541
      ,      ,8.035237,0.04539541
      ,      ,8.045250,1.04562471
      ,      ,8.055263,3.04608332
      ,      ,8.065276,1.04562471
      ,      ,8.075288,-0.95483390
      ,      ,8.085301,2.04585401
      ,      ,8.095314,1.04562471
      ,      ,8.105327,0.04539541
      ,      ,8.115339,0.04539541
      ,      ,8.125352,0.04539541
      ,      ,8.135365,1.04562471
      ,      ,8.145378,1.04562471
      ,      ,8.155390,0.04539541
      ,      ,8.165403,-0.95483390
      ,      ,8.175416,2.04585401
      ,      ,8.185429,1.04562471
      ,      ,8.195441,1.04562471
      ,      ,8.205454,-0.95483390
      ,      ,8.215467,1.04562471
      ,      ,8.225480,1.04562471
      ,      ,8.235493,1.04562471
      ,      ,8.245505,1.04562471
      ,      ,8.255518,-0.95483390
      ,      ,8.265531,2.04585401
      ,      ,8.275544,-0.95483390
      ,      ,8.285556,0.04539541
      ,      ,8.295569,1.04562471
      ,      ,8.305582,2.04585401
      ,      ,8.315595,0.04539541
      ,      ,8.325607,0.04539541
      ,      ,8.335620,1.04562471
      ,      ,8.345633,1.04562471
      ,      ,8.355646,2.04585401
      ,      ,8.365658,2.04585401
      ,      ,8.375671,0.04539541
      ,      ,8.385684,1.04562471
      ,      ,8.395697,3.04608332
      ,      ,8.405709,0.04539541
      ,      ,8.415722,-1.95506320
      ,      ,8.425735,0.04539541
      ,      ,8.435748,1.04562471
      ,      ,8.445760,-0.95483390
      ,      ,8.455773,2.04585401
      ,      ,8.465786,2.04585401
      ,      ,8.475799,2.04585401
      ,      ,8.485811,0.04539541
      ,      ,8.495824,0.04539541
      ,      ,8.505837,1.04562471
      ,      ,8.515850,2.04585401
      ,      ,8.525862,0.04539541
      ,      ,8.535875,-0.95483390
      ,      ,8.545888,-0.95483390
      ,      ,8.555901,1.04562471
      ,      ,8.565913,1.04562471
      ,      ,8.575926,0.04539541
      ,      ,8.585939,-0.95483390
      ,      ,8.595952,2.04585401
      ,      ,8.605965,1.04562471
      ,      ,8.615977,1.04562471
      ,      ,8.625990,1.04562471
      ,      ,8.636003,1.04562471
      ,      ,8.646016,1.04562471
      ,      ,8.656028,0.04539541
      ,      ,8.666041,-0.95483390
      ,      ,8.676054,0.04539541
      ,      ,8.686067,1.04562471
      ,      ,8.696079,0.04539541
      ,      ,8.706092,2.04585401
      ,      ,8.716105,-0.95483390
      ,      ,8.726118,0.04539541
      ,      ,8.736130,1.04562471
      ,      ,8.746143,0.04539541
      ,      ,8.756156,-0.95483390
      ,      ,8.766169,1.04562471
      ,      ,8.776181,1.04562471
      ,      ,8.786194,-0.95483390
      ,      ,8.796207,-0.95483390
      ,      ,8.806220,-1.95506320
      ,      ,8.816232,-1.95506320
      ,      ,8.826245,-0.95483390
      ,      ,8.836258,-1.95506320
      ,      ,8.846271,-0.95483390
      ,      ,8.856283,0.04539541
      ,      ,8.866296,-1.95506320
      ,      ,8.876309,-0.95483390
      ,      ,8.886322,0.04539541
      ,      ,8.896334,0.04539541
      ,      ,8.906347,-0.95483390
      ,      ,8.916360,0.04539541
      ,      ,8.926373,0.04539541
      ,      ,8.936385,1.04562471
      ,      ,8.946398,-0.95483390
      ,      ,8.956411,0.04539541
      ,      ,8.966424,3.04608332
      ,      ,8.976437,1.04562471
      ,      ,8.986449,3.04608332
      ,      ,8.996462,3.04608332
      ,      ,9.006475,0.04539541
      ,      ,9.016488,5.04654192
      ,      ,9.026500,0.04539541
      ,      ,9.036513,2.04585401
      ,      ,9.046526,3.04608332
      ,      ,9.056539,4.04631262
      ,      ,9.066551,1.04562471
      ,      ,9.076564,2.04585401
      ,      ,9.086577,2.04585401
      ,      ,9.096590,2.04585401
      ,      ,9.106602,-0.95483390
      ,      ,9.116615,-1.95506320
      ,      ,9.126628,-1.95506320
      ,      ,9.136641,-2.95529250
      ,      ,9.146653,-4.95575111
      ,      ,9.156666,-3.95552181
      ,      ,9.166679,-6.95620972
      ,      ,9.176692,-5.95598041
      ,      ,9.186704,-10.95712693
      ,      ,9.196717,-9.95689763
      ,      ,9.206730,-10.95712693
      ,      ,9.216743,-11.95735623
      ,      ,9.226755,-10.95712693
      ,      ,9.236768,-12.95758554
      ,      ,9.246781,-13.95781484
      ,      ,9.256794,-11.95735623
      ,      ,9.266806,-14.95804415
      ,      ,9.276819,-13.95781484
      ,      ,9.286832,-12.95758554
      ,      ,9.296845,-12.95758554
      ,      ,9.306857,-9.95689763
      ,      ,9.316870,-9.95689763
      ,      ,9.326883,-9.95689763
      ,      ,9.336896,-5.95598041
      ,      ,9.346909,-6.95620972
      ,      ,9.356921,-3.95552181
      ,      ,9.366934,-3.95552181
      ,      ,9.376947,-1.95506320
      ,      ,9.386960,-1.95506320
      ,      ,9.396972,0.04539541
      ,      ,9.406985,1.04562471
      ,      ,9.416998,2.04585401
      ,      ,9.427011,2.04585401
      ,      ,9.437023,0.04539541
      ,      ,9.447036,-0.95483390
      ,      ,9.457049,-0.95483390
      ,      ,9.467062,-0.95483390
      ,      ,9.477074,-2.95529250
      ,      ,9.487087,-3.95552181
      ,      ,9.497100,-4.95575111
      ,      ,9.507113,-8.95666832
      ,      ,9.517125,-11.95735623
      ,      ,9.527138,-13.95781484
      ,      ,9.537151,-15.95827345
      ,      ,9.547164,-12.95758554
      ,      ,9.557176,-12.95758554
      ,      ,9.567189,-12.95758554
      ,      ,9.577202,-11.95735623
      ,      ,9.587215,-10.95712693
      ,      ,9.597227,-13.95781484
      ,      ,9.607240,-10.95712693
      ,      ,9.617253,-9.95689763
      ,      ,9.627266,-7.95643902
      ,      ,9.637278,-9.95689763
      ,      ,9.647291,-7.95643902
      ,      ,9.657304,-5.95598041
      ,      ,9.667317,-7.95643902
      ,      ,9.677330,-3.95552181
      ,      ,9.687342,-3.95552181
      ,      ,9.697355,0.04539541
      ,      ,9.707368,0.04539541
      ,      ,9.717381,-0.95483390
      ,      ,9.727393,-0.95483390
      ,      ,9.737406,0.04539541
      ,      ,9.747419,-0.95483390
      ,      ,9.757432,0.04539541
      ,      ,9.767444,1.04562471
      ,      ,9.777457,1.04562471
      ,      ,9.787470,1.04562471
      ,      ,9.797483,0.04539541
      ,      ,9.807495,0.04539541
      ,      ,9.817508,1.04562471
      ,      ,9.827521,1.04562471
      ,      ,9.837534,1.04562471
      ,      ,9.847546,1.04562471
      ,      ,9.857559,3.04608332
      ,      ,9.867572,-0.95483390
      ,      ,9.877585,0.04539541
      ,      ,9.887597,0.04539541
      ,      ,9.897610,-0.95483390
      ,      ,9.907623,-1.95506320
      ,      ,9.917636,-1.95506320
      ,      ,9.927648,-2.95529250
      ,      ,9.937661,-1.95506320
      ,      ,9.947674,-2.95529250
      ,      ,9.957687,-3.95552181
      ,      ,9.967699,-0.95483390
      ,      ,9.977712,-2.95529250
      ,      ,9.987725,0.04539541
      ,      ,9.997738,2.04585401
      ,      ,10.007750,1.04562471
      ,      ,10.017763,1.04562471
      ,      ,10.027776,4.04631262
      ,      ,10.037789,6.04677123
      ,      ,10.047802,9.04745914
      ,      ,10.057814,10.04768844
      ,      ,10.067827,9.04745914
      ,      ,10.077840,12.04814705
      ,      ,10.087853,8.04722983
      ,      ,10.097865,6.04677123
      ,      ,10.107878,-0.95483390
      ,      ,10.117891,3.04608332
      ,      ,10.127904,44.05548476
      ,      ,10.137916,49.05663128
      ,      ,10.147929,46.05594337
      ,      ,10.157942,49.05663128
      ,      ,10.167955,48.05640197
      ,      ,10.177967,49.05663128
      ,      ,10.187980,49.05663128
      ,      ,10.197993,52.05731919
      ,      ,10.208006,52.05731919
      ,      ,10.218018,54.05777779
      ,      ,10.228031,52.05731919
      ,      ,10.238044,53.05754849
      ,      ,10.248057,48.05640197
      ,      ,10.258069,52.05731919
      ,      ,10.268082,49.05663128
      ,      ,10.278095,48.05640197
      ,      ,10.288108,46.05594337
      ,      ,10.298120,45.05571406
      ,      ,10.308133,45.05571406
      ,      ,10.318146,42.05502615
      ,      ,10.328159,42.05502615
      ,      ,10.338171,41.05479685
      ,      ,10.348184,39.05433824
      ,      ,10.358197,41.05479685
      ,      ,10.368210,41.05479685
      ,      ,10.378222,39.05433824
      ,      ,10.388235,40.05456755
      ,      ,10.398248,40.05456755
      ,      ,10.408261,38.05410894
      ,      ,10.418274,40.05456755
      ,      ,10.428286,38.05410894
      ,      ,10.438299,39.05433824
      ,      ,10.448312,38.05410894
      ,      ,10.458325,37.05387964
      ,      ,10.468337,35.05342103
      ,      ,10.478350,29.05204521
      ,      ,10.488363,26.05135730
      ,      ,10.498376,25.05112799
      ,      ,10.508388,21.05021078
      ,      ,10.518401,22.05044008
      ,      ,10.528414,19.04975217
      ,      ,10.538427,16.04906426
      ,      ,10.548439,13.04837635
      ,      ,10.558452,12.04814705
      ,      ,10.568465,9.04745914
      ,      ,10.578478,12.04814705
      ,      ,10.588490,11.04791775
      ,      ,10.598503,11.04791775
      ,      ,10.608516,10.04768844
      ,      ,10.618529,6.04677123
      ,      ,10.628541,7.04700053
      ,      ,10.638554,8.04722983
      ,      ,10.648567,8.04722983
      ,      ,10.658580,10.04768844
      ,      ,10.668592,13.04837635
      ,      ,10.678605,20.04998148
      ,      ,10.688618,24.05089869
      ,      ,10.698631,17.04929357
      ,      ,10.708643,12.04814705
      ,      ,10.718656,9.04745914
      ,      ,10.728669,9.04745914
      ,      ,10.738682,12.04814705
      ,      ,10.748694,13.04837635
      ,      ,10.758707,15.04883496
      ,      ,10.768720,15.04883496
      ,      ,10.778733,13.04837635
      ,      ,10.788746,11.04791775
      ,      ,10.798758,8.04722983
      ,      ,10.808771,3.04608332
      ,      ,10.818784,-1.95506320
      ,      ,10.828797,-6.95620972
      ,      ,10.838809,-13.95781484
      ,      ,10.848822,-17.95873206
      ,      ,10.858835,-15.95827345
      ,      ,10.868848,-14.95804415
      ,      ,10.878860,-11.95735623
      ,      ,10.888873,-9.95689763
      ,      ,10.898886,-9.95689763
      ,      ,10.908899,-10.95712693
      ,      ,10.918911,-10.95712693
      ,      ,10.928924,-11.95735623
      ,      ,10.938937,-12.95758554
      ,      ,10.948950,-13.95781484
      ,      ,10.958962,-13.95781484
      ,      ,10.968975,-11.95735623
      ,      ,10.978988,-9.95689763
      ,      ,10.989001,-2.95529250
      ,      ,10.999013,-2.95529250
      ,      ,11.009026,2.04585401
      ,      ,11.019039,6.04677123
      ,      ,11.029052,5.04654192
      ,      ,11.039064,2.04585401
      ,      ,11.049077,0.04539541
      ,      ,11.059090,-3.95552181
      ,      ,11.069103,-7.95643902
      ,      ,11.079115,-12.95758554
      ,      ,11.089128,-19.95919066
      ,      ,11.099141,-26.96079579
      ,      ,11.109154,-27.96102509
      ,      ,11.119166,-26.96079579
      ,      ,11.129179,-25.96056648
      ,      ,11.139192,-24.96033718
      ,      ,11.149205,-19.95919066
      ,      ,11.159218,-19.95919066
      ,      ,11.169230,-17.95873206
      ,      ,11.179243,-16.95850275
      ,      ,11.189256,-17.95873206
      ,      ,11.199269,-14.95804415
      ,      ,11.209281,-11.95735623
      ,      ,11.219294,-10.95712693
      ,      ,11.229307,-8.95666832
      ,      ,11.239320,-4.95575111
      ,      ,11.249332,-2.95529250
      ,      ,11.259345,-3.95552181
      ,      ,11.269358,-1.95506320
      ,      ,11.279371,-0.95483390
      ,      ,11.289383,2.04585401
      ,      ,11.299396,5.04654192
      ,      ,11.309409,8.04722983
      ,      ,11.319422,10.04768844
      ,      ,11.329434,8.04722983
      ,      ,11.339447,12.04814705
      ,      ,11.349460,11.04791775
      ,      ,11.359473,8.04722983
      ,      ,11.369485,5.04654192
      ,      ,11.379498,2.04585401
      ,      ,11.389511,1.04562471
      ,      ,11.399524,1.04562471
      ,      ,11.409536,4.04631262
      ,      ,11.419549,7.04700053
      ,      ,11.429562,10.04768844
      ,      ,11.439575,4.04631262
      ,      ,11.449587,-0.95483390
      ,      ,11.459600,-3.95552181
      ,      ,11.469613,-0.95483390
      ,      ,11.479626,-0.95483390
      ,      ,11.489638,-0.95483390
      ,      ,11.499651,1.04562471
      ,      ,11.509664,-1.95506320
      ,      ,11.519677,2.04585401
      ,      ,11.529690,2.04585401
      ,      ,11.539702,4.04631262
      ,      ,11.549715,2.04585401
      ,      ,11.559728,3.04608332
      ,      ,11.569741,3.04608332
      ,      ,11.579753,6.04677123
      ,      ,11.589766,4.04631262
      ,      ,11.599779,5.04654192
      ,      ,11.609792,5.04654192
      ,      ,11.619804,3.04608332
      ,      ,11.629817,1.04562471
      ,      ,11.639830,1.04562471
      ,      ,11.649843,3.04608332
      ,      ,11.659855,0.04539541
      ,      ,11.669868,2.04585401
      ,      ,11.679881,4.04631262
      ,      ,11.689894,2.04585401
      ,      ,11.699906,3.04608332
      ,      ,11.709919,5.04654192
      ,      ,11.719932,4.04631262
      ,      ,11.729945,5.04654192
      ,      ,11.739957,6.04677123
      ,      ,11.749970,5.04654192
      ,      ,11.759983,7.04700053
      ,      ,11.769996,8.04722983
      ,      ,11.780008,8.04722983
      ,      ,11.790021,11.04791775
      ,      ,11.800034,10.04768844
      ,      ,11.810047,8.04722983
      ,      ,11.820059,3.04608332
      ,      ,11.830072,2.04585401
      ,      ,11.840085,7.04700053
      ,      ,11.850098,7.04700053
      ,      ,11.860110,12.04814705
      ,      ,11.870123,10.04768844
      ,      ,11.880136,12.04814705
      ,      ,11.890149,10.04768844
      ,      ,11.900162,9.04745914
      ,      ,11.910174,9.04745914
      ,      ,11.920187,9.04745914
      ,      ,11.930200,8.04722983
      ,      ,11.940213,7.04700053
      ,      ,11.950225,7.04700053
      ,      ,11.960238,7.04700053
      ,      ,11.970251,6.04677123
      ,      ,11.980264,4.04631262
      ,      ,11.990276,4.04631262
      ,      ,12.000289,3.04608332
      ,      ,12.010302,1.04562471
      ,      ,12.020315,3.04608332
      ,      ,12.030327,1.04562471
      ,      ,12.040340,3.04608332
      ,      ,12.050353,3.04608332
      ,      ,12.060366,6.04677123
      ,      ,12.070378,3.04608332
      ,      ,12.080391,4.04631262
      ,      ,12.090404,6.04677123
      ,      ,12.100417,5.04654192
      ,      ,12.110429,6.04677123
      ,      ,12.120442,8.04722983
      ,      ,12.130455,8.04722983
      ,      ,12.140468,9.04745914
      ,      ,12.150480,10.04768844
      ,      ,12.160493,7.04700053
      ,      ,12.170506,6.04677123
      ,      ,12.180519,7.04700053
      ,      ,12.190531,7.04700053
      ,      ,12.200544,6.04677123
      ,      ,12.210557,3.04608332
      ,      ,12.220570,6.04677123
      ,      ,12.230583,6.04677123
      ,      ,12.240595,1.04562471
      ,      ,12.250608,2.04585401
      ,      ,12.260621,0.04539541
      ,      ,12.270634,0.04539541
      ,      ,12.280646,1.04562471
      ,      ,12.290659,1.04562471
      ,      ,12.300672,2.04585401
      ,      ,12.310685,0.04539541
      ,      ,12.320697,0.04539541
      ,      ,12.330710,2.04585401
      ,      ,12.340723,0.04539541
      ,      ,12.350736,-0.95483390
      ,      ,12.360748,1.04562471
      ,      ,12.370761,0.04539541
      ,      ,12.380774,1.04562471
      ,      ,12.390787,4.04631262
      ,      ,12.400799,6.04677123
      ,      ,12.410812,8.04722983
      ,      ,12.420825,8.04722983
      ,      ,12.430838,11.04791775
      ,      ,12.440850,10.04768844
      ,      ,12.450863,11.04791775
      ,      ,12.460876,11.04791775
      ,      ,12.470889,9.04745914
      ,      ,12.480901,9.04745914
      ,      ,12.490914,7.04700053
      ,      ,12.500927,7.04700053
      ,      ,12.510940,5.04654192
      ,      ,12.520952,4.04631262
      ,      ,12.530965,4.04631262
      ,      ,12.540978,2.04585401
      ,      ,12.550991,1.04562471
      ,      ,12.561003,1.04562471
      ,      ,12.571016,0.04539541
      ,      ,12.581029,2.04585401
      ,      ,12.591042,4.04631262
      ,      ,12.601055,3.04608332
      ,      ,12.611067,3.04608332
      ,      ,12.621080,4.04631262
      ,      ,12.631093,5.04654192
      ,      ,12.641106,3.04608332
      ,      ,12.651118,4.04631262
      ,      ,12.661131,3.04608332
      ,      ,12.671144,4.04631262
      ,      ,12.681157,3.04608332
      ,      ,12.691169,3.04608332
      ,      ,12.701182,3.04608332
      ,      ,12.711195,2.04585401
      ,      ,12.721208,2.04585401
      ,      ,12.731220,3.04608332
      ,      ,12.741233,3.04608332
      ,      ,12.751246,2.04585401
      ,      ,12.761259,4.04631262
      ,      ,12.771271,5.04654192
      ,      ,12.781284,4.04631262
      ,      ,12.791297,1.04562471
      ,      ,12.801310,3.04608332
      ,      ,12.811322,-2.95529250
      ,      ,12.821335,-5.95598041
      ,      ,12.831348,-3.95552181
      ,      ,12.841361,-3.95552181
      ,      ,12.851373,-1.95506320
      ,      ,12.861386,-1.95506320
      ,      ,12.871399,-2.95529250
      ,      ,12.881412,-1.95506320
      ,      ,12.891424,-2.95529250
      ,      ,12.901437,-0.95483390
      ,      ,12.911450,0.04539541
      ,      ,12.921463,1.04562471
      ,      ,12.931475,3.04608332
      ,      ,12.941488,6.04677123
      ,      ,12.951501,9.04745914
      ,      ,12.961514,13.04837635
      ,      ,12.971527,10.04768844
      ,      ,12.981539,10.04768844
      ,      ,12.991552,7.04700053
      ,      ,13.001565,7.04700053
      ,      ,13.011578,4.04631262
      ,      ,13.021590,6.04677123
      ,      ,13.031603,7.04700053
      ,      ,13.041616,6.04677123
      ,      ,13.051629,6.04677123
      ,      ,13.061641,7.04700053
      ,      ,13.071654,9.04745914
      ,      ,13.081667,8.04722983
      ,      ,13.091680,8.04722983
      ,      ,13.101692,7.04700053
      ,      ,13.111705,7.04700053
      ,      ,13.121718,4.04631262
      ,      ,13.131731,7.04700053
      ,      ,13.141743,5.04654192
      ,      ,13.151756,5.04654192
      ,      ,13.161769,8.04722983
      ,      ,13.171782,12.04814705
      ,      ,13.181794,13.04837635
      ,      ,13.191807,10.04768844
      ,      ,13.201820,9.04745914
      ,      ,13.211833,9.04745914
      ,      ,13.221845,7.04700053
      ,      ,13.231858,7.04700053
      ,      ,13.241871,6.04677123
      ,      ,13.251884,6.04677123
      ,      ,13.261896,6.04677123
      ,      ,13.271909,6.04677123
      ,      ,13.281922,4.04631262
      ,      ,13.291935,3.04608332
      ,      ,13.301947,3.04608332
      ,      ,13.311960,-1.95506320
      ,      ,13.321973,-0.95483390
      ,      ,13.331986,0.04539541
      ,      ,13.341999,-0.95483390
      ,      ,13.352011,-2.95529250
      ,      ,13.362024,-0.95483390
      ,      ,13.372037,-1.95506320
      ,      ,13.382050,-0.95483390
      ,      ,13.392062,1.04562471
      ,      ,13.402075,2.04585401
      ,      ,13.412088,-0.95483390
      ,      ,13.422101,1.04562471
      ,      ,13.432113,-0.95483390
      ,      ,13.442126,-0.95483390
      ,      ,13.452139,1.04562471
      ,      ,13.462152,2.04585401
      ,      ,13.472164,1.04562471
      ,      ,13.482177,3.04608332
      ,      ,13.492190,2.04585401
      ,      ,13.502203,2.04585401
      ,      ,13.512215,2.04585401
      ,      ,13.522228,2.04585401
      ,      ,13.532241,2.04585401
      ,      ,13.542254,1.04562471
      ,      ,13.552266,1.04562471
      ,      ,13.562279,-1.95506320
      ,      ,13.572292,-0.95483390
      ,      ,13.582305,0.04539541
      ,      ,13.592317,1.04562471
      ,      ,13.602330,1.04562471
      ,      ,13.612343,2.04585401
      ,      ,13.622356,1.04562471
      ,      ,13.632368,0.04539541
      ,      ,13.642381,1.04562471
      ,      ,13.652394,-0.95483390
      ,      ,13.662407,2.04585401
      ,      ,13.672419,4.04631262
      ,      ,13.682432,1.04562471
      ,      ,13.692445,0.04539541
      ,      ,13.702458,0.04539541
      ,      ,13.712471,1.04562471
      ,      ,13.722483,-0.95483390
      ,      ,13.732496,1.04562471
      ,      ,13.742509,-0.95483390
      ,      ,13.752522,0.04539541
      ,      ,13.762534,0.04539541
      ,      ,13.772547,-1.95506320
      ,      ,13.782560,-0.95483390
      ,      ,13.792573,2.04585401
      ,      ,13.802585,2.04585401
      ,      ,13.812598,1.04562471
      ,      ,13.822611,3.04608332
      ,      ,13.832624,2.04585401
      ,      ,13.842636,0.04539541
      ,      ,13.852649,0.04539541
      ,      ,13.862662,3.04608332
      ,      ,13.872675,-0.95483390
      ,      ,13.882687,0.04539541
      ,      ,13.892700,2.04585401
      ,      ,13.902713,0.04539541
      ,      ,13.912726,3.04608332
      ,      ,13.922738,4.04631262
      ,      ,13.932751,3.04608332
      ,      ,13.942764,2.04585401
      ,      ,13.952777,2.04585401
      ,      ,13.962789,-0.95483390
      ,      ,13.972802,1.04562471
      ,      ,13.982815,3.04608332
      ,      ,13.992828,2.04585401
      ,      ,14.002840,2.04585401
      ,      ,14.012853,1.04562471
      ,      ,14.022866,-1.95506320
      ,      ,14.032879,0.04539541
      ,      ,14.042891,1.04562471
      ,      ,14.052904,-0.95483390
      ,      ,14.062917,1.04562471
      ,      ,14.072930,2.04585401
      ,      ,14.082943,2.04585401
      ,      ,14.092955,2.04585401
      ,      ,14.102968,4.04631262
      ,      ,14.112981,3.04608332
      ,      ,14.122994,4.04631262
      ,      ,14.133006,6.04677123
      ,      ,14.143019,4.04631262
      ,      ,14.153032,2.04585401
      ,      ,14.163045,4.04631262
      ,      ,14.173057,3.04608332
      ,      ,14.183070,6.04677123
      ,      ,14.193083,3.04608332
      ,      ,14.203096,5.04654192
      ,      ,14.213108,6.04677123
      ,      ,14.223121,5.04654192
      ,      ,14.233134,5.04654192
      ,      ,14.243147,4.04631262
      ,      ,14.253159,5.04654192
      ,      ,14.263172,5.04654192
      ,      ,14.273185,3.04608332
      ,      ,14.283198,2.04585401
      ,      ,14.293210,5.04654192
      ,      ,14.303223,3.04608332
      ,      ,14.313236,3.04608332
      ,      ,14.323249,1.04562471
      ,      ,14.333261,0.04539541
      ,      ,14.343274,-1.95506320
      ,      ,14.353287,0.04539541
      ,      ,14.363300,-1.95506320
      ,      ,14.373312,-2.95529250
      ,      ,14.383325,-0.95483390
      ,      ,14.393338,1.04562471
      ,      ,14.403351,1.04562471
      ,      ,14.413363,1.04562471
      ,      ,14.423376,2.04585401
      ,      ,14.433389,0.04539541
      ,      ,14.443402,2.04585401
      ,      ,14.453415,1.04562471
      ,      ,14.463427,1.04562471
      ,      ,14.473440,1.04562471
      ,      ,14.483453,2.04585401
      ,      ,14.493466,1.04562471
      ,      ,14.503478,2.04585401
      ,      ,14.513491,1.04562471
      ,      ,14.523504,0.04539541
      ,      ,14.533517,0.04539541
      ,      ,14.543529,-1.95506320
      ,      ,14.553542,0.04539541
      ,      ,14.563555,-0.95483390
      ,      ,14.573568,1.04562471
      ,      ,14.583580,-0.95483390
      ,      ,14.593593,0.04539541
      ,      ,14.603606,2.04585401
      ,      ,14.613619,0.04539541
      ,      ,14.623631,0.04539541
      ,      ,14.633644,-1.95506320
      ,      ,14.643657,-1.95506320
      ,      ,14.653670,-2.95529250
      ,      ,14.663682,-2.95529250
      ,      ,14.673695,-2.95529250
      ,      ,14.683708,-0.95483390
      ,      ,14.693721,-0.95483390
      ,      ,14.703733,-0.95483390
      ,      ,14.713746,0.04539541
      ,      ,14.723759,0.04539541
      ,      ,14.733772,-0.95483390
      ,      ,14.743784,-1.95506320
      ,      ,14.753797,0.04539541
      ,      ,14.763810,2.04585401
      ,      ,14.773823,0.04539541
      ,      ,14.783836,1.04562471
      ,      ,14.793848,2.04585401
      ,      ,14.803861,4.04631262
      ,      ,14.813874,6.04677123
      ,      ,14.823887,3.04608332
      ,      ,14.833899,2.04585401
      ,      ,14.843912,0.04539541
      ,      ,14.853925,2.04585401
      ,      ,14.863938,1.04562471
      ,      ,14.873950,2.04585401
      ,      ,14.883963,0.04539541
      ,      ,14.893976,1.04562471
      ,      ,14.903989,1.04562471
      ,      ,14.914001,2.04585401
      ,      ,14.924014,2.04585401
      ,      ,14.934027,4.04631262
      ,      ,14.944040,4.04631262
      ,      ,14.954052,5.04654192
      ,      ,14.964065,5.04654192
      ,      ,14.974078,5.04654192
      ,      ,14.984091,6.04677123
      ,      ,14.994103,6.04677123
      ,      ,15.004116,6.04677123
      ,      ,15.014129,5.04654192
      ,      ,15.024142,4.04631262
      ,      ,15.034154,6.04677123
      ,      ,15.044167,5.04654192
      ,      ,15.054180,4.04631262
      ,      ,15.064193,6.04677123
      ,      ,15.074205,6.04677123
      ,      ,15.084218,5.04654192
      ,      ,15.094231,4.04631262
      ,      ,15.104244,4.04631262
      ,      ,15.114256,4.04631262
      ,      ,15.124269,4.04631262
      ,      ,15.134282,3.04608332
      ,      ,15.144295,5.04654192
      ,      ,15.154308,5.04654192
      ,      ,15.164320,4.04631262
      ,      ,15.174333,5.04654192
      ,      ,15.184346,4.04631262
      ,      ,15.194359,1.04562471
      ,      ,15.204371,-0.95483390
      ,      ,15.214384,-7.95643902
      ,      ,15.224397,-11.95735623
      ,      ,15.234410,-11.95735623
      ,      ,15.244422,-9.95689763
      ,      ,15.254435,-1.95506320
      ,      ,15.264448,11.04791775
      ,      ,15.274461,20.04998148
      ,      ,15.284473,16.04906426
      ,      ,15.294486,10.04768844
      ,      ,15.304499,10.04768844
      ,      ,15.314512,4.04631262
      ,      ,15.324524,4.04631262
      ,      ,15.334537,3.04608332
      ,      ,15.344550,3.04608332
      ,      ,15.354563,3.04608332
      ,      ,15.364575,4.04631262
      ,      ,15.374588,3.04608332
      ,      ,15.384601,0.04539541
      ,      ,15.394614,3.04608332
      ,      ,15.404626,1.04562471
      ,      ,15.414639,3.04608332
      ,      ,15.424652,3.04608332
      ,      ,15.434665,1.04562471
      ,      ,15.444677,4.04631262
      ,      ,15.454690,3.04608332
      ,      ,15.464703,1.04562471
      ,      ,15.474716,2.04585401
      ,      ,15.484728,1.04562471
      ,      ,15.494741,0.04539541
      ,      ,15.504754,11.04791775
      ,      ,15.514767,19.04975217
      ,      ,15.524780,19.04975217
      ,      ,15.534792,18.04952287
      ,      ,15.544805,12.04814705
      ,      ,15.554818,6.04677123
      ,      ,15.564831,0.04539541
      ,      ,15.574843,-4.95575111
      ,      ,15.584856,-11.95735623
      ,      ,15.594869,-18.95896136
      ,      ,15.604882,-20.95941997
      ,      ,15.614894,-19.95919066
      ,      ,15.624907,-14.95804415
      ,      ,15.634920,-12.95758554
      ,      ,15.644933,-1.95506320
      ,      ,15.654945,8.04722983
      ,      ,15.664958,15.04883496
      ,      ,15.674971,24.05089869
      ,      ,15.684984,28.05181590
      ,      ,15.694996,31.05250381
      ,      ,15.705009,33.05296242
      ,      ,15.715022,30.05227451
      ,      ,15.725035,23.05066939
      ,      ,15.735047,17.04929357
      ,      ,15.745060,13.04837635
      ,      ,15.755073,6.04677123
      ,      ,15.765086,-0.95483390
      ,      ,15.775098,-3.95552181
      ,      ,15.785111,-6.95620972
      ,      ,15.795124,-6.95620972
      ,      ,15.805137,-6.95620972
      ,      ,15.815149,-3.95552181
      ,      ,15.825162,-0.95483390
      ,      ,15.835175,5.04654192
      ,      ,15.845188,6.04677123
      ,      ,15.855200,11.04791775
      ,      ,15.865213,14.04860566
      ,      ,15.875226,15.04883496
      ,      ,15.885239,17.04929357
      ,      ,15.895252,18.04952287
      ,      ,15.905264,17.04929357
      ,      ,15.915277,17.04929357
      ,      ,15.925290,14.04860566
      ,      ,15.935303,13.04837635
      ,      ,15.945315,11.04791775
      ,      ,15.955328,8.04722983
      ,      ,15.965341,4.04631262
      ,      ,15.975354,5.04654192
      ,      ,15.985366,2.04585401
      ,      ,15.995379,-2.95529250
      ,      ,16.005392,-4.95575111
      ,      ,16.015405,-6.95620972
      ,      ,16.025417,-5.95598041
      ,      ,16.035430,-1.95506320
      ,      ,16.045443,-0.95483390
      ,      ,16.055456,2.04585401
      ,      ,16.065468,6.04677123
      ,      ,16.075481,10.04768844
      ,      ,16.085494,19.04975217
      ,      ,16.095507,19.04975217
      ,      ,16.105519,23.05066939
      ,      ,16.115532,26.05135730
      ,      ,16.125545,26.05135730
      ,      ,16.135558,21.05021078
      ,      ,16.145570,16.04906426
      ,      ,16.155583,9.04745914
      ,      ,16.165596,3.04608332
      ,      ,16.175609,-5.95598041
      ,      ,16.185621,-13.95781484
      ,      ,16.195634,-20.95941997
      ,      ,16.205647,-20.95941997
      ,      ,16.215660,-18.95896136
      ,      ,16.225672,-13.95781484
      ,      ,16.235685,-6.95620972
      ,      ,16.245698,0.04539541
      ,      ,16.255711,11.04791775
      ,      ,16.265724,24.05089869
      ,      ,16.275736,27.05158660
      ,      ,16.285749,36.05365033
      ,      ,16.295762,40.05456755
      ,      ,16.305775,39.05433824
      ,      ,16.315787,34.05319173
      ,      ,16.325800,24.05089869
      ,      ,16.335813,10.04768844
      ,      ,16.345826,-2.95529250
      ,      ,16.355838,-15.95827345
      ,      ,16.365851,-28.96125439
      ,      ,16.375864,-35.96285952
      ,      ,16.385877,-37.96331813
      ,      ,16.395889,-35.96285952
      ,      ,16.405902,-24.96033718
      ,      ,16.415915,-12.95758554
      ,      ,16.425928,3.04608332
      ,      ,16.435940,19.04975217
      ,      ,16.445953,42.05502615
      ,      ,16.455966,52.05731919
      ,      ,16.465979,60.05915362
      ,      ,16.475991,64.06007083
      ,      ,16.486004,54.05777779
      ,      ,16.496017,44.05548476
      ,      ,16.506030,25.05112799
      ,      ,16.516042,5.04654192
      ,      ,16.526055,-15.95827345
      ,      ,16.536068,-36.96308882
      ,      ,16.546081,-48.96584046
      ,      ,16.556093,-59.96836280
      ,      ,16.566106,-55.96744559
      ,      ,16.576119,-48.96584046
      ,      ,16.586132,-29.96148370
      ,      ,16.596144,-10.95712693
      ,      ,16.606157,11.04791775
      ,      ,16.616170,34.05319173
      ,      ,16.626183,58.05869501
      ,      ,16.636196,73.06213456
      ,      ,16.646208,79.06351038
      ,      ,16.656221,76.06282247
      ,      ,16.666234,62.05961222
      ,      ,16.676247,42.05502615
      ,      ,16.686259,14.04860566
      ,      ,16.696272,-6.95620972
      ,      ,16.706285,-35.96285952
      ,      ,16.716298,-59.96836280
      ,      ,16.726310,-71.97111444
      ,      ,16.736323,-76.97226096
      ,      ,16.746336,-67.97019723
      ,      ,16.756349,-53.96698698
      ,      ,16.766361,-29.96148370
      ,      ,16.776374,-1.95506320
      ,      ,16.786387,30.05227451
      ,      ,16.796400,61.05938292
      ,      ,16.806412,85.06488620
      ,      ,16.816425,95.06717924
      ,      ,16.826438,98.06786715
      ,      ,16.836451,89.06580342
      ,      ,16.846463,69.06121735
      ,      ,16.856476,38.05410894
      ,      ,16.866489,4.04631262
      ,      ,16.876502,-30.96171300
      ,      ,16.886514,-64.96950932
      ,      ,16.896527,-83.97386608
      ,      ,16.906540,-97.97707633
      ,      ,16.916553,-96.97684703
      ,      ,16.926565,-82.97363678
      ,      ,16.936578,-49.96606977
      ,      ,16.946591,-19.95919066
      ,      ,16.956604,15.04883496
      ,      ,16.966616,57.05846570
      ,      ,16.976629,86.06511551
      ,      ,16.986642,109.07038949
      ,      ,16.996655,117.07222391
      ,      ,17.006668,114.07153600
      ,      ,17.016680,92.06649133
      ,      ,17.026693,61.05938292
      ,      ,17.036706,18.04952287
      ,      ,17.046719,-17.95873206
      ,      ,17.056731,-61.96882141
      ,      ,17.066744,-90.97547121
      ,      ,17.076757,-112.98051589
      ,      ,17.086770,-118.98189171
      ,      ,17.096782,-106.97914006
      ,      ,17.106795,-81.97340748
      ,      ,17.116808,-46.96538186
      ,      ,17.126821,-2.95529250
      ,      ,17.136833,43.05525546
      ,      ,17.146846,86.06511551
      ,      ,17.156859,113.07130670
      ,      ,17.166872,136.07658068
      ,      ,17.176884,135.07635138
      ,      ,17.186897,119.07268252
      ,      ,17.196910,92.06649133
      ,      ,17.206923,52.05731919
      ,      ,17.216935,-3.95552181
      ,      ,17.226948,-47.96561116
      ,      ,17.236961,-92.97592982
      ,      ,17.246974,-117.98166240
      ,      ,17.256986,-125.98349683
      ,      ,17.266999,-135.98578987
      ,      ,17.277012,-114.98097449
      ,      ,17.287025,-79.97294887
      ,      ,17.297037,-31.96194230
      ,      ,17.307050,18.04952287
      ,      ,17.317063,67.06075874
      ,      ,17.327076,101.06855506
      ,      ,17.337088,131.07543416
      ,      ,17.347101,141.07772720
      ,      ,17.357114,138.07703929
      ,      ,17.367127,114.07153600
      ,      ,17.377140,84.06465690
      ,      ,17.387152,30.05227451
      ,      ,17.397165,-8.95666832
      ,      ,17.407178,-55.96744559
      ,      ,17.417191,-94.97638842
      ,      ,17.427203,-118.98189171
      ,      ,17.437216,-126.98372613
      ,      ,17.447229,-115.98120380
      ,      ,17.457242,-88.97501260
      ,      ,17.467254,-54.96721628
      ,      ,17.477267,-11.95735623
      ,      ,17.487280,31.05250381
      ,      ,17.497293,75.06259317
      ,      ,17.507305,102.06878436
      ,      ,17.517318,125.07405834
      ,      ,17.527331,127.07451695
      ,      ,17.537344,113.07130670
      ,      ,17.547356,90.06603272
      ,      ,17.557369,52.05731919
      ,      ,17.567382,7.04700053
      ,      ,17.577395,-28.96125439
      ,      ,17.587407,-68.97042653
      ,      ,17.597420,-98.97730564
      ,      ,17.607433,-108.97959867
      ,      ,17.617446,-109.97982798
      ,      ,17.627458,-93.97615912
      ,      ,17.637471,-71.97111444
      ,      ,17.647484,-27.96102509
      ,      ,17.657497,9.04745914
      ,      ,17.667509,48.05640197
      ,      ,17.677522,82.06419829
      ,      ,17.687535,106.06970158
      ,      ,17.697548,117.07222391
      ,      ,17.707561,110.07061879
      ,      ,17.717573,93.06672063
      ,      ,17.727586,64.06007083
      ,      ,17.737599,22.05044008
      ,      ,17.747612,-8.95666832
      ,      ,17.757624,-45.96515255
      ,      ,17.767637,-74.97180235
      ,      ,17.777650,-90.97547121
      ,      ,17.787663,-92.97592982
      ,      ,17.797675,-82.97363678
      ,      ,17.807688,-63.96928002
      ,      ,17.817701,-35.96285952
      ,      ,17.827714,-3.95552181
      ,      ,17.837726,28.05181590
      ,      ,17.847739,61.05938292
      ,      ,17.857752,80.06373968
      ,      ,17.867765,94.06694993
      ,      ,17.877777,93.06672063
      ,      ,17.887790,84.06465690
      ,      ,17.897803,63.05984153
      ,      ,17.907816,42.05502615
      ,      ,17.917828,10.04768844
      ,      ,17.927841,-19.95919066
      ,      ,17.937854,-48.96584046
      ,      ,17.947867,-63.96928002
      ,      ,17.957879,-73.97157305
      ,      ,17.967892,-74.97180235
      ,      ,17.977905,-65.96973862
      ,      ,17.987918,-45.96515255
      ,      ,17.997930,-18.95896136
      ,      ,18.007943,9.04745914
      ,      ,18.017956,37.05387964
      ,      ,18.027969,54.05777779
      ,      ,18.037981,70.06144665
      ,      ,18.047994,74.06236386
      ,      ,18.058007,75.06259317
      ,      ,18.068020,61.05938292
      ,      ,18.078033,44.05548476
      ,      ,18.088045,19.04975217
      ,      ,18.098058,-6.95620972
      ,      ,18.108071,-29.96148370
      ,      ,18.118084,-49.96606977
      ,      ,18.128096,-60.96859210
      ,      ,18.138109,-60.96859210
      ,      ,18.148122,-55.96744559
      ,      ,18.158135,-47.96561116
      ,      ,18.168147,-26.96079579
      ,      ,18.178160,-1.95506320
      ,      ,18.188173,18.04952287
      ,      ,18.198186,43.05525546
      ,      ,18.208198,54.05777779
      ,      ,18.218211,63.05984153
      ,      ,18.228224,59.05892431
      ,      ,18.238237,55.05800710
      ,      ,18.248249,41.05479685
      ,      ,18.258262,28.05181590
      ,      ,18.268275,6.04677123
      ,      ,18.278288,-7.95643902
      ,      ,18.288300,-24.96033718
      ,      ,18.298313,-32.96217161
      ,      ,18.308326,-37.96331813
      ,      ,18.318339,-37.96331813
      ,      ,18.328351,-36.96308882
      ,      ,18.338364,-26.96079579
      ,      ,18.348377,-10.95712693
      ,      ,18.358390,2.04585401
      ,      ,18.368402,18.04952287
      ,      ,18.378415,34.05319173
      ,      ,18.388428,46.05594337
      ,      ,18.398441,46.05594337
      ,      ,18.408453,48.05640197
      ,      ,18.418466,47.05617267
      ,      ,18.428479,35.05342103
      ,      ,18.438492,17.04929357
      ,      ,18.448505,4.04631262
      ,      ,18.458517,-7.95643902
      ,      ,18.468530,-20.95941997
      ,      ,18.478543,-23.96010788
      ,      ,18.488556,-33.96240091
      ,      ,18.498568,-27.96102509
      ,      ,18.508581,-25.96056648
      ,      ,18.518594,-17.95873206
      ,      ,18.528607,-4.95575111
      ,      ,18.538619,3.04608332
      ,      ,18.548632,12.04814705
      ,      ,18.558645,22.05044008
      ,      ,18.568658,32.05273312
      ,      ,18.578670,34.05319173
      ,      ,18.588683,33.05296242
      ,      ,18.598696,34.05319173
      ,      ,18.608709,26.05135730
      ,      ,18.618721,17.04929357
      ,      ,18.628734,4.04631262
      ,      ,18.638747,-4.95575111
      ,      ,18.648760,-9.95689763
      ,      ,18.658772,-15.95827345
      ,      ,18.668785,-22.95987857
      ,      ,18.678798,-23.96010788
      ,      ,18.688811,-26.96079579
      ,      ,18.698823,-16.95850275
      ,      ,18.708836,-7.95643902
      ,      ,18.718849,-2.95529250
      ,      ,18.728862,7.04700053
      ,      ,18.738874,16.04906426
      ,      ,18.748887,20.04998148
      ,      ,18.758900,27.05158660
      ,      ,18.768913,32.05273312
      ,      ,18.778925,23.05066939
      ,      ,18.788938,26.05135730
      ,      ,18.798951,21.05021078
      ,      ,18.808964,11.04791775
      ,      ,18.818977,3.04608332
      ,      ,18.828989,-2.95529250
      ,      ,18.839002,-8.95666832
      ,      ,18.849015,-10.95712693
      ,      ,18.859028,-15.95827345
      ,      ,18.869040,-17.95873206
      ,      ,18.879053,-14.95804415
      ,      ,18.889066,-10.95712693
      ,      ,18.899079,-5.95598041
      ,      ,18.909091,-0.95483390
      ,      ,18.919104,8.04722983
      ,      ,18.929117,12.04814705
      ,      ,18.939130,21.05021078
      ,      ,18.949142,21.05021078
      ,      ,18.959155,30.05227451
      ,      ,18.969168,27.05158660
      ,      ,18.979181,31.05250381
      ,      ,18.989193,24.05089869
      ,      ,18.999206,12.04814705
      ,      ,19.009219,9.04745914
      ,      ,19.019232,3.04608332
      ,      ,19.029244,0.04539541
      ,      ,19.039257,-0.95483390
      ,      ,19.049270,1.04562471
      ,      ,19.059283,-1.95506320
      ,      ,19.069295,-0.95483390
      ,      ,19.079308,0.04539541
      ,      ,19.089321,0.04539541
      ,      ,19.099334,-1.95506320
      ,      ,19.109346,0.04539541
      ,      ,19.119359,2.04585401
      ,      ,19.129372,-0.95483390
      ,      ,19.139385,1.04562471
      ,      ,19.149397,1.04562471
      ,      ,19.159410,-0.95483390
      ,      ,19.169423,0.04539541
      ,      ,19.179436,0.04539541
      ,      ,19.189449,0.04539541
      ,      ,19.199461,1.04562471
      ,      ,19.209474,0.04539541
      ,      ,19.219487,0.04539541
      ,      ,19.229500,1.04562471
      ,      ,19.239512,0.04539541
      ,      ,19.249525,-0.95483390
      ,      ,19.259538,0.04539541
      ,      ,19.269551,0.04539541
      ,      ,19.279563,-0.95483390
      ,      ,19.289576,0.04539541
      ,      ,19.299589,0.04539541
      ,      ,19.309602,0.04539541
      ,      ,19.319614,0.04539541
      ,      ,19.329627,0.04539541
      ,      ,19.339640,0.04539541
      ,      ,19.349653,0.04539541
      ,      ,19.359665,0.04539541
      ,      ,19.369678,-0.95483390
      ,      ,19.379691,-0.95483390
      ,      ,19.389704,-0.95483390
      ,      ,19.399716,-0.95483390
      ,      ,19.409729,-0.95483390
      ,      ,19.419742,0.04539541
      ,      ,19.429755,0.04539541
      ,      ,19.439767,-0.95483390
      ,      ,19.449780,1.04562471
      ,      ,19.459793,0.04539541
      ,      ,19.469806,-0.95483390
      ,      ,19.479818,0.04539541
      ,      ,19.489831,0.04539541
      ,      ,19.499844,-1.95506320
      ,      ,19.509857,-1.95506320
      ,      ,19.519869,0.04539541
      ,      ,19.529882,0.04539541
      ,      ,19.539895,0.04539541
      ,      ,19.549908,2.04585401
      ,      ,19.559921,4.04631262
      ,      ,19.569933,9.04745914
      ,      ,19.579946,14.04860566
      ,      ,19.589959,20.04998148
      ,      ,19.599972,15.04883496
      ,      ,19.609984,9.04745914
      ,      ,19.619997,3.04608332
      ,      ,19.630010,-2.95529250
      ,      ,19.640023,-10.95712693
      ,      ,19.650035,-12.95758554
      ,      ,19.660048,-16.95850275
      ,      ,19.670061,-17.95873206
      ,      ,19.680074,-15.95827345
      ,      ,19.690086,-13.95781484
      ,      ,19.700099,-8.95666832
      ,      ,19.710112,-1.95506320
      ,      ,19.720125,6.04677123
      ,      ,19.730137,11.04791775
      ,      ,19.740150,19.04975217
      ,      ,19.750163,19.04975217
      ,      ,19.760176,25.05112799
      ,      ,19.770188,27.05158660
      ,      ,19.780201,25.05112799
      ,      ,19.790214,27.05158660
      ,      ,19.800227,16.04906426
      ,      ,19.810239,6.04677123
      ,      ,19.820252,-1.95506320
      ,      ,19.830265,-7.95643902
      ,      ,19.840278,-9.95689763
      ,      ,19.850290,-21.95964927
      ,      ,19.860303,-19.95919066
      ,      ,19.870316,-15.95827345
      ,      ,19.880329,-12.95758554
      ,      ,19.890341,-7.95643902
      ,      ,19.900354,0.04539541
      ,      ,19.910367,6.04677123
      ,      ,19.920380,16.04906426
      ,      ,19.930393,27.05158660
      ,      ,19.940405,30.05227451
      ,      ,19.950418,35.05342103
      ,      ,19.960431,39.05433824
      ,      ,19.970444,29.05204521
      ,      ,19.980456,19.04975217
      ,      ,19.990469,13.04837635
      ,      ,20.000482,3.04608332
      ,      ,20.010495,-11.95735623
      ,      ,20.020507,-17.95873206
      ,      ,20.030520,-27.96102509
      ,      ,20.040533,-33.96240091
      ,      ,20.050546,-27.96102509
      ,      ,20.060558,-26.96079579
      ,      ,20.070571,-17.95873206
      ,      ,20.080584,-4.95575111
      ,      ,20.090597,5.04654192
      ,      ,20.100609,20.04998148
      ,      ,20.110622,34.05319173
      ,      ,20.120635,37.05387964
      ,      ,20.130648,43.05525546
      ,      ,20.140660,43.05525546
      ,      ,20.150673,36.05365033
      ,      ,20.160686,27.05158660
      ,      ,20.170699,12.04814705
      ,      ,20.180711,1.04562471
      ,      ,20.190724,-15.95827345
      ,      ,20.200737,-27.96102509
      ,      ,20.210750,-38.96354743
      ,      ,20.220762,-32.96217161
      ,      ,20.230775,-37.96331813
      ,      ,20.240788,-30.96171300
      ,      ,20.250801,-17.95873206
      ,      ,20.260814,-2.95529250
      ,      ,20.270826,11.04791775
      ,      ,20.280839,27.05158660
      ,      ,20.290852,38.05410894
      ,      ,20.300865,53.05754849
      ,      ,20.310877,58.05869501
      ,      ,20.320890,53.05754849
      ,      ,20.330903,41.05479685
      ,      ,20.340916,25.05112799
      ,      ,20.350928,10.04768844
      ,      ,20.360941,-10.95712693
      ,      ,20.370954,-27.96102509
      ,      ,20.380967,-45.96515255
      ,      ,20.390979,-50.96629907
      ,      ,20.400992,-55.96744559
      ,      ,20.411005,-43.96469395
      ,      ,20.421018,-33.96240091
      ,      ,20.431030,-15.95827345
      ,      ,20.441043,2.04585401
      ,      ,20.451056,22.05044008
      ,      ,20.461069,46.05594337
      ,      ,20.471081,55.05800710
      ,      ,20.481094,66.06052944
      ,      ,20.491107,66.06052944
      ,      ,20.501120,61.05938292
      ,      ,20.511132,45.05571406
      ,      ,20.521145,17.04929357
      ,      ,20.531158,0.04539541
      ,      ,20.541171,-22.95987857
      ,      ,20.551183,-45.96515255
      ,      ,20.561196,-59.96836280
      ,      ,20.571209,-57.96790419
      ,      ,20.581222,-61.96882141
      ,      ,20.591234,-49.96606977
      ,      ,20.601247,-31.96194230
      ,      ,20.611260,-7.95643902
      ,      ,20.621273,17.04929357
      ,      ,20.631286,47.05617267
      ,      ,20.641298,65.06030013
      ,      ,20.651311,78.06328108
      ,      ,20.661324,81.06396899
      ,      ,20.671337,76.06282247
      ,      ,20.681349,61.05938292
      ,      ,20.691362,42.05502615
      ,      ,20.701375,11.04791775
      ,      ,20.711388,-15.95827345
      ,      ,20.721400,-42.96446464
      ,      ,20.731413,-67.97019723
      ,      ,20.741426,-76.97226096
      ,      ,20.751439,-77.97249026
      ,      ,20.761451,-66.96996793
      ,      ,20.771464,-48.96584046
      ,      ,20.781477,-20.95941997
      ,      ,20.791490,4.04631262
      ,      ,20.801502,33.05296242
      ,      ,20.811515,60.05915362
      ,      ,20.821528,80.06373968
      ,      ,20.831541,87.06534481
      ,      ,20.841553,88.06557411
      ,      ,20.851566,76.06282247
      ,      ,20.861579,49.05663128
      ,      ,20.871592,22.05044008
      ,      ,20.881604,-5.95598041
      ,      ,20.891617,-33.96240091
      ,      ,20.901630,-57.96790419
      ,      ,20.911643,-69.97065584
      ,      ,20.921655,-81.97340748
      ,      ,20.931668,-76.97226096
      ,      ,20.941681,-61.96882141
      ,      ,20.951694,-34.96263021
      ,      ,20.961706,-6.95620972
      ,      ,20.971719,19.04975217
      ,      ,20.981732,52.05731919
      ,      ,20.991745,75.06259317
      ,      ,21.001758,93.06672063
      ,      ,21.011770,97.06763784
      ,      ,21.021783,86.06511551
      ,      ,21.031796,70.06144665
      ,      ,21.041809,42.05502615
      ,      ,21.051821,6.04677123
      ,      ,21.061834,-22.95987857
      ,      ,21.071847,-52.96675768
      ,      ,21.081860,-78.97271957
      ,      ,21.091872,-93.97615912
      ,      ,21.101885,-90.97547121
      ,      ,21.111898,-79.97294887
      ,      ,21.121911,-52.96675768
      ,      ,21.131923,-19.95919066
      ,      ,21.141936,11.04791775
      ,      ,21.151949,46.05594337
      ,      ,21.161962,79.06351038
      ,      ,21.171974,104.06924297
      ,      ,21.181987,114.07153600
      ,      ,21.192000,110.07061879
      ,      ,21.202013,89.06580342
      ,      ,21.212025,62.05961222
      ,      ,21.222038,20.04998148
      ,      ,21.232051,-13.95781484
      ,      ,21.242064,-46.96538186
      ,      ,21.252076,-79.97294887
      ,      ,21.262089,-100.97776424
      ,      ,21.272102,-102.97822285
      ,      ,21.282115,-95.97661773
      ,      ,21.292127,-77.97249026
      ,      ,21.302140,-46.96538186
      ,      ,21.312153,-13.95781484
      ,      ,21.322166,22.05044008
      ,      ,21.332178,61.05938292
      ,      ,21.342191,86.06511551
      ,      ,21.352204,107.06993088
      ,      ,21.362217,107.06993088
      ,      ,21.372230,97.06763784
      ,      ,21.382242,74.06236386
      ,      ,21.392255,42.05502615
      ,      ,21.402268,13.04837635
      ,      ,21.412281,-16.95850275
      ,      ,21.422293,-53.96698698
      ,      ,21.432306,-80.97317817
      ,      ,21.442319,-92.97592982
      ,      ,21.452332,-90.97547121
      ,      ,21.462344,-76.97226096
      ,      ,21.472357,-56.96767489
      ,      ,21.482370,-25.96056648
      ,      ,21.492383,2.04585401
      ,      ,21.502395,36.05365033
      ,      ,21.512408,67.06075874
      ,      ,21.522421,88.06557411
      ,      ,21.532434,93.06672063
      ,      ,21.542446,90.06603272
      ,      ,21.552459,79.06351038
      ,      ,21.562472,50.05686058
      ,      ,21.572485,22.05044008
      ,      ,21.582497,-6.95620972
      ,      ,21.592510,-36.96308882
      ,      ,21.602523,-59.96836280
      ,      ,21.612536,-76.97226096
      ,      ,21.622548,-79.97294887
      ,      ,21.632561,-71.97111444
      ,      ,21.642574,-52.96675768
      ,      ,21.652587,-27.96102509
      ,      ,21.662599,-5.95598041
      ,      ,21.672612,24.05089869
      ,      ,21.682625,53.05754849
      ,      ,21.692638,73.06213456
      ,      ,21.702650,82.06419829
      ,      ,21.712663,85.06488620
      ,      ,21.722676,72.06190526
      ,      ,21.732689,55.05800710
      ,      ,21.742702,31.05250381
      ,      ,21.752714,5.04654192
      ,      ,21.762727,-20.95941997
      ,      ,21.772740,-42.96446464
      ,      ,21.782753,-58.96813350
      ,      ,21.792765,-61.96882141
      ,      ,21.802778,-63.96928002
      ,      ,21.812791,-50.96629907
      ,      ,21.822804,-31.96194230
      ,      ,21.832816,-6.95620972
      ,      ,21.842829,14.04860566
      ,      ,21.852842,37.05387964
      ,      ,21.862855,54.05777779
      ,      ,21.872867,66.06052944
      ,      ,21.882880,72.06190526
      ,      ,21.892893,64.06007083
      ,      ,21.902906,55.05800710
      ,      ,21.912918,35.05342103
      ,      ,21.922931,11.04791775
      ,      ,21.932944,-6.95620972
      ,      ,21.942957,-27.96102509
      ,      ,21.952969,-43.96469395
      ,      ,21.962982,-51.96652837
      ,      ,21.972995,-46.96538186
      ,      ,21.983008,-44.96492325
      ,      ,21.993020,-35.96285952
      ,      ,22.003033,-12.95758554
      ,      ,22.013046,7.04700053
      ,      ,22.023059,23.05066939
      ,      ,22.033071,40.05456755
      ,      ,22.043084,51.05708988
      ,      ,22.053097,56.05823640
      ,      ,22.063110,52.05731919
      ,      ,22.073122,48.05640197
      ,      ,22.083135,38.05410894
      ,      ,22.093148,20.04998148
      ,      ,22.103161,2.04585401
      ,      ,22.113174,-13.95781484
      ,      ,22.123186,-26.96079579
      ,      ,22.133199,-34.96263021
      ,      ,22.143212,-36.96308882
      ,      ,22.153225,-35.96285952
      ,      ,22.163237,-26.96079579
      ,      ,22.173250,-17.95873206
      ,      ,22.183263,-2.95529250
      ,      ,22.193276,11.04791775
      ,      ,22.203288,25.05112799
      ,      ,22.213301,34.05319173
      ,      ,22.223314,39.05433824
      ,      ,22.233327,40.05456755
      ,      ,22.243339,38.05410894
      ,      ,22.253352,31.05250381
      ,      ,22.263365,23.05066939
      ,      ,22.273378,11.04791775
      ,      ,22.283390,-0.95483390
      ,      ,22.293403,-9.95689763
      ,      ,22.303416,-17.95873206
      ,      ,22.313429,-21.95964927
      ,      ,22.323441,-21.95964927
      ,      ,22.333454,-18.95896136
      ,      ,22.343467,-9.95689763
      ,      ,22.353480,-3.95552181
      ,      ,22.363492,3.04608332
      ,      ,22.373505,13.04837635
      ,      ,22.383518,19.04975217
      ,      ,22.393531,25.05112799
      ,      ,22.403543,28.05181590
      ,      ,22.413556,28.05181590
      ,      ,22.423569,24.05089869
      ,      ,22.433582,19.04975217
      ,      ,22.443594,14.04860566
      ,      ,22.453607,9.04745914
      ,      ,22.463620,1.04562471
      ,      ,22.473633,-1.95506320
      ,      ,22.483646,-5.95598041
      ,      ,22.493658,-8.95666832
      ,      ,22.503671,-7.95643902
      ,      ,22.513684,-4.95575111
      ,      ,22.523697,-4.95575111
      ,      ,22.533709,0.04539541
      ,      ,22.543722,4.04631262
      ,      ,22.553735,7.04700053
      ,      ,22.563748,11.04791775
      ,      ,22.573760,15.04883496
      ,      ,22.583773,16.04906426
      ,      ,22.593786,17.04929357
      ,      ,22.603799,15.04883496
      ,      ,22.613811,18.04952287
      ,      ,22.623824,16.04906426
      ,      ,22.633837,14.04860566
      ,      ,22.643850,12.04814705
      ,      ,22.653862,10.04768844
      ,      ,22.663875,8.04722983
      ,      ,22.673888,5.04654192
      ,      ,22.683901,3.04608332
      ,      ,22.693913,1.04562471
      ,      ,22.703926,-0.95483390
      ,      ,22.713939,-2.95529250
      ,      ,22.723952,-4.95575111
      ,      ,22.733964,-2.95529250
      ,      ,22.743977,-0.95483390
      ,      ,22.753990,2.04585401
      ,      ,22.764003,6.04677123
      ,      ,22.774015,11.04791775
      ,      ,22.784028,17.04929357
      ,      ,22.794041,20.04998148
      ,      ,22.804054,25.05112799
      ,      ,22.814067,29.05204521
      ,      ,22.824079,30.05227451
      ,      ,22.834092,29.05204521
      ,      ,22.844105,23.05066939
      ,      ,22.854118,17.04929357
      ,      ,22.864130,12.04814705
      ,      ,22.874143,0.04539541
      ,      ,22.884156,-5.95598041
      ,      ,22.894169,-12.95758554
      ,      ,22.904181,-14.95804415
      ,      ,22.914194,-17.95873206
      ,      ,22.924207,-14.95804415
      ,      ,22.934220,-9.95689763
      ,      ,22.944232,-0.95483390
      ,      ,22.954245,9.04745914
      ,      ,22.964258,19.04975217
      ,      ,22.974271,29.05204521
      ,      ,22.984283,37.05387964
      ,      ,22.994296,41.05479685
      ,      ,23.004309,43.05525546
      ,      ,23.014322,44.05548476
      ,      ,23.024334,36.05365033
      ,      ,23.034347,34.05319173
      ,      ,23.044360,24.05089869
      ,      ,23.054373,17.04929357
      ,      ,23.064385,10.04768844
      ,      ,23.074398,6.04677123
      ,      ,23.084411,3.04608332
      ,      ,23.094424,2.04585401
      ,      ,23.104436,1.04562471
      ,      ,23.114449,-0.95483390
      ,      ,23.124462,0.04539541
      ,      ,23.134475,1.04562471
      ,      ,23.144487,2.04585401
      ,      ,23.154500,1.04562471
      ,      ,23.164513,0.04539541
      ,      ,23.174526,-0.95483390
      ,      ,23.184539,-4.95575111
      ,      ,23.194551,-0.95483390
      ,      ,23.204564,1.04562471
      ,      ,23.214577,1.04562471
      ,      ,23.224590,-0.95483390
      ,      ,23.234602,-0.95483390
      ,      ,23.244615,-0.95483390
      ,      ,23.254628,2.04585401
      ,      ,23.264641,4.04631262
      ,      ,23.274653,3.04608332
      ,      ,23.284666,2.04585401
      ,      ,23.294679,2.04585401
      ,      ,23.304692,1.04562471
      ,      ,23.314704,-0.95483390
      ,      ,23.324717,-1.95506320
      ,      ,23.334730,-1.95506320
      ,      ,23.344743,-8.95666832
      ,      ,23.354755,-7.95643902
      ,      ,23.364768,5.04654192
      ,      ,23.374781,21.05021078
      ,      ,23.384794,20.04998148
      ,      ,23.394806,7.04700053
      ,      ,23.404819,-1.95506320
      ,      ,23.414832,-0.95483390
      ,      ,23.424845,0.04539541
      ,      ,23.434857,3.04608332
      ,      ,23.444870,4.04631262
      ,      ,23.454883,4.04631262
      ,      ,23.464896,0.04539541
      ,      ,23.474908,-3.95552181
      ,      ,23.484921,-6.95620972
      ,      ,23.494934,-4.95575111
      ,      ,23.504947,-5.95598041
      ,      ,23.514959,-14.95804415
      ,      ,23.524972,-6.95620972
      ,      ,23.534985,2.04585401
      ,      ,23.544998,8.04722983
      ,      ,23.555011,8.04722983
      ,      ,23.565023,8.04722983
      ,      ,23.575036,2.04585401
      ,      ,23.585049,4.04631262
      ,      ,23.595062,4.04631262
      ,      ,23.605074,2.04585401
      ,      ,23.615087,3.04608332
      ,      ,23.625100,3.04608332
      ,      ,23.635113,7.04700053
      ,      ,23.645125,4.04631262
      ,      ,23.655138,4.04631262
      ,      ,23.665151,2.04585401
      ,      ,23.675164,-0.95483390
      ,      ,23.685176,-2.95529250
      ,      ,23.695189,4.04631262
      ,      ,23.705202,9.04745914
      ,      ,23.715215,19.04975217
      ,      ,23.725227,26.05135730
      ,      ,23.735240,34.05319173
      ,      ,23.745253,41.05479685
      ,      ,23.755266,44.05548476
      ,      ,23.765278,47.05617267
      ,      ,23.775291,47.05617267
      ,      ,23.785304,43.05525546
      ,      ,23.795317,37.05387964
      ,      ,23.805329,30.05227451
      ,      ,23.815342,17.04929357
      ,      ,23.825355,8.04722983
      ,      ,23.835368,-0.95483390
      ,      ,23.845380,-7.95643902
      ,      ,23.855393,-10.95712693
      ,      ,23.865406,-14.95804415
      ,      ,23.875419,-11.95735623
      ,      ,23.885431,-7.95643902
      ,      ,23.895444,-2.95529250
      ,      ,23.905457,5.04654192
      ,      ,23.915470,11.04791775
      ,      ,23.925483,17.04929357
      ,      ,23.935495,22.05044008
      ,      ,23.945508,25.05112799
      ,      ,23.955521,24.05089869
      ,      ,23.965534,25.05112799
      ,      ,23.975546,24.05089869
      ,      ,23.985559,20.04998148
      ,      ,23.995572,16.04906426
      ,      ,24.005585,14.04860566
      ,      ,24.015597,8.04722983
      ,      ,24.025610,4.04631262
      ,      ,24.035623,1.04562471
      ,      ,24.045636,-0.95483390
      ,      ,24.055648,-1.95506320
      ,      ,24.065661,-2.95529250
      ,      ,24.075674,-2.95529250
      ,      ,24.085687,-2.95529250
      ,      ,24.095699,3.04608332
      ,      ,24.105712,3.04608332
      ,      ,24.115725,5.04654192
      ,      ,24.125738,7.04700053
      ,      ,24.135750,10.04768844
      ,      ,24.145763,13.04837635
      ,      ,24.155776,16.04906426
      ,      ,24.165789,19.04975217
      ,      ,24.175801,20.04998148
      ,      ,24.185814,19.04975217
      ,      ,24.195827,19.04975217
      ,      ,24.205840,15.04883496
      ,      ,24.215852,14.04860566
      ,      ,24.225865,10.04768844
      ,      ,24.235878,5.04654192
      ,      ,24.245891,-0.95483390
      ,      ,24.255903,-5.95598041
      ,      ,24.265916,-8.95666832
      ,      ,24.275929,-10.95712693
      ,      ,24.285942,-11.95735623
      ,      ,24.295955,-11.95735623
      ,      ,24.305967,-6.95620972
      ,      ,24.315980,0.04539541
      ,      ,24.325993,9.04745914
      ,      ,24.336006,15.04883496
      ,      ,24.346018,24.05089869
      ,      ,24.356031,29.05204521
      ,      ,24.366044,33.05296242
      ,      ,24.376057,32.05273312
      ,      ,24.386069,30.05227451
      ,      ,24.396082,25.05112799
      ,      ,24.406095,17.04929357
      ,      ,24.416108,7.04700053
      ,      ,24.426120,-5.95598041
      ,      ,24.436133,-17.95873206
      ,      ,24.446146,-26.96079579
      ,      ,24.456159,-29.96148370
      ,      ,24.466171,-32.96217161
      ,      ,24.476184,-26.96079579
      ,      ,24.486197,-17.95873206
      ,      ,24.496210,-4.95575111
      ,      ,24.506222,10.04768844
      ,      ,24.516235,24.05089869
      ,      ,24.526248,39.05433824
      ,      ,24.536261,49.05663128
      ,      ,24.546273,54.05777779
      ,      ,24.556286,52.05731919
      ,      ,24.566299,44.05548476
      ,      ,24.576312,35.05342103
      ,      ,24.586324,18.04952287
      ,      ,24.596337,1.04562471
      ,      ,24.606350,-20.95941997
      ,      ,24.616363,-37.96331813
      ,      ,24.626375,-47.96561116
      ,      ,24.636388,-51.96652837
      ,      ,24.646401,-49.96606977
      ,      ,24.656414,-41.96423534
      ,      ,24.666427,-24.96033718
      ,      ,24.676439,-4.95575111
      ,      ,24.686452,17.04929357
      ,      ,24.696465,39.05433824
      ,      ,24.706478,58.05869501
      ,      ,24.716490,69.06121735
      ,      ,24.726503,73.06213456
      ,      ,24.736516,69.06121735
      ,      ,24.746529,55.05800710
      ,      ,24.756541,35.05342103
      ,      ,24.766554,12.04814705
      ,      ,24.776567,-13.95781484
      ,      ,24.786580,-35.96285952
      ,      ,24.796592,-53.96698698
      ,      ,24.806605,-65.96973862
      ,      ,24.816618,-66.96996793
      ,      ,24.826631,-61.96882141
      ,      ,24.836643,-44.96492325
      ,      ,24.846656,-20.95941997
      ,      ,24.856669,9.04745914
      ,      ,24.866682,37.05387964
      ,      ,24.876694,61.05938292
      ,      ,24.886707,82.06419829
      ,      ,24.896720,91.06626202
      ,      ,24.906733,91.06626202
      ,      ,24.916745,82.06419829
      ,      ,24.926758,60.05915362
      ,      ,24.936771,30.05227451
      ,      ,24.946784,-2.95529250
      ,      ,24.956796,-34.96263021
      ,      ,24.966809,-61.96882141
      ,      ,24.976822,-79.97294887
      ,      ,24.986835,-87.97478330
      ,      ,24.996847,-85.97432469
      ,      ,25.006860,-70.97088514
      ,      ,25.016873,-45.96515255
      ,      ,25.026886,-11.95735623
      ,      ,25.036899,26.05135730
      ,      ,25.046911,56.05823640
      ,      ,25.056924,87.06534481
      ,      ,25.066937,108.07016018
      ,      ,25.076950,113.07130670
      ,      ,25.086962,107.06993088
      ,      ,25.096975,87.06534481
      ,      ,25.106988,56.05823640
      ,      ,25.117001,17.04929357
      ,      ,25.127013,-27.96102509
      ,      ,25.137026,-62.96905071
      ,      ,25.147039,-87.97478330
      ,      ,25.157052,-104.97868146
      ,      ,25.167064,-108.97959867
      ,      ,25.177077,-97.97707633
      ,      ,25.187090,-73.97157305
      ,      ,25.197103,-37.96331813
      ,      ,25.207115,3.04608332
      ,      ,25.217128,46.05594337
      ,      ,25.227141,86.06511551
      ,      ,25.237154,117.07222391
      ,      ,25.247166,134.07612207
      ,      ,25.257179,135.07635138
      ,      ,25.267192,118.07245322
      ,      ,25.277205,87.06534481
      ,      ,25.287217,44.05548476
      ,      ,25.297230,-4.95575111
      ,      ,25.307243,-51.96652837
      ,      ,25.317256,-92.97592982
      ,      ,25.327268,-123.98303822
      ,      ,25.337281,-136.98601917
      ,      ,25.347294,-132.98510195
      ,      ,25.357307,-111.98028658
      ,      ,25.367320,-69.97065584
      ,      ,25.377332,-20.95941997
      ,      ,25.387345,29.05204521
      ,      ,25.397358,79.06351038
      ,      ,25.407371,119.07268252
      ,      ,25.417383,145.07864441
      ,      ,25.427396,154.08070814
      ,      ,25.437409,145.07864441
      ,      ,25.447422,118.07245322
      ,      ,25.457434,78.06328108
      ,      ,25.467447,23.05066939
      ,      ,25.477460,-25.96056648
      ,      ,25.487473,-74.97180235
      ,      ,25.497485,-110.98005728
      ,      ,25.507498,-135.98578987
      ,      ,25.517511,-139.98670708
      ,      ,25.527524,-127.98395544
      ,      ,25.537536,-98.97730564
      ,      ,25.547549,-55.96744559
      ,      ,25.557562,-7.95643902
      ,      ,25.567575,44.05548476
      ,      ,25.577587,86.06511551
      ,      ,25.587600,120.07291182
      ,      ,25.597613,136.07658068
      ,      ,25.607626,139.07726859
      ,      ,25.617638,123.07359973
      ,      ,25.627651,95.06717924
      ,      ,25.637664,52.05731919
      ,      ,25.647677,9.04745914
      ,      ,25.657689,-37.96331813
      ,      ,25.667702,-75.97203166
      ,      ,25.677715,-104.97868146
      ,      ,25.687728,-119.98212101
      ,      ,25.697740,-118.98189171
      ,      ,25.707753,-100.97776424
      ,      ,25.717766,-68.97042653
      ,      ,25.727779,-27.96102509
      ,      ,25.737792,14.04860566
      ,      ,25.747804,56.05823640
      ,      ,25.757817,92.06649133
      ,      ,25.767830,117.07222391
      ,      ,25.777843,126.07428764
      ,      ,25.787855,122.07337043
      ,      ,25.797868,102.06878436
      ,      ,25.807881,71.06167595
      ,      ,25.817894,30.05227451
      ,      ,25.827906,-10.95712693
      ,      ,25.837919,-51.96652837
      ,      ,25.847932,-83.97386608
      ,      ,25.857945,-102.97822285
      ,      ,25.867957,-109.97982798
      ,      ,25.877970,-101.97799355
      ,      ,25.887983,-79.97294887
      ,      ,25.897996,-47.96561116
      ,      ,25.908008,-6.95620972
      ,      ,25.918021,31.05250381
      ,      ,25.928034,67.06075874
      ,      ,25.938047,94.06694993
      ,      ,25.948059,109.07038949
      ,      ,25.958072,110.07061879
      ,      ,25.968085,97.06763784
      ,      ,25.978098,74.06236386
      ,      ,25.988110,44.05548476
      ,      ,25.998123,6.04677123
      ,      ,26.008136,-28.96125439
      ,      ,26.018149,-57.96790419
      ,      ,26.028161,-81.97340748
      ,      ,26.038174,-91.97570051
      ,      ,26.048187,-88.97501260
      ,      ,26.058200,-76.97226096
      ,      ,26.068212,-52.96675768
      ,      ,26.078225,-22.95987857
      ,      ,26.088238,11.04791775
      ,      ,26.098251,40.05456755
      ,      ,26.108264,65.06030013
      ,      ,26.118276,81.06396899
      ,      ,26.128289,89.06580342
      ,      ,26.138302,85.06488620
      ,      ,26.148315,69.06121735
      ,      ,26.158327,48.05640197
      ,      ,26.168340,20.04998148
      ,      ,26.178353,-7.95643902
      ,      ,26.188366,-32.96217161
      ,      ,26.198378,-53.96698698
      ,      ,26.208391,-65.96973862
      ,      ,26.218404,-69.97065584
      ,      ,26.228417,-64.96950932
      ,      ,26.238429,-50.96629907
      ,      ,26.248442,-30.96171300
      ,      ,26.258455,-5.95598041
      ,      ,26.268468,19.04975217
      ,      ,26.278480,43.05525546
      ,      ,26.288493,62.05961222
      ,      ,26.298506,74.06236386
      ,      ,26.308519,76.06282247
      ,      ,26.318531,68.06098804
      ,      ,26.328544,53.05754849
      ,      ,26.338557,35.05342103
      ,      ,26.348570,12.04814705
      ,      ,26.358582,-12.95758554
      ,      ,26.368595,-35.96285952
      ,      ,26.378608,-47.96561116
      ,      ,26.388621,-56.96767489
      ,      ,26.398633,-56.96767489
      ,      ,26.408646,-50.96629907
      ,      ,26.418659,-36.96308882
      ,      ,26.428672,-15.95827345
      ,      ,26.438684,1.04562471
      ,      ,26.448697,23.05066939
      ,      ,26.458710,43.05525546
      ,      ,26.468723,53.05754849
      ,      ,26.478736,59.05892431
      ,      ,26.488748,56.05823640
      ,      ,26.498761,51.05708988
      ,      ,26.508774,41.05479685
      ,      ,26.518787,22.05044008
      ,      ,26.528799,4.04631262
      ,      ,26.538812,-14.95804415
      ,      ,26.548825,-28.96125439
      ,      ,26.558838,-37.96331813
      ,      ,26.568850,-42.96446464
      ,      ,26.578863,-38.96354743
      ,      ,26.588876,-33.96240091
      ,      ,26.598889,-21.95964927
      ,      ,26.608901,-8.95666832
      ,      ,26.618914,5.04654192
      ,      ,26.628927,20.04998148
      ,      ,26.638940,30.05227451
      ,      ,26.648952,39.05433824
      ,      ,26.658965,46.05594337
      ,      ,26.668978,41.05479685
      ,      ,26.678991,40.05456755
      ,      ,26.689003,28.05181590
      ,      ,26.699016,17.04929357
      ,      ,26.709029,4.04631262
      ,      ,26.719042,-7.95643902
      ,      ,26.729054,-17.95873206
      ,      ,26.739067,-23.96010788
      ,      ,26.749080,-29.96148370
      ,      ,26.759093,-28.96125439
      ,      ,26.769105,-24.96033718
      ,      ,26.779118,-15.95827345
      ,      ,26.789131,-5.95598041
      ,      ,26.799144,3.04608332
      ,      ,26.809156,14.04860566
      ,      ,26.819169,23.05066939
      ,      ,26.829182,28.05181590
      ,      ,26.839195,34.05319173
      ,      ,26.849208,32.05273312
      ,      ,26.859220,30.05227451
      ,      ,26.869233,27.05158660
      ,      ,26.879246,18.04952287
      ,      ,26.889259,8.04722983
      ,      ,26.899271,0.04539541
      ,      ,26.909284,-8.95666832
      ,      ,26.919297,-13.95781484
      ,      ,26.929310,-19.95919066
      ,      ,26.939322,-20.95941997
      ,      ,26.949335,-17.95873206
      ,      ,26.959348,-15.95827345
      ,      ,26.969361,-9.95689763
      ,      ,26.979373,-1.95506320
      ,      ,26.989386,5.04654192
      ,      ,26.999399,15.04883496
      ,      ,27.009412,21.05021078
      ,      ,27.019424,27.05158660
      ,      ,27.029437,27.05158660
      ,      ,27.039450,29.05204521
      ,      ,27.049463,27.05158660
      ,      ,27.059475,21.05021078
      ,      ,27.069488,16.04906426
      ,      ,27.079501,11.04791775
      ,      ,27.089514,2.04585401
      ,      ,27.099526,-5.95598041
      ,      ,27.109539,-10.95712693
      ,      ,27.119552,-14.95804415
      ,      ,27.129565,-17.95873206
      ,      ,27.139577,-19.95919066
      ,      ,27.149590,-19.95919066
      ,      ,27.159603,-13.95781484
      ,      ,27.169616,-9.95689763
      ,      ,27.179628,-5.95598041
      ,      ,27.189641,-1.95506320
      ,      ,27.199654,-0.95483390
      ,      ,27.209667,-0.95483390
      ,      ,27.219680,0.04539541
      ,      ,27.229692,0.04539541
      ,      ,27.239705,-0.95483390
      ,      ,27.249718,0.04539541
      ,      ,27.259731,0.04539541
      ,      ,27.269743,-2.95529250
      ,      ,27.279756,0.04539541
      ,      ,27.289769,-0.95483390
      ,      ,27.299782,0.04539541
      ,      ,27.309794,0.04539541
      ,      ,27.319807,0.04539541
      ,      ,27.329820,0.04539541
      ,      ,27.339833,1.04562471
      ,      ,27.349845,0.04539541
      ,      ,27.359858,0.04539541
      ,      ,27.369871,-0.95483390
      ,      ,27.379884,0.04539541
      ,      ,27.389896,-0.95483390
      ,      ,27.399909,-0.95483390
      ,      ,27.409922,-0.95483390
      ,      ,27.419935,0.04539541
      ,      ,27.429947,0.04539541
      ,      ,27.439960,0.04539541
      ,      ,27.449973,1.04562471
      ,      ,27.459986,-0.95483390
      ,      ,27.469998,1.04562471
      ,      ,27.480011,0.04539541
      ,      ,27.490024,0.04539541
      ,      ,27.500037,-0.95483390
      ,      ,27.510049,0.04539541
      ,      ,27.520062,-0.95483390
      ,      ,27.530075,0.04539541
      ,      ,27.540088,-0.95483390
      ,      ,27.550100,-0.95483390
      ,      ,27.560113,-0.95483390
      ,      ,27.570126,0.04539541
      ,      ,27.580139,0.04539541
      ,      ,27.590152,0.04539541
      ,      ,27.600164,0.04539541
      ,      ,27.610177,0.04539541
      ,      ,27.620190,0.04539541
      ,      ,27.630203,-0.95483390
      ,      ,27.640215,0.04539541
      ,      ,27.650228,0.04539541
      ,      ,27.660241,0.04539541
      ,      ,27.670254,0.04539541
      ,      ,27.680266,-0.95483390
      ,      ,27.690279,1.04562471
      ,      ,27.700292,0.04539541
      ,      ,27.710305,0.04539541
      ,      ,27.720317,0.04539541
      ,      ,27.730330,-0.95483390
      ,      ,27.740343,-1.95506320
      ,      ,27.750356,-4.95575111
      ,      ,27.760368,-6.95620972
      ,      ,27.770381,-9.95689763
      ,      ,27.780394,-8.95666832
      ,      ,27.790407,-0.95483390
      ,      ,27.800419,2.04585401
      ,      ,27.810432,10.04768844
      ,      ,27.820445,17.04929357
      ,      ,27.830458,23.05066939
      ,      ,27.840470,26.05135730
      ,      ,27.850483,28.05181590
      ,      ,27.860496,28.05181590
      ,      ,27.870509,24.05089869
      ,      ,27.880521,20.04998148
      ,      ,27.890534,12.04814705
      ,      ,27.900547,7.04700053
      ,      ,27.910560,-1.95506320
      ,      ,27.920572,-7.95643902
      ,      ,27.930585,-12.95758554
      ,      ,27.940598,-15.95827345
      ,      ,27.950611,-17.95873206
      ,      ,27.960624,-17.95873206
      ,      ,27.970636,-13.95781484
      ,      ,27.980649,-7.95643902
      ,      ,27.990662,-0.95483390
      ,      ,28.000675,6.04677123
      ,      ,28.010687,13.04837635
      ,      ,28.020700,22.05044008
      ,      ,28.030713,25.05112799
      ,      ,28.040726,31.05250381
      ,      ,28.050738,28.05181590
      ,      ,28.060751,29.05204521
      ,      ,28.070764,22.05044008
      ,      ,28.080777,16.04906426
      ,      ,28.090789,6.04677123
      ,      ,28.100802,-2.95529250
      ,      ,28.110815,-10.95712693
      ,      ,28.120828,-18.95896136
      ,      ,28.130840,-20.95941997
      ,      ,28.140853,-23.96010788
      ,      ,28.150866,-25.96056648
      ,      ,28.160879,-16.95850275
      ,      ,28.170891,-8.95666832
      ,      ,28.180904,0.04539541
      ,      ,28.190917,13.04837635
      ,      ,28.200930,23.05066939
      ,      ,28.210942,34.05319173
      ,      ,28.220955,39.05433824
      ,      ,28.230968,42.05502615
      ,      ,28.240981,40.05456755
      ,      ,28.250993,33.05296242
      ,      ,28.261006,23.05066939
      ,      ,28.271019,10.04768844
      ,      ,28.281032,-1.95506320
      ,      ,28.291045,-14.95804415
      ,      ,28.301057,-25.96056648
      ,      ,28.311070,-30.96171300
      ,      ,28.321083,-31.96194230
      ,      ,28.331096,-32.96217161
      ,      ,28.341108,-26.96079579
      ,      ,28.351121,-17.95873206
      ,      ,28.361134,-3.95552181
      ,      ,28.371147,9.04745914
      ,      ,28.381159,24.05089869
      ,      ,28.391172,38.05410894
      ,      ,28.401185,48.05640197
      ,      ,28.411198,53.05754849
      ,      ,28.421210,47.05617267
      ,      ,28.431223,38.05410894
      ,      ,28.441236,23.05066939
      ,      ,28.451249,9.04745914
      ,      ,28.461261,-2.95529250
      ,      ,28.471274,-18.95896136
      ,      ,28.481287,-31.96194230
      ,      ,28.491300,-40.96400604
      ,      ,28.501312,-47.96561116
      ,      ,28.511325,-44.96492325
      ,      ,28.521338,-29.96148370
      ,      ,28.531351,-18.95896136
      ,      ,28.541363,1.04562471
      ,      ,28.551376,17.04929357
      ,      ,28.561389,34.05319173
      ,      ,28.571402,50.05686058
      ,      ,28.581414,61.05938292
      ,      ,28.591427,61.05938292
      ,      ,28.601440,56.05823640
      ,      ,28.611453,46.05594337
      ,      ,28.621465,23.05066939
      ,      ,28.631478,8.04722983
      ,      ,28.641491,-13.95781484
      ,      ,28.651504,-27.96102509
      ,      ,28.661517,-44.96492325
      ,      ,28.671529,-56.96767489
      ,      ,28.681542,-59.96836280
      ,      ,28.691555,-53.96698698
      ,      ,28.701568,-39.96377673
      ,      ,28.711580,-16.95850275
      ,      ,28.721593,3.04608332
      ,      ,28.731606,26.05135730
      ,      ,28.741619,54.05777779
      ,      ,28.751631,63.05984153
      ,      ,28.761644,72.06190526
      ,      ,28.771657,74.06236386
      ,      ,28.781670,62.05961222
      ,      ,28.791682,48.05640197
      ,      ,28.801695,21.05021078
      ,      ,28.811708,-0.95483390
      ,      ,28.821721,-31.96194230
      ,      ,28.831733,-53.96698698
      ,      ,28.841746,-71.97111444
      ,      ,28.851759,-75.97203166
      ,      ,28.861772,-74.97180235
      ,      ,28.871784,-60.96859210
      ,      ,28.881797,-31.96194230
      ,      ,28.891810,-7.95643902
      ,      ,28.901823,22.05044008
      ,      ,28.911835,50.05686058
      ,      ,28.921848,74.06236386
      ,      ,28.931861,85.06488620
      ,      ,28.941874,88.06557411
      ,      ,28.951886,85.06488620
      ,      ,28.961899,70.06144665
      ,      ,28.971912,48.05640197
      ,      ,28.981925,15.04883496
      ,      ,28.991937,-14.95804415
      ,      ,29.001950,-57.96790419
      ,      ,29.011963,-80.97317817
      ,      ,29.021976,-95.97661773
      ,      ,29.031989,-95.97661773
      ,      ,29.042001,-85.97432469
      ,      ,29.052014,-65.96973862
      ,      ,29.062027,-29.96148370
      ,      ,29.072040,3.04608332
      ,      ,29.082052,45.05571406
      ,      ,29.092065,79.06351038
      ,      ,29.102078,103.06901366
      ,      ,29.112091,114.07153600
      ,      ,29.122103,116.07199461
      ,      ,29.132116,95.06717924
      ,      ,29.142129,77.06305177
      ,      ,29.152142,35.05342103
      ,      ,29.162154,-2.95529250
      ,      ,29.172167,-47.96561116
      ,      ,29.182180,-80.97317817
      ,      ,29.192193,-102.97822285
      ,      ,29.202205,-114.98097449
      ,      ,29.212218,-108.97959867
      ,      ,29.222231,-92.97592982
      ,      ,29.232244,-57.96790419
      ,      ,29.242256,-16.95850275
      ,      ,29.252269,28.05181590
      ,      ,29.262282,78.06328108
      ,      ,29.272295,106.06970158
      ,      ,29.282307,130.07520486
      ,      ,29.292320,141.07772720
      ,      ,29.302333,124.07382904
      ,      ,29.312346,99.06809645
      ,      ,29.322358,63.05984153
      ,      ,29.332371,17.04929357
      ,      ,29.342384,-27.96102509
      ,      ,29.352397,-80.97317817
      ,      ,29.362409,-107.97936937
      ,      ,29.372422,-126.98372613
      ,      ,29.382435,-127.98395544
      ,      ,29.392448,-111.98028658
      ,      ,29.402461,-87.97478330
      ,      ,29.412473,-39.96377673
      ,      ,29.422486,5.04654192
      ,      ,29.432499,61.05938292
      ,      ,29.442512,97.06763784
      ,      ,29.452524,133.07589277
      ,      ,29.462537,150.07979093
      ,      ,29.472550,155.08093745
      ,      ,29.482563,140.07749789
      ,      ,29.492575,94.06694993
      ,      ,29.502588,49.05663128
      ,      ,29.512601,0.04539541
      ,      ,29.522614,-47.96561116
      ,      ,29.532626,-87.97478330
      ,      ,29.542639,-111.98028658
      ,      ,29.552652,-134.98556056
      ,      ,29.562665,-128.98418474
      ,      ,29.572677,-104.97868146
      ,      ,29.582690,-73.97157305
      ,      ,29.592703,-23.96010788
      ,      ,29.602716,12.04814705
      ,      ,29.612728,66.06052944
      ,      ,29.622741,97.06763784
      ,      ,29.632754,127.07451695
      ,      ,29.642767,-902.16143633
      ,      ,29.652779,124.07382904
      ,      ,29.662792,100.06832575
      ,      ,29.672805,77.06305177
      ,      ,29.682818,21.05021078
      ,      ,29.692830,-13.95781484
      ,      ,29.702843,-63.96928002
      ,      ,29.712856,-92.97592982
      ,      ,29.722869,-108.97959867
      ,      ,29.732881,-114.98097449
      ,      ,29.742894,-104.97868146
      ,      ,29.752907,-76.97226096
      ,      ,29.762920,-45.96515255
      ,      ,29.772933,0.04539541
      ,      ,29.782945,38.05410894
      ,      ,29.792958,79.06351038
      ,      ,29.802971,100.06832575
      ,      ,29.812984,115.07176531
      ,      ,29.822996,114.07153600
      ,      ,29.833009,100.06832575
      ,      ,29.843022,76.06282247
      ,      ,29.853035,45.05571406
      ,      ,29.863047,8.04722983
      ,      ,29.873060,-27.96102509
      ,      ,29.883073,-57.96790419
      ,      ,29.893086,-80.97317817
      ,      ,29.903098,-85.97432469
      ,      ,29.913111,-81.97340748
      ,      ,29.923124,-68.97042653
      ,      ,29.933137,-51.96652837
      ,      ,29.943149,-14.95804415
      ,      ,29.953162,9.04745914
      ,      ,29.963175,33.05296242
      ,      ,29.973188,49.05663128
      ,      ,29.983200,75.06259317
      ,      ,29.993213,78.06328108
      ,      ,30.003226,69.06121735
      ,      ,30.013239,60.05915362
      ,      ,30.023251,37.05387964
      ,      ,30.033264,20.04998148
      ,      ,30.043277,1.04562471
      ,      ,30.053290,-15.95827345
      ,      ,30.063302,-43.96469395
      ,      ,30.073315,-48.96584046
      ,      ,30.083328,-50.96629907
      ,      ,30.093341,-53.96698698
      ,      ,30.103353,-50.96629907
      ,      ,30.113366,-18.95896136
      ,      ,30.123379,0.04539541
      ,      ,30.133392,14.04860566
      ,      ,30.143405,48.05640197
      ,      ,30.153417,55.05800710
      ,      ,30.163430,68.06098804
      ,      ,30.173443,61.05938292
      ,      ,30.183456,55.05800710
      ,      ,30.193468,43.05525546
      ,      ,30.203481,30.05227451
      ,      ,30.213494,8.04722983
      ,      ,30.223507,-5.95598041
      ,      ,30.233519,-21.95964927
      ,      ,30.243532,-17.95873206
      ,      ,30.253545,-30.96171300
      ,      ,30.263558,-50.96629907
      ,      ,30.273570,-30.96171300
      ,      ,30.283583,-19.95919066
      ,      ,30.293596,-8.95666832
      ,      ,30.303609,9.04745914
      ,      ,30.313621,16.04906426
      ,      ,30.323634,42.05502615
      ,      ,30.333647,4805.14696929
      ,      ,30.343660,49.05663128
      ,      ,30.353672,43.05525546
      ,      ,30.363685,35.05342103
      ,      ,30.373698,20.04998148
      ,      ,30.383711,16.04906426
      ,      ,30.393723,5.04654192
      ,      ,30.403736,-6.95620972
      ,      ,30.413749,-20.95941997
      ,      ,30.423762,-20.95941997
      ,      ,30.433774,-27.96102509
      ,      ,30.443787,-27.96102509
      ,      ,30.453800,-21.95964927
      ,      ,30.463813,-8.95666832
      ,      ,30.473825,-3.95552181
      ,      ,30.483838,10.04768844
      ,      ,30.493851,23.05066939
      ,      ,30.503864,24.05089869
      ,      ,30.513877,34.05319173
      ,      ,30.523889,29.05204521
      ,      ,30.533902,29.05204521
      ,      ,30.543915,27.05158660
      ,      ,30.553928,14.04860566
      ,      ,30.563940,8.04722983
      ,      ,30.573953,3.04608332
      ,      ,30.583966,-4.95575111
      ,      ,30.593979,-7.95643902
      ,      ,30.603991,-15.95827345
      ,      ,30.614004,-16.95850275
      ,      ,30.624017,-10.95712693
      ,      ,30.634030,-8.95666832
      ,      ,30.644042,-0.95483390
      ,      ,30.654055,2.04585401
      ,      ,30.664068,10.04768844
      ,      ,30.674081,14.04860566
      ,      ,30.684093,15.04883496
      ,      ,30.694106,23.05066939
      ,      ,30.704119,25.05112799
      ,      ,30.714132,18.04952287
      ,      ,30.724144,17.04929357
      ,      ,30.734157,10.04768844
      ,      ,30.744170,11.04791775
      ,      ,30.754183,9.04745914
      ,      ,30.764195,6.04677123
      ,      ,30.774208,2.04585401
      ,      ,30.784221,-0.95483390
      ,      ,30.794234,-1.95506320
      ,      ,30.804246,-1.95506320
      ,      ,30.814259,-1.95506320
      ,      ,30.824272,-0.95483390
      ,      ,30.834285,-0.95483390
      ,      ,30.844298,2.04585401
      ,      ,30.854310,5.04654192
      ,      ,30.864323,5.04654192
      ,      ,30.874336,6.04677123
      ,      ,30.884349,6.04677123
      ,      ,30.894361,13.04837635
      ,      ,30.904374,21.05021078
      ,      ,30.914387,19.04975217
      ,      ,30.924400,21.05021078
      ,      ,30.934412,18.04952287
      ,      ,30.944425,24.05089869
      ,      ,30.954438,17.04929357
      ,      ,30.964451,12.04814705
      ,      ,30.974463,9.04745914
      ,      ,30.984476,3.04608332
      ,      ,30.994489,-0.95483390
      ,      ,31.004502,-4.95575111
      ,      ,31.014514,-7.95643902
      ,      ,31.024527,-10.95712693
      ,      ,31.034540,-5.95598041
      ,      ,31.044553,-4.95575111
      ,      ,31.054565,0.04539541
      ,      ,31.064578,4.04631262
      ,      ,31.074591,14.04860566
      ,      ,31.084604,23.05066939
      ,      ,31.094616,30.05227451
      ,      ,31.104629,34.05319173
      ,      ,31.114642,27.05158660
      ,      ,31.124655,32.05273312
      ,      ,31.134667,24.05089869
      ,      ,31.144680,20.04998148
      ,      ,31.154693,11.04791775
      ,      ,31.164706,1.04562471
      ,      ,31.174718,-4.95575111
      ,      ,31.184731,-24.96033718
      ,      ,31.194744,-44.96492325
      ,      ,31.204757,-39.96377673
      ,      ,31.214770,-863.15249349
      ,      ,31.224782,-45.96515255
      ,      ,31.234795,-31.96194230
      ,      ,31.244808,-31.96194230
      ,      ,31.254821,-11.95735623
      ,      ,31.264833,-5.95598041
      ,      ,31.274846,0.04539541
      ,      ,31.284859,0.04539541
      ,      ,31.294872,0.04539541
      ,      ,31.304884,1.04562471
      ,      ,31.314897,0.04539541
      ,      ,31.324910,2.04585401
      ,      ,31.334923,2.04585401
      ,      ,31.344935,1.04562471
      ,      ,31.354948,4.04631262
      ,      ,31.364961,1.04562471
      ,      ,31.374974,1.04562471
      ,      ,31.384986,3.04608332
      ,      ,31.394999,2.04585401
      ,      ,31.405012,1.04562471
      ,      ,31.415025,2.04585401
      ,      ,31.425037,2.04585401
      ,      ,31.435050,2.04585401
      ,      ,31.445063,2.04585401
      ,      ,31.455076,5.04654192
      ,      ,31.465088,5.04654192
      ,      ,31.475101,5.04654192
      ,      ,31.485114,2.04585401
      ,      ,31.495127,2.04585401
      ,      ,31.505139,2.04585401
      ,      ,31.515152,3.04608332
      ,      ,31.525165,2.04585401
      ,      ,31.535178,3.04608332
      ,      ,31.545190,5.04654192
      ,      ,31.555203,7.04700053
      ,      ,31.565216,1.04562471
      ,      ,31.575229,1252.33248335
      ,      ,31.585242,-239.00940812
      ,      ,31.595254,-172.99427409
      ,      ,31.605267,-574.08622479
      ,      ,31.615280,-483.06535817
      ,      ,31.625293,-1799.36712154
      ,      ,31.635305,-32.96217161
      ,      ,31.645318,-168.99335688
      ,      ,31.655331,29.05204521
      ,      ,31.665344,-206.00184111
      ,      ,31.675356,-451.05802046
      ,      ,31.685369,136.07658068
      ,      ,31.695382,-306.02477146
      ,      ,31.705395,-140.98693638
      ,      ,31.715407,-60.96859210
      ,      ,31.725420,-25.96056648
      ,      ,31.735433,-241.00986673
      ,      ,31.745446,803.22952610
      ,      ,31.755458,-1494.29718398
      ,      ,31.765471,134.07612207
      ,      ,31.775484,-349.03463151
      ,      ,31.785497,-0.95483390
      ,      ,31.795509,-12.95758554
      ,      ,31.805522,-68.97042653
      ,      ,31.815535,-0.95483390
      ,      ,31.825548,82.06419829
      ,      ,31.835560,-268.01605792
      ,      ,31.845573,77.06305177
      ,      ,31.855586,-505.07040285
      ,      ,31.865599,333.12175346
      ,      ,31.875611,936.26002346
      ,      ,31.885624,-316.02706449
      ,      ,31.895637,-65.96973862
      ,      ,31.905650,-444.05641533
      ,      ,31.915662,-6.95620972
      ,      ,31.925675,-701.11534633
      ,      ,31.935688,252.10317988
      ,      ,31.945701,491.15798341
      ,      ,31.955714,200.09125610
      ,      ,31.965726,-82.97363678
      ,      ,31.975739,-255.01307698
      ,      ,31.985752,-72.97134375
      ,      ,31.995765,-139.98670708
