num. of data,6.000000E+6,Distance (m),Time 1
meas. time,1.990000E-3,0.005006,2.96413653
center wavelength,1.549960E-6,0.015019,2.96413653
phase division num.,3.800000E+1,0.025032,2.96413653
calc. start position,0.000000E+0,0.035045,2.96413653
calc. stop position,3.700000E+1,0.045057,2.96413653
meas. point interval,1.000000E-2,0.055070,2.96413653
spacial resolution,1.000000E-2,0.065083,2.96413653
PNC remaining,1.000000E+0,0.075096,1.96390723
strain resolution,1.000000E+0,0.085108,2.96413653
search pitchi,0.000000E+0,0.095121,2.96413653
search range,0.000000E+0,0.105134,2.96413653
refractive index,1.470000E+0,0.115147,2.96413653
wavelength width,2.000000E-8,0.125159,2.96413653
modulation freq.,1.522180E+2,0.135172,2.96413653
local signal delay,8.865000E-8,0.145185,2.96413653
reference delay,1.260500E-7,0.155198,-19.04090815
window of etalon,5.000000E+2,0.165210,2.96413653
sampling rate,4.000000E+9,0.175223,2.96413653
cont. meas. interval,     0,0.185236,-6.03792720
num. of cont. meas.,     0,0.195249,-10.03884441
C:\Users\STR\data\RH_ç`òp\ã»Ç∞ééå±\n3\ï\\20260525_134644-3-150mm.h5,      ,0.205262,-12.03930302
C:\Users\STR\data\RH_ç`òp\ã»Ç∞ééå±\n3\ï\\20260525_134734-4-200mm.h5,      ,0.215274,-21.04136675
 SN: 2,      ,0.225287,-43.04641143
single,      ,0.235300,-24.04205466
20260525_13:47:34.717,      ,0.245313,-4.03746859
      ,      ,0.255325,-103.06016964
      ,      ,0.265338,-10.03884441
      ,      ,0.275351,-15.03999093
      ,      ,0.285364,-12.03930302
      ,      ,0.295376,-11.03907372
      ,      ,0.305389,-14.03976163
      ,      ,0.315402,-13.03953232
      ,      ,0.325415,-16.04022023
      ,      ,0.335427,-19.04090815
      ,      ,0.345440,-22.04159606
      ,      ,0.355453,-11.03907372
      ,      ,0.365466,0.96367792
      ,      ,0.375478,3.96436583
      ,      ,0.385491,2.96413653
      ,      ,0.395504,-1.03678068
      ,      ,0.405517,1.96390723
      ,      ,0.415529,0.96367792
      ,      ,0.425542,-6.03792720
      ,      ,0.435555,-11.03907372
      ,      ,0.445568,-16.04022023
      ,      ,0.455580,-13.03953232
      ,      ,0.465593,-9.03861511
      ,      ,0.475606,-20.04113745
      ,      ,0.485619,-26.04251327
      ,      ,0.495631,-32.04388909
      ,      ,0.505644,-33.04411839
      ,      ,0.515657,-30.04343048
      ,      ,0.525670,-18.04067884
      ,      ,0.535682,-9.03861511
      ,      ,0.545695,-3.03723929
      ,      ,0.555708,-3.03723929
      ,      ,0.565721,-3.03723929
      ,      ,0.575734,9.96574166
      ,      ,0.585746,-4.03746859
      ,      ,0.595759,-7.03815650
      ,      ,0.605772,-2.03700999
      ,      ,0.615785,0.96367792
      ,      ,0.625797,1.96390723
      ,      ,0.635810,2.96413653
      ,      ,0.645823,4.96459514
      ,      ,0.655836,4.96459514
      ,      ,0.665848,3.96436583
      ,      ,0.675861,3.96436583
      ,      ,0.685874,4.96459514
      ,      ,0.695887,4.96459514
      ,      ,0.705899,6.96505374
      ,      ,0.715912,4.96459514
      ,      ,0.725925,6.96505374
      ,      ,0.735938,6.96505374
      ,      ,0.745950,6.96505374
      ,      ,0.755963,5.96482444
      ,      ,0.765976,4.96459514
      ,      ,0.775989,4.96459514
      ,      ,0.786001,6.96505374
      ,      ,0.796014,6.96505374
      ,      ,0.806027,3.96436583
      ,      ,0.816040,8.96551235
      ,      ,0.826052,7.96528305
      ,      ,0.836065,4.96459514
      ,      ,0.846078,6.96505374
      ,      ,0.856091,8.96551235
      ,      ,0.866103,4.96459514
      ,      ,0.876116,3.96436583
      ,      ,0.886129,3.96436583
      ,      ,0.896142,5.96482444
      ,      ,0.906154,6.96505374
      ,      ,0.916167,1.96390723
      ,      ,0.926180,4.96459514
      ,      ,0.936193,-1.03678068
      ,      ,0.946206,0.96367792
      ,      ,0.956218,-3.03723929
      ,      ,0.966231,1.96390723
      ,      ,0.976244,-2.03700999
      ,      ,0.986257,-1.03678068
      ,      ,0.996269,0.96367792
      ,      ,1.006282,0.96367792
      ,      ,1.016295,-0.03655138
      ,      ,1.026308,-2.03700999
      ,      ,1.036320,-0.03655138
      ,      ,1.046333,1.96390723
      ,      ,1.056346,-1.03678068
      ,      ,1.066359,-2.03700999
      ,      ,1.076371,0.96367792
      ,      ,1.086384,-1.03678068
      ,      ,1.096397,1.96390723
      ,      ,1.106410,-0.03655138
      ,      ,1.116422,-0.03655138
      ,      ,1.126435,-2.03700999
      ,      ,1.136448,0.96367792
      ,      ,1.146461,-1.03678068
      ,      ,1.156473,0.96367792
      ,      ,1.166486,-1.03678068
      ,      ,1.176499,-0.03655138
      ,      ,1.186512,-0.03655138
      ,      ,1.196524,-2.03700999
      ,      ,1.206537,3.96436583
      ,      ,1.216550,0.96367792
      ,      ,1.226563,0.96367792
      ,      ,1.236575,-1.03678068
      ,      ,1.246588,1.96390723
      ,      ,1.256601,0.96367792
      ,      ,1.266614,0.96367792
      ,      ,1.276626,0.96367792
      ,      ,1.286639,-2.03700999
      ,      ,1.296652,0.96367792
      ,      ,1.306665,4.96459514
      ,      ,1.316678,0.96367792
      ,      ,1.326690,0.96367792
      ,      ,1.336703,2.96413653
      ,      ,1.346716,2.96413653
      ,      ,1.356729,-1.03678068
      ,      ,1.366741,-0.03655138
      ,      ,1.376754,1.96390723
      ,      ,1.386767,3.96436583
      ,      ,1.396780,0.96367792
      ,      ,1.406792,0.96367792
      ,      ,1.416805,0.96367792
      ,      ,1.426818,2.96413653
      ,      ,1.436831,-0.03655138
      ,      ,1.446843,0.96367792
      ,      ,1.456856,-1.03678068
      ,      ,1.466869,0.96367792
      ,      ,1.476882,-1.03678068
      ,      ,1.486894,1.96390723
      ,      ,1.496907,-2.03700999
      ,      ,1.506920,3.96436583
      ,      ,1.516933,1.96390723
      ,      ,1.526945,0.96367792
      ,      ,1.536958,0.96367792
      ,      ,1.546971,0.96367792
      ,      ,1.556984,-1.03678068
      ,      ,1.566996,-1.03678068
      ,      ,1.577009,2.96413653
      ,      ,1.587022,3.96436583
      ,      ,1.597035,0.96367792
      ,      ,1.607047,1.96390723
      ,      ,1.617060,0.96367792
      ,      ,1.627073,1.96390723
      ,      ,1.637086,2.96413653
      ,      ,1.647099,-0.03655138
      ,      ,1.657111,-0.03655138
      ,      ,1.667124,1.96390723
      ,      ,1.677137,-0.03655138
      ,      ,1.687150,2.96413653
      ,      ,1.697162,-0.03655138
      ,      ,1.707175,2.96413653
      ,      ,1.717188,1.96390723
      ,      ,1.727201,1.96390723
      ,      ,1.737213,2.96413653
      ,      ,1.747226,0.96367792
      ,      ,1.757239,-0.03655138
      ,      ,1.767252,2.96413653
      ,      ,1.777264,-0.03655138
      ,      ,1.787277,1.96390723
      ,      ,1.797290,-2.03700999
      ,      ,1.807303,-1.03678068
      ,      ,1.817315,1.96390723
      ,      ,1.827328,0.96367792
      ,      ,1.837341,1.96390723
      ,      ,1.847354,-1.03678068
      ,      ,1.857366,0.96367792
      ,      ,1.867379,-2.03700999
      ,      ,1.877392,-1.03678068
      ,      ,1.887405,1.96390723
      ,      ,1.897417,-0.03655138
      ,      ,1.907430,2.96413653
      ,      ,1.917443,2.96413653
      ,      ,1.927456,3.96436583
      ,      ,1.937468,-0.03655138
      ,      ,1.947481,-0.03655138
      ,      ,1.957494,1.96390723
      ,      ,1.967507,-1.03678068
      ,      ,1.977519,1.96390723
      ,      ,1.987532,2.96413653
      ,      ,1.997545,1.96390723
      ,      ,2.007558,2.96413653
      ,      ,2.017571,0.96367792
      ,      ,2.027583,1.96390723
      ,      ,2.037596,-1.03678068
      ,      ,2.047609,-0.03655138
      ,      ,2.057622,-0.03655138
      ,      ,2.067634,0.96367792
      ,      ,2.077647,0.96367792
      ,      ,2.087660,-1.03678068
      ,      ,2.097673,0.96367792
      ,      ,2.107685,0.96367792
      ,      ,2.117698,1.96390723
      ,      ,2.127711,3.96436583
      ,      ,2.137724,0.96367792
      ,      ,2.147736,1.96390723
      ,      ,2.157749,0.96367792
      ,      ,2.167762,2.96413653
      ,      ,2.177775,-1.03678068
      ,      ,2.187787,0.96367792
      ,      ,2.197800,2.96413653
      ,      ,2.207813,0.96367792
      ,      ,2.217826,0.96367792
      ,      ,2.227838,1.96390723
      ,      ,2.237851,2.96413653
      ,      ,2.247864,0.96367792
      ,      ,2.257877,0.96367792
      ,      ,2.267889,1.96390723
      ,      ,2.277902,0.96367792
      ,      ,2.287915,1.96390723
      ,      ,2.297928,1.96390723
      ,      ,2.307940,-0.03655138
      ,      ,2.317953,-3.03723929
      ,      ,2.327966,-1.03678068
      ,      ,2.337979,1.96390723
      ,      ,2.347991,-0.03655138
      ,      ,2.358004,0.96367792
      ,      ,2.368017,2.96413653
      ,      ,2.378030,-3.03723929
      ,      ,2.388043,3.96436583
      ,      ,2.398055,1.96390723
      ,      ,2.408068,-0.03655138
      ,      ,2.418081,-0.03655138
      ,      ,2.428094,0.96367792
      ,      ,2.438106,0.96367792
      ,      ,2.448119,-0.03655138
      ,      ,2.458132,-0.03655138
      ,      ,2.468145,-2.03700999
      ,      ,2.478157,0.96367792
      ,      ,2.488170,2.96413653
      ,      ,2.498183,-0.03655138
      ,      ,2.508196,0.96367792
      ,      ,2.518208,-1.03678068
      ,      ,2.528221,1.96390723
      ,      ,2.538234,3.96436583
      ,      ,2.548247,0.96367792
      ,      ,2.558259,0.96367792
      ,      ,2.568272,3.96436583
      ,      ,2.578285,3.96436583
      ,      ,2.588298,4.96459514
      ,      ,2.598310,-1.03678068
      ,      ,2.608323,2.96413653
      ,      ,2.618336,3.96436583
      ,      ,2.628349,-0.03655138
      ,      ,2.638361,1.96390723
      ,      ,2.648374,0.96367792
      ,      ,2.658387,-0.03655138
      ,      ,2.668400,0.96367792
      ,      ,2.678412,0.96367792
      ,      ,2.688425,1.96390723
      ,      ,2.698438,1.96390723
      ,      ,2.708451,1.96390723
      ,      ,2.718463,2.96413653
      ,      ,2.728476,2.96413653
      ,      ,2.738489,-0.03655138
      ,      ,2.748502,2.96413653
      ,      ,2.758515,2.96413653
      ,      ,2.768527,2.96413653
      ,      ,2.778540,1.96390723
      ,      ,2.788553,3.96436583
      ,      ,2.798566,0.96367792
      ,      ,2.808578,0.96367792
      ,      ,2.818591,-2.03700999
      ,      ,2.828604,-1.03678068
      ,      ,2.838617,-0.03655138
      ,      ,2.848629,1.96390723
      ,      ,2.858642,1.96390723
      ,      ,2.868655,1.96390723
      ,      ,2.878668,2.96413653
      ,      ,2.888680,-2.03700999
      ,      ,2.898693,-1.03678068
      ,      ,2.908706,-0.03655138
      ,      ,2.918719,2.96413653
      ,      ,2.928731,1.96390723
      ,      ,2.938744,-1.03678068
      ,      ,2.948757,3.96436583
      ,      ,2.958770,2.96413653
      ,      ,2.968782,0.96367792
      ,      ,2.978795,4.96459514
      ,      ,2.988808,-0.03655138
      ,      ,2.998821,-0.03655138
      ,      ,3.008833,2.96413653
      ,      ,3.018846,2.96413653
      ,      ,3.028859,2.96413653
      ,      ,3.038872,1.96390723
      ,      ,3.048884,1.96390723
      ,      ,3.058897,0.96367792
      ,      ,3.068910,0.96367792
      ,      ,3.078923,-0.03655138
      ,      ,3.088935,-0.03655138
      ,      ,3.098948,1.96390723
      ,      ,3.108961,1.96390723
      ,      ,3.118974,5.96482444
      ,      ,3.128987,3.96436583
      ,      ,3.138999,0.96367792
      ,      ,3.149012,-0.03655138
      ,      ,3.159025,2.96413653
      ,      ,3.169038,-0.03655138
      ,      ,3.179050,3.96436583
      ,      ,3.189063,3.96436583
      ,      ,3.199076,1.96390723
      ,      ,3.209089,3.96436583
      ,      ,3.219101,1.96390723
      ,      ,3.229114,0.96367792
      ,      ,3.239127,0.96367792
      ,      ,3.249140,4.96459514
      ,      ,3.259152,1.96390723
      ,      ,3.269165,2.96413653
      ,      ,3.279178,0.96367792
      ,      ,3.289191,0.96367792
      ,      ,3.299203,1.96390723
      ,      ,3.309216,2.96413653
      ,      ,3.319229,-2.03700999
      ,      ,3.329242,2.96413653
      ,      ,3.339254,0.96367792
      ,      ,3.349267,2.96413653
      ,      ,3.359280,1.96390723
      ,      ,3.369293,2.96413653
      ,      ,3.379305,0.96367792
      ,      ,3.389318,2.96413653
      ,      ,3.399331,0.96367792
      ,      ,3.409344,-0.03655138
      ,      ,3.419356,0.96367792
      ,      ,3.429369,1.96390723
      ,      ,3.439382,-0.03655138
      ,      ,3.449395,-0.03655138
      ,      ,3.459407,-1.03678068
      ,      ,3.469420,0.96367792
      ,      ,3.479433,1.96390723
      ,      ,3.489446,0.96367792
      ,      ,3.499459,-0.03655138
      ,      ,3.509471,-0.03655138
      ,      ,3.519484,-1.03678068
      ,      ,3.529497,0.96367792
      ,      ,3.539510,0.96367792
      ,      ,3.549522,-0.03655138
      ,      ,3.559535,2.96413653
      ,      ,3.569548,-0.03655138
      ,      ,3.579561,-0.03655138
      ,      ,3.589573,1.96390723
      ,      ,3.599586,2.96413653
      ,      ,3.609599,-1.03678068
      ,      ,3.619612,-1.03678068
      ,      ,3.629624,-1.03678068
      ,      ,3.639637,1.96390723
      ,      ,3.649650,1.96390723
      ,      ,3.659663,3.96436583
      ,      ,3.669675,0.96367792
      ,      ,3.679688,2.96413653
      ,      ,3.689701,2.96413653
      ,      ,3.699714,0.96367792
      ,      ,3.709726,2.96413653
      ,      ,3.719739,-0.03655138
      ,      ,3.729752,-2.03700999
      ,      ,3.739765,-0.03655138
      ,      ,3.749777,2.96413653
      ,      ,3.759790,1.96390723
      ,      ,3.769803,-1.03678068
      ,      ,3.779816,1.96390723
      ,      ,3.789828,-0.03655138
      ,      ,3.799841,1.96390723
      ,      ,3.809854,2.96413653
      ,      ,3.819867,1.96390723
      ,      ,3.829879,-0.03655138
      ,      ,3.839892,0.96367792
      ,      ,3.849905,1.96390723
      ,      ,3.859918,1.96390723
      ,      ,3.869931,1.96390723
      ,      ,3.879943,1.96390723
      ,      ,3.889956,-0.03655138
      ,      ,3.899969,-0.03655138
      ,      ,3.909982,0.96367792
      ,      ,3.919994,3.96436583
      ,      ,3.930007,3.96436583
      ,      ,3.940020,-0.03655138
      ,      ,3.950033,0.96367792
      ,      ,3.960045,3.96436583
      ,      ,3.970058,1.96390723
      ,      ,3.980071,-0.03655138
      ,      ,3.990084,1.96390723
      ,      ,4.000096,0.96367792
      ,      ,4.010109,2.96413653
      ,      ,4.020122,0.96367792
      ,      ,4.030135,3.96436583
      ,      ,4.040147,-1.03678068
      ,      ,4.050160,-0.03655138
      ,      ,4.060173,3.96436583
      ,      ,4.070186,3.96436583
      ,      ,4.080198,2.96413653
      ,      ,4.090211,0.96367792
      ,      ,4.100224,1.96390723
      ,      ,4.110237,-1.03678068
      ,      ,4.120249,1.96390723
      ,      ,4.130262,-0.03655138
      ,      ,4.140275,1.96390723
      ,      ,4.150288,1.96390723
      ,      ,4.160300,1.96390723
      ,      ,4.170313,-1.03678068
      ,      ,4.180326,-0.03655138
      ,      ,4.190339,1.96390723
      ,      ,4.200352,-2.03700999
      ,      ,4.210364,2.96413653
      ,      ,4.220377,4.96459514
      ,      ,4.230390,-0.03655138
      ,      ,4.240403,2.96413653
      ,      ,4.250415,1.96390723
      ,      ,4.260428,-0.03655138
      ,      ,4.270441,-1.03678068
      ,      ,4.280454,2.96413653
      ,      ,4.290466,0.96367792
      ,      ,4.300479,1.96390723
      ,      ,4.310492,2.96413653
      ,      ,4.320505,-0.03655138
      ,      ,4.330517,0.96367792
      ,      ,4.340530,1.96390723
      ,      ,4.350543,2.96413653
      ,      ,4.360556,1.96390723
      ,      ,4.370568,0.96367792
      ,      ,4.380581,0.96367792
      ,      ,4.390594,0.96367792
      ,      ,4.400607,1.96390723
      ,      ,4.410619,1.96390723
      ,      ,4.420632,-0.03655138
      ,      ,4.430645,-0.03655138
      ,      ,4.440658,0.96367792
      ,      ,4.450670,0.96367792
      ,      ,4.460683,3.96436583
      ,      ,4.470696,-0.03655138
      ,      ,4.480709,0.96367792
      ,      ,4.490721,3.96436583
      ,      ,4.500734,-1.03678068
      ,      ,4.510747,-0.03655138
      ,      ,4.520760,2.96413653
      ,      ,4.530772,2.96413653
      ,      ,4.540785,2.96413653
      ,      ,4.550798,0.96367792
      ,      ,4.560811,-2.03700999
      ,      ,4.570824,-1.03678068
      ,      ,4.580836,0.96367792
      ,      ,4.590849,1.96390723
      ,      ,4.600862,1.96390723
      ,      ,4.610875,0.96367792
      ,      ,4.620887,2.96413653
      ,      ,4.630900,0.96367792
      ,      ,4.640913,2.96413653
      ,      ,4.650926,-1.03678068
      ,      ,4.660938,0.96367792
      ,      ,4.670951,0.96367792
      ,      ,4.680964,-0.03655138
      ,      ,4.690977,3.96436583
      ,      ,4.700989,-0.03655138
      ,      ,4.711002,-2.03700999
      ,      ,4.721015,-0.03655138
      ,      ,4.731028,3.96436583
      ,      ,4.741040,0.96367792
      ,      ,4.751053,0.96367792
      ,      ,4.761066,2.96413653
      ,      ,4.771079,0.96367792
      ,      ,4.781091,1.96390723
      ,      ,4.791104,-1.03678068
      ,      ,4.801117,-1.03678068
      ,      ,4.811130,-1.03678068
      ,      ,4.821142,-1.03678068
      ,      ,4.831155,0.96367792
      ,      ,4.841168,0.96367792
      ,      ,4.851181,1.96390723
      ,      ,4.861193,1.96390723
      ,      ,4.871206,1.96390723
      ,      ,4.881219,-1.03678068
      ,      ,4.891232,1.96390723
      ,      ,4.901244,3.96436583
      ,      ,4.911257,0.96367792
      ,      ,4.921270,1.96390723
      ,      ,4.931283,1.96390723
      ,      ,4.941296,-0.03655138
      ,      ,4.951308,0.96367792
      ,      ,4.961321,-0.03655138
      ,      ,4.971334,-1.03678068
      ,      ,4.981347,2.96413653
      ,      ,4.991359,-0.03655138
      ,      ,5.001372,-0.03655138
      ,      ,5.011385,0.96367792
      ,      ,5.021398,0.96367792
      ,      ,5.031410,3.96436583
      ,      ,5.041423,-3.03723929
      ,      ,5.051436,-0.03655138
      ,      ,5.061449,0.96367792
      ,      ,5.071461,-0.03655138
      ,      ,5.081474,4.96459514
      ,      ,5.091487,-0.03655138
      ,      ,5.101500,0.96367792
      ,      ,5.111512,3.96436583
      ,      ,5.121525,4.96459514
      ,      ,5.131538,-1.03678068
      ,      ,5.141551,-0.03655138
      ,      ,5.151563,-0.03655138
      ,      ,5.161576,-0.03655138
      ,      ,5.171589,2.96413653
      ,      ,5.181602,0.96367792
      ,      ,5.191614,1.96390723
      ,      ,5.201627,-0.03655138
      ,      ,5.211640,-0.03655138
      ,      ,5.221653,1.96390723
      ,      ,5.231665,0.96367792
      ,      ,5.241678,0.96367792
      ,      ,5.251691,-0.03655138
      ,      ,5.261704,-1.03678068
      ,      ,5.271716,2.96413653
      ,      ,5.281729,2.96413653
      ,      ,5.291742,1.96390723
      ,      ,5.301755,1.96390723
      ,      ,5.311768,1.96390723
      ,      ,5.321780,1.96390723
      ,      ,5.331793,0.96367792
      ,      ,5.341806,2.96413653
      ,      ,5.351819,1.96390723
      ,      ,5.361831,0.96367792
      ,      ,5.371844,0.96367792
      ,      ,5.381857,1.96390723
      ,      ,5.391870,0.96367792
      ,      ,5.401882,2.96413653
      ,      ,5.411895,1.96390723
      ,      ,5.421908,-0.03655138
      ,      ,5.431921,2.96413653
      ,      ,5.441933,-0.03655138
      ,      ,5.451946,1.96390723
      ,      ,5.461959,1.96390723
      ,      ,5.471972,0.96367792
      ,      ,5.481984,-0.03655138
      ,      ,5.491997,2.96413653
      ,      ,5.502010,0.96367792
      ,      ,5.512023,2.96413653
      ,      ,5.522035,0.96367792
      ,      ,5.532048,0.96367792
      ,      ,5.542061,0.96367792
      ,      ,5.552074,1.96390723
      ,      ,5.562086,-0.03655138
      ,      ,5.572099,1.96390723
      ,      ,5.582112,2.96413653
      ,      ,5.592125,1.96390723
      ,      ,5.602137,1.96390723
      ,      ,5.612150,0.96367792
      ,      ,5.622163,2.96413653
      ,      ,5.632176,0.96367792
      ,      ,5.642188,2.96413653
      ,      ,5.652201,0.96367792
      ,      ,5.662214,1.96390723
      ,      ,5.672227,0.96367792
      ,      ,5.682240,1.96390723
      ,      ,5.692252,3.96436583
      ,      ,5.702265,2.96413653
      ,      ,5.712278,1.96390723
      ,      ,5.722291,1.96390723
      ,      ,5.732303,-0.03655138
      ,      ,5.742316,-1.03678068
      ,      ,5.752329,1.96390723
      ,      ,5.762342,0.96367792
      ,      ,5.772354,-0.03655138
      ,      ,5.782367,0.96367792
      ,      ,5.792380,1.96390723
      ,      ,5.802393,1.96390723
      ,      ,5.812405,3.96436583
      ,      ,5.822418,0.96367792
      ,      ,5.832431,2.96413653
      ,      ,5.842444,1.96390723
      ,      ,5.852456,-2.03700999
      ,      ,5.862469,0.96367792
      ,      ,5.872482,-0.03655138
      ,      ,5.882495,1.96390723
      ,      ,5.892507,-1.03678068
      ,      ,5.902520,2.96413653
      ,      ,5.912533,3.96436583
      ,      ,5.922546,0.96367792
      ,      ,5.932558,0.96367792
      ,      ,5.942571,1.96390723
      ,      ,5.952584,0.96367792
      ,      ,5.962597,0.96367792
      ,      ,5.972609,1.96390723
      ,      ,5.982622,1.96390723
      ,      ,5.992635,1.96390723
      ,      ,6.002648,2.96413653
      ,      ,6.012660,2.96413653
      ,      ,6.022673,2.96413653
      ,      ,6.032686,1.96390723
      ,      ,6.042699,0.96367792
      ,      ,6.052712,0.96367792
      ,      ,6.062724,2.96413653
      ,      ,6.072737,-0.03655138
      ,      ,6.082750,1.96390723
      ,      ,6.092763,-0.03655138
      ,      ,6.102775,0.96367792
      ,      ,6.112788,1.96390723
      ,      ,6.122801,1.96390723
      ,      ,6.132814,3.96436583
      ,      ,6.142826,1.96390723
      ,      ,6.152839,-0.03655138
      ,      ,6.162852,0.96367792
      ,      ,6.172865,1.96390723
      ,      ,6.182877,0.96367792
      ,      ,6.192890,1.96390723
      ,      ,6.202903,1.96390723
      ,      ,6.212916,1.96390723
      ,      ,6.222928,0.96367792
      ,      ,6.232941,1.96390723
      ,      ,6.242954,-0.03655138
      ,      ,6.252967,0.96367792
      ,      ,6.262979,-0.03655138
      ,      ,6.272992,-0.03655138
      ,      ,6.283005,1.96390723
      ,      ,6.293018,2.96413653
      ,      ,6.303030,1.96390723
      ,      ,6.313043,0.96367792
      ,      ,6.323056,-1.03678068
      ,      ,6.333069,1.96390723
      ,      ,6.343081,-1.03678068
      ,      ,6.353094,-0.03655138
      ,      ,6.363107,0.96367792
      ,      ,6.373120,0.96367792
      ,      ,6.383132,-1.03678068
      ,      ,6.393145,0.96367792
      ,      ,6.403158,2.96413653
      ,      ,6.413171,-0.03655138
      ,      ,6.423184,2.96413653
      ,      ,6.433196,0.96367792
      ,      ,6.443209,2.96413653
      ,      ,6.453222,0.96367792
      ,      ,6.463235,0.96367792
      ,      ,6.473247,-0.03655138
      ,      ,6.483260,1.96390723
      ,      ,6.493273,-0.03655138
      ,      ,6.503286,0.96367792
      ,      ,6.513298,0.96367792
      ,      ,6.523311,3.96436583
      ,      ,6.533324,2.96413653
      ,      ,6.543337,-1.03678068
      ,      ,6.553349,-1.03678068
      ,      ,6.563362,0.96367792
      ,      ,6.573375,-1.03678068
      ,      ,6.583388,1.96390723
      ,      ,6.593400,-0.03655138
      ,      ,6.603413,3.96436583
      ,      ,6.613426,1.96390723
      ,      ,6.623439,-0.03655138
      ,      ,6.633451,2.96413653
      ,      ,6.643464,2.96413653
      ,      ,6.653477,0.96367792
      ,      ,6.663490,2.96413653
      ,      ,6.673502,1.96390723
      ,      ,6.683515,3.96436583
      ,      ,6.693528,1.96390723
      ,      ,6.703541,3.96436583
      ,      ,6.713553,0.96367792
      ,      ,6.723566,-1.03678068
      ,      ,6.733579,-1.03678068
      ,      ,6.743592,1.96390723
      ,      ,6.753605,0.96367792
      ,      ,6.763617,3.96436583
      ,      ,6.773630,0.96367792
      ,      ,6.783643,2.96413653
      ,      ,6.793656,1.96390723
      ,      ,6.803668,3.96436583
      ,      ,6.813681,0.96367792
      ,      ,6.823694,0.96367792
      ,      ,6.833707,2.96413653
      ,      ,6.843719,1.96390723
      ,      ,6.853732,0.96367792
      ,      ,6.863745,2.96413653
      ,      ,6.873758,0.96367792
      ,      ,6.883770,2.96413653
      ,      ,6.893783,2.96413653
      ,      ,6.903796,0.96367792
      ,      ,6.913809,1.96390723
      ,      ,6.923821,1.96390723
      ,      ,6.933834,1.96390723
      ,      ,6.943847,-1.03678068
      ,      ,6.953860,-0.03655138
      ,      ,6.963872,0.96367792
      ,      ,6.973885,2.96413653
      ,      ,6.983898,0.96367792
      ,      ,6.993911,0.96367792
      ,      ,7.003923,1.96390723
      ,      ,7.013936,-0.03655138
      ,      ,7.023949,0.96367792
      ,      ,7.033962,1.96390723
      ,      ,7.043974,0.96367792
      ,      ,7.053987,1.96390723
      ,      ,7.064000,2.96413653
      ,      ,7.074013,-0.03655138
      ,      ,7.084025,1.96390723
      ,      ,7.094038,0.96367792
      ,      ,7.104051,1.96390723
      ,      ,7.114064,0.96367792
      ,      ,7.124077,1.96390723
      ,      ,7.134089,1.96390723
      ,      ,7.144102,1.96390723
      ,      ,7.154115,-0.03655138
      ,      ,7.164128,2.96413653
      ,      ,7.174140,1.96390723
      ,      ,7.184153,0.96367792
      ,      ,7.194166,-0.03655138
      ,      ,7.204179,0.96367792
      ,      ,7.214191,2.96413653
      ,      ,7.224204,1.96390723
      ,      ,7.234217,1.96390723
      ,      ,7.244230,2.96413653
      ,      ,7.254242,1.96390723
      ,      ,7.264255,0.96367792
      ,      ,7.274268,1.96390723
      ,      ,7.284281,0.96367792
      ,      ,7.294293,3.96436583
      ,      ,7.304306,1.96390723
      ,      ,7.314319,2.96413653
      ,      ,7.324332,2.96413653
      ,      ,7.334344,2.96413653
      ,      ,7.344357,2.96413653
      ,      ,7.354370,2.96413653
      ,      ,7.364383,1.96390723
      ,      ,7.374395,3.96436583
      ,      ,7.384408,1.96390723
      ,      ,7.394421,2.96413653
      ,      ,7.404434,1.96390723
      ,      ,7.414446,1.96390723
      ,      ,7.424459,2.96413653
      ,      ,7.434472,2.96413653
      ,      ,7.444485,0.96367792
      ,      ,7.454497,0.96367792
      ,      ,7.464510,2.96413653
      ,      ,7.474523,2.96413653
      ,      ,7.484536,1.96390723
      ,      ,7.494549,0.96367792
      ,      ,7.504561,4.96459514
      ,      ,7.514574,2.96413653
      ,      ,7.524587,0.96367792
      ,      ,7.534600,0.96367792
      ,      ,7.544612,3.96436583
      ,      ,7.554625,3.96436583
      ,      ,7.564638,0.96367792
      ,      ,7.574651,2.96413653
      ,      ,7.584663,0.96367792
      ,      ,7.594676,1.96390723
      ,      ,7.604689,1.96390723
      ,      ,7.614702,0.96367792
      ,      ,7.624714,0.96367792
      ,      ,7.634727,0.96367792
      ,      ,7.644740,0.96367792
      ,      ,7.654753,1.96390723
      ,      ,7.664765,-0.03655138
      ,      ,7.674778,2.96413653
      ,      ,7.684791,2.96413653
      ,      ,7.694804,1.96390723
      ,      ,7.704816,1.96390723
      ,      ,7.714829,0.96367792
      ,      ,7.724842,1.96390723
      ,      ,7.734855,2.96413653
      ,      ,7.744867,1.96390723
      ,      ,7.754880,1.96390723
      ,      ,7.764893,-0.03655138
      ,      ,7.774906,2.96413653
      ,      ,7.784918,1.96390723
      ,      ,7.794931,2.96413653
      ,      ,7.804944,5.96482444
      ,      ,7.814957,4.96459514
      ,      ,7.824969,0.96367792
      ,      ,7.834982,2.96413653
      ,      ,7.844995,1.96390723
      ,      ,7.855008,3.96436583
      ,      ,7.865021,2.96413653
      ,      ,7.875033,1.96390723
      ,      ,7.885046,2.96413653
      ,      ,7.895059,2.96413653
      ,      ,7.905072,0.96367792
      ,      ,7.915084,2.96413653
      ,      ,7.925097,2.96413653
      ,      ,7.935110,1.96390723
      ,      ,7.945123,3.96436583
      ,      ,7.955135,2.96413653
      ,      ,7.965148,1.96390723
      ,      ,7.975161,0.96367792
      ,      ,7.985174,1.96390723
      ,      ,7.995186,-0.03655138
      ,      ,8.005199,2.96413653
      ,      ,8.015212,4.96459514
      ,      ,8.025225,4.96459514
      ,      ,8.035237,1.96390723
      ,      ,8.045250,3.96436583
      ,      ,8.055263,2.96413653
      ,      ,8.065276,3.96436583
      ,      ,8.075288,3.96436583
      ,      ,8.085301,1.96390723
      ,      ,8.095314,3.96436583
      ,      ,8.105327,3.96436583
      ,      ,8.115339,1.96390723
      ,      ,8.125352,3.96436583
      ,      ,8.135365,3.96436583
      ,      ,8.145378,1.96390723
      ,      ,8.155390,3.96436583
      ,      ,8.165403,2.96413653
      ,      ,8.175416,5.96482444
      ,      ,8.185429,4.96459514
      ,      ,8.195441,3.96436583
      ,      ,8.205454,5.96482444
      ,      ,8.215467,5.96482444
      ,      ,8.225480,3.96436583
      ,      ,8.235493,5.96482444
      ,      ,8.245505,4.96459514
      ,      ,8.255518,5.96482444
      ,      ,8.265531,3.96436583
      ,      ,8.275544,3.96436583
      ,      ,8.285556,2.96413653
      ,      ,8.295569,5.96482444
      ,      ,8.305582,5.96482444
      ,      ,8.315595,4.96459514
      ,      ,8.325607,2.96413653
      ,      ,8.335620,3.96436583
      ,      ,8.345633,3.96436583
      ,      ,8.355646,2.96413653
      ,      ,8.365658,1.96390723
      ,      ,8.375671,0.96367792
      ,      ,8.385684,0.96367792
      ,      ,8.395697,0.96367792
      ,      ,8.405709,1.96390723
      ,      ,8.415722,1.96390723
      ,      ,8.425735,1.96390723
      ,      ,8.435748,1.96390723
      ,      ,8.445760,1.96390723
      ,      ,8.455773,1.96390723
      ,      ,8.465786,0.96367792
      ,      ,8.475799,0.96367792
      ,      ,8.485811,2.96413653
      ,      ,8.495824,4.96459514
      ,      ,8.505837,2.96413653
      ,      ,8.515850,2.96413653
      ,      ,8.525862,2.96413653
      ,      ,8.535875,3.96436583
      ,      ,8.545888,3.96436583
      ,      ,8.555901,3.96436583
      ,      ,8.565913,3.96436583
      ,      ,8.575926,3.96436583
      ,      ,8.585939,3.96436583
      ,      ,8.595952,4.96459514
      ,      ,8.605965,3.96436583
      ,      ,8.615977,2.96413653
      ,      ,8.625990,3.96436583
      ,      ,8.636003,3.96436583
      ,      ,8.646016,2.96413653
      ,      ,8.656028,2.96413653
      ,      ,8.666041,2.96413653
      ,      ,8.676054,2.96413653
      ,      ,8.686067,2.96413653
      ,      ,8.696079,1.96390723
      ,      ,8.706092,2.96413653
      ,      ,8.716105,2.96413653
      ,      ,8.726118,1.96390723
      ,      ,8.736130,1.96390723
      ,      ,8.746143,-0.03655138
      ,      ,8.756156,0.96367792
      ,      ,8.766169,1.96390723
      ,      ,8.776181,3.96436583
      ,      ,8.786194,2.96413653
      ,      ,8.796207,2.96413653
      ,      ,8.806220,1.96390723
      ,      ,8.816232,1.96390723
      ,      ,8.826245,1.96390723
      ,      ,8.836258,1.96390723
      ,      ,8.846271,2.96413653
      ,      ,8.856283,2.96413653
      ,      ,8.866296,1.96390723
      ,      ,8.876309,2.96413653
      ,      ,8.886322,1.96390723
      ,      ,8.896334,1.96390723
      ,      ,8.906347,2.96413653
      ,      ,8.916360,2.96413653
      ,      ,8.926373,4.96459514
      ,      ,8.936385,2.96413653
      ,      ,8.946398,3.96436583
      ,      ,8.956411,1.96390723
      ,      ,8.966424,2.96413653
      ,      ,8.976437,1.96390723
      ,      ,8.986449,2.96413653
      ,      ,8.996462,0.96367792
      ,      ,9.006475,-1.03678068
      ,      ,9.016488,-0.03655138
      ,      ,9.026500,-0.03655138
      ,      ,9.036513,-2.03700999
      ,      ,9.046526,-1.03678068
      ,      ,9.056539,-4.03746859
      ,      ,9.066551,-3.03723929
      ,      ,9.076564,-6.03792720
      ,      ,9.086577,-3.03723929
      ,      ,9.096590,-5.03769790
      ,      ,9.106602,-6.03792720
      ,      ,9.116615,-6.03792720
      ,      ,9.126628,-6.03792720
      ,      ,9.136641,-4.03746859
      ,      ,9.146653,-6.03792720
      ,      ,9.156666,-7.03815650
      ,      ,9.166679,-5.03769790
      ,      ,9.176692,-5.03769790
      ,      ,9.186704,-6.03792720
      ,      ,9.196717,-5.03769790
      ,      ,9.206730,-6.03792720
      ,      ,9.216743,-3.03723929
      ,      ,9.226755,-3.03723929
      ,      ,9.236768,-3.03723929
      ,      ,9.246781,-2.03700999
      ,      ,9.256794,-5.03769790
      ,      ,9.266806,-3.03723929
      ,      ,9.276819,-3.03723929
      ,      ,9.286832,-4.03746859
      ,      ,9.296845,-4.03746859
      ,      ,9.306857,-5.03769790
      ,      ,9.316870,-3.03723929
      ,      ,9.326883,-5.03769790
      ,      ,9.336896,-6.03792720
      ,      ,9.346909,-4.03746859
      ,      ,9.356921,-4.03746859
      ,      ,9.366934,-3.03723929
      ,      ,9.376947,-2.03700999
      ,      ,9.386960,-4.03746859
      ,      ,9.396972,-3.03723929
      ,      ,9.406985,-2.03700999
      ,      ,9.416998,-4.03746859
      ,      ,9.427011,-2.03700999
      ,      ,9.437023,-4.03746859
      ,      ,9.447036,-4.03746859
      ,      ,9.457049,-3.03723929
      ,      ,9.467062,-2.03700999
      ,      ,9.477074,-3.03723929
      ,      ,9.487087,-3.03723929
      ,      ,9.497100,-4.03746859
      ,      ,9.507113,-3.03723929
      ,      ,9.517125,-5.03769790
      ,      ,9.527138,-7.03815650
      ,      ,9.537151,-8.03838581
      ,      ,9.547164,-7.03815650
      ,      ,9.557176,-7.03815650
      ,      ,9.567189,-10.03884441
      ,      ,9.577202,-9.03861511
      ,      ,9.587215,-9.03861511
      ,      ,9.597227,-9.03861511
      ,      ,9.607240,-9.03861511
      ,      ,9.617253,-12.03930302
      ,      ,9.627266,-8.03838581
      ,      ,9.637278,-12.03930302
      ,      ,9.647291,-9.03861511
      ,      ,9.657304,-9.03861511
      ,      ,9.667317,-7.03815650
      ,      ,9.677330,-7.03815650
      ,      ,9.687342,-5.03769790
      ,      ,9.697355,-7.03815650
      ,      ,9.707368,-7.03815650
      ,      ,9.717381,-4.03746859
      ,      ,9.727393,-9.03861511
      ,      ,9.737406,-9.03861511
      ,      ,9.747419,-8.03838581
      ,      ,9.757432,-9.03861511
      ,      ,9.767444,-8.03838581
      ,      ,9.777457,-6.03792720
      ,      ,9.787470,-9.03861511
      ,      ,9.797483,-6.03792720
      ,      ,9.807495,-6.03792720
      ,      ,9.817508,-5.03769790
      ,      ,9.827521,-7.03815650
      ,      ,9.837534,-6.03792720
      ,      ,9.847546,-6.03792720
      ,      ,9.857559,-6.03792720
      ,      ,9.867572,-4.03746859
      ,      ,9.877585,-5.03769790
      ,      ,9.887597,-6.03792720
      ,      ,9.897610,-6.03792720
      ,      ,9.907623,-4.03746859
      ,      ,9.917636,-4.03746859
      ,      ,9.927648,-6.03792720
      ,      ,9.937661,-5.03769790
      ,      ,9.947674,-4.03746859
      ,      ,9.957687,-5.03769790
      ,      ,9.967699,-3.03723929
      ,      ,9.977712,-3.03723929
      ,      ,9.987725,-6.03792720
      ,      ,9.997738,-8.03838581
      ,      ,10.007750,-8.03838581
      ,      ,10.017763,-9.03861511
      ,      ,10.027776,-9.03861511
      ,      ,10.037789,-8.03838581
      ,      ,10.047802,-9.03861511
      ,      ,10.057814,-11.03907372
      ,      ,10.067827,-12.03930302
      ,      ,10.077840,-11.03907372
      ,      ,10.087853,-11.03907372
      ,      ,10.097865,-6.03792720
      ,      ,10.107878,-0.03655138
      ,      ,10.117891,2.96413653
      ,      ,10.127904,23.96895190
      ,      ,10.137916,29.97032772
      ,      ,10.147929,35.97170355
      ,      ,10.157942,35.97170355
      ,      ,10.167955,37.97216215
      ,      ,10.177967,32.97101564
      ,      ,10.187980,32.97101564
      ,      ,10.197993,34.97147424
      ,      ,10.208006,33.97124494
      ,      ,10.218018,36.97193285
      ,      ,10.228031,32.97101564
      ,      ,10.238044,33.97124494
      ,      ,10.248057,34.97147424
      ,      ,10.258069,33.97124494
      ,      ,10.268082,34.97147424
      ,      ,10.278095,33.97124494
      ,      ,10.288108,32.97101564
      ,      ,10.298120,31.97078633
      ,      ,10.308133,30.97055703
      ,      ,10.318146,28.97009842
      ,      ,10.328159,28.97009842
      ,      ,10.338171,28.97009842
      ,      ,10.348184,28.97009842
      ,      ,10.358197,25.96941051
      ,      ,10.368210,27.96986912
      ,      ,10.378222,27.96986912
      ,      ,10.388235,24.96918121
      ,      ,10.398248,24.96918121
      ,      ,10.408261,26.96963981
      ,      ,10.418274,24.96918121
      ,      ,10.428286,25.96941051
      ,      ,10.438299,26.96963981
      ,      ,10.448312,26.96963981
      ,      ,10.458325,24.96918121
      ,      ,10.468337,25.96941051
      ,      ,10.478350,23.96895190
      ,      ,10.488363,19.96803469
      ,      ,10.498376,18.96780539
      ,      ,10.508388,17.96757608
      ,      ,10.518401,16.96734678
      ,      ,10.528414,16.96734678
      ,      ,10.538427,13.96665887
      ,      ,10.548439,16.96734678
      ,      ,10.558452,16.96734678
      ,      ,10.568465,13.96665887
      ,      ,10.578478,18.96780539
      ,      ,10.588490,18.96780539
      ,      ,10.598503,15.96711748
      ,      ,10.608516,15.96711748
      ,      ,10.618529,13.96665887
      ,      ,10.628541,13.96665887
      ,      ,10.638554,11.96620026
      ,      ,10.648567,10.96597096
      ,      ,10.658580,9.96574166
      ,      ,10.668592,8.96551235
      ,      ,10.678605,8.96551235
      ,      ,10.688618,7.96528305
      ,      ,10.698631,4.96459514
      ,      ,10.708643,7.96528305
      ,      ,10.718656,10.96597096
      ,      ,10.728669,14.96688817
      ,      ,10.738682,14.96688817
      ,      ,10.748694,17.96757608
      ,      ,10.758707,16.96734678
      ,      ,10.768720,16.96734678
      ,      ,10.778733,13.96665887
      ,      ,10.788746,8.96551235
      ,      ,10.798758,5.96482444
      ,      ,10.808771,-0.03655138
      ,      ,10.818784,-3.03723929
      ,      ,10.828797,2.96413653
      ,      ,10.838809,6.96505374
      ,      ,10.848822,9.96574166
      ,      ,10.858835,9.96574166
      ,      ,10.868848,10.96597096
      ,      ,10.878860,9.96574166
      ,      ,10.888873,8.96551235
      ,      ,10.898886,9.96574166
      ,      ,10.908899,8.96551235
      ,      ,10.918911,6.96505374
      ,      ,10.928924,5.96482444
      ,      ,10.938937,7.96528305
      ,      ,10.948950,6.96505374
      ,      ,10.958962,9.96574166
      ,      ,10.968975,11.96620026
      ,      ,10.978988,12.96642957
      ,      ,10.989001,12.96642957
      ,      ,10.999013,10.96597096
      ,      ,11.009026,8.96551235
      ,      ,11.019039,7.96528305
      ,      ,11.029052,7.96528305
      ,      ,11.039064,6.96505374
      ,      ,11.049077,7.96528305
      ,      ,11.059090,6.96505374
      ,      ,11.069103,8.96551235
      ,      ,11.079115,10.96597096
      ,      ,11.089128,13.96665887
      ,      ,11.099141,16.96734678
      ,      ,11.109154,18.96780539
      ,      ,11.119166,21.96849330
      ,      ,11.129179,19.96803469
      ,      ,11.139192,18.96780539
      ,      ,11.149205,17.96757608
      ,      ,11.159218,15.96711748
      ,      ,11.169230,15.96711748
      ,      ,11.179243,15.96711748
      ,      ,11.189256,19.96803469
      ,      ,11.199269,15.96711748
      ,      ,11.209281,11.96620026
      ,      ,11.219294,15.96711748
      ,      ,11.229307,16.96734678
      ,      ,11.239320,16.96734678
      ,      ,11.249332,15.96711748
      ,      ,11.259345,8.96551235
      ,      ,11.269358,7.96528305
      ,      ,11.279371,14.96688817
      ,      ,11.289383,15.96711748
      ,      ,11.299396,12.96642957
      ,      ,11.309409,11.96620026
      ,      ,11.319422,11.96620026
      ,      ,11.329434,11.96620026
      ,      ,11.339447,8.96551235
      ,      ,11.349460,6.96505374
      ,      ,11.359473,3.96436583
      ,      ,11.369485,1.96390723
      ,      ,11.379498,-1.03678068
      ,      ,11.389511,0.96367792
      ,      ,11.399524,4.96459514
      ,      ,11.409536,5.96482444
      ,      ,11.419549,3.96436583
      ,      ,11.429562,-3.03723929
      ,      ,11.439575,-4.03746859
      ,      ,11.449587,-4.03746859
      ,      ,11.459600,-3.03723929
      ,      ,11.469613,1.96390723
      ,      ,11.479626,3.96436583
      ,      ,11.489638,4.96459514
      ,      ,11.499651,6.96505374
      ,      ,11.509664,9.96574166
      ,      ,11.519677,11.96620026
      ,      ,11.529690,11.96620026
      ,      ,11.539702,10.96597096
      ,      ,11.549715,11.96620026
      ,      ,11.559728,9.96574166
      ,      ,11.569741,8.96551235
      ,      ,11.579753,6.96505374
      ,      ,11.589766,5.96482444
      ,      ,11.599779,5.96482444
      ,      ,11.609792,4.96459514
      ,      ,11.619804,2.96413653
      ,      ,11.629817,5.96482444
      ,      ,11.639830,7.96528305
      ,      ,11.649843,7.96528305
      ,      ,11.659855,5.96482444
      ,      ,11.669868,5.96482444
      ,      ,11.679881,6.96505374
      ,      ,11.689894,5.96482444
      ,      ,11.699906,5.96482444
      ,      ,11.709919,5.96482444
      ,      ,11.719932,4.96459514
      ,      ,11.729945,3.96436583
      ,      ,11.739957,3.96436583
      ,      ,11.749970,3.96436583
      ,      ,11.759983,1.96390723
      ,      ,11.769996,1.96390723
      ,      ,11.780008,0.96367792
      ,      ,11.790021,-2.03700999
      ,      ,11.800034,-0.03655138
      ,      ,11.810047,-3.03723929
      ,      ,11.820059,-1.03678068
      ,      ,11.830072,3.96436583
      ,      ,11.840085,12.96642957
      ,      ,11.850098,15.96711748
      ,      ,11.860110,11.96620026
      ,      ,11.870123,6.96505374
      ,      ,11.880136,5.96482444
      ,      ,11.890149,6.96505374
      ,      ,11.900162,9.96574166
      ,      ,11.910174,7.96528305
      ,      ,11.920187,6.96505374
      ,      ,11.930200,4.96459514
      ,      ,11.940213,0.96367792
      ,      ,11.950225,-0.03655138
      ,      ,11.960238,-2.03700999
      ,      ,11.970251,-2.03700999
      ,      ,11.980264,-5.03769790
      ,      ,11.990276,-3.03723929
      ,      ,12.000289,-0.03655138
      ,      ,12.010302,-0.03655138
      ,      ,12.020315,1.96390723
      ,      ,12.030327,5.96482444
      ,      ,12.040340,5.96482444
      ,      ,12.050353,9.96574166
      ,      ,12.060366,7.96528305
      ,      ,12.070378,8.96551235
      ,      ,12.080391,8.96551235
      ,      ,12.090404,9.96574166
      ,      ,12.100417,9.96574166
      ,      ,12.110429,10.96597096
      ,      ,12.120442,11.96620026
      ,      ,12.130455,13.96665887
      ,      ,12.140468,14.96688817
      ,      ,12.150480,16.96734678
      ,      ,12.160493,16.96734678
      ,      ,12.170506,15.96711748
      ,      ,12.180519,13.96665887
      ,      ,12.190531,11.96620026
      ,      ,12.200544,8.96551235
      ,      ,12.210557,8.96551235
      ,      ,12.220570,9.96574166
      ,      ,12.230583,8.96551235
      ,      ,12.240595,7.96528305
      ,      ,12.250608,5.96482444
      ,      ,12.260621,6.96505374
      ,      ,12.270634,4.96459514
      ,      ,12.280646,5.96482444
      ,      ,12.290659,6.96505374
      ,      ,12.300672,8.96551235
      ,      ,12.310685,10.96597096
      ,      ,12.320697,11.96620026
      ,      ,12.330710,10.96597096
      ,      ,12.340723,10.96597096
      ,      ,12.350736,10.96597096
      ,      ,12.360748,9.96574166
      ,      ,12.370761,10.96597096
      ,      ,12.380774,8.96551235
      ,      ,12.390787,12.96642957
      ,      ,12.400799,12.96642957
      ,      ,12.410812,11.96620026
      ,      ,12.420825,12.96642957
      ,      ,12.430838,13.96665887
      ,      ,12.440850,16.96734678
      ,      ,12.450863,16.96734678
      ,      ,12.460876,17.96757608
      ,      ,12.470889,16.96734678
      ,      ,12.480901,12.96642957
      ,      ,12.490914,11.96620026
      ,      ,12.500927,8.96551235
      ,      ,12.510940,4.96459514
      ,      ,12.520952,4.96459514
      ,      ,12.530965,4.96459514
      ,      ,12.540978,6.96505374
      ,      ,12.550991,5.96482444
      ,      ,12.561003,5.96482444
      ,      ,12.571016,6.96505374
      ,      ,12.581029,6.96505374
      ,      ,12.591042,7.96528305
      ,      ,12.601055,6.96505374
      ,      ,12.611067,7.96528305
      ,      ,12.621080,6.96505374
      ,      ,12.631093,7.96528305
      ,      ,12.641106,7.96528305
      ,      ,12.651118,8.96551235
      ,      ,12.661131,7.96528305
      ,      ,12.671144,10.96597096
      ,      ,12.681157,9.96574166
      ,      ,12.691169,9.96574166
      ,      ,12.701182,12.96642957
      ,      ,12.711195,10.96597096
      ,      ,12.721208,13.96665887
      ,      ,12.731220,13.96665887
      ,      ,12.741233,13.96665887
      ,      ,12.751246,13.96665887
      ,      ,12.761259,10.96597096
      ,      ,12.771271,8.96551235
      ,      ,12.781284,4.96459514
      ,      ,12.791297,5.96482444
      ,      ,12.801310,5.96482444
      ,      ,12.811322,7.96528305
      ,      ,12.821335,8.96551235
      ,      ,12.831348,9.96574166
      ,      ,12.841361,10.96597096
      ,      ,12.851373,10.96597096
      ,      ,12.861386,11.96620026
      ,      ,12.871399,13.96665887
      ,      ,12.881412,10.96597096
      ,      ,12.891424,12.96642957
      ,      ,12.901437,10.96597096
      ,      ,12.911450,14.96688817
      ,      ,12.921463,9.96574166
      ,      ,12.931475,13.96665887
      ,      ,12.941488,15.96711748
      ,      ,12.951501,15.96711748
      ,      ,12.961514,15.96711748
      ,      ,12.971527,15.96711748
      ,      ,12.981539,13.96665887
      ,      ,12.991552,12.96642957
      ,      ,13.001565,12.96642957
      ,      ,13.011578,12.96642957
      ,      ,13.021590,11.96620026
      ,      ,13.031603,10.96597096
      ,      ,13.041616,9.96574166
      ,      ,13.051629,8.96551235
      ,      ,13.061641,7.96528305
      ,      ,13.071654,8.96551235
      ,      ,13.081667,6.96505374
      ,      ,13.091680,5.96482444
      ,      ,13.101692,5.96482444
      ,      ,13.111705,5.96482444
      ,      ,13.121718,6.96505374
      ,      ,13.131731,5.96482444
      ,      ,13.141743,4.96459514
      ,      ,13.151756,4.96459514
      ,      ,13.161769,4.96459514
      ,      ,13.171782,2.96413653
      ,      ,13.181794,1.96390723
      ,      ,13.191807,-0.03655138
      ,      ,13.201820,1.96390723
      ,      ,13.211833,0.96367792
      ,      ,13.221845,-1.03678068
      ,      ,13.231858,2.96413653
      ,      ,13.241871,1.96390723
      ,      ,13.251884,3.96436583
      ,      ,13.261896,4.96459514
      ,      ,13.271909,3.96436583
      ,      ,13.281922,3.96436583
      ,      ,13.291935,4.96459514
      ,      ,13.301947,1.96390723
      ,      ,13.311960,3.96436583
      ,      ,13.321973,3.96436583
      ,      ,13.331986,2.96413653
      ,      ,13.341999,4.96459514
      ,      ,13.352011,6.96505374
      ,      ,13.362024,5.96482444
      ,      ,13.372037,5.96482444
      ,      ,13.382050,7.96528305
      ,      ,13.392062,4.96459514
      ,      ,13.402075,2.96413653
      ,      ,13.412088,2.96413653
      ,      ,13.422101,4.96459514
      ,      ,13.432113,6.96505374
      ,      ,13.442126,11.96620026
      ,      ,13.452139,13.96665887
      ,      ,13.462152,14.96688817
      ,      ,13.472164,12.96642957
      ,      ,13.482177,10.96597096
      ,      ,13.492190,2.96413653
      ,      ,13.502203,1.96390723
      ,      ,13.512215,1.96390723
      ,      ,13.522228,3.96436583
      ,      ,13.532241,2.96413653
      ,      ,13.542254,5.96482444
      ,      ,13.552266,4.96459514
      ,      ,13.562279,3.96436583
      ,      ,13.572292,6.96505374
      ,      ,13.582305,3.96436583
      ,      ,13.592317,6.96505374
      ,      ,13.602330,5.96482444
      ,      ,13.612343,5.96482444
      ,      ,13.622356,3.96436583
      ,      ,13.632368,4.96459514
      ,      ,13.642381,5.96482444
      ,      ,13.652394,4.96459514
      ,      ,13.662407,5.96482444
      ,      ,13.672419,6.96505374
      ,      ,13.682432,4.96459514
      ,      ,13.692445,2.96413653
      ,      ,13.702458,2.96413653
      ,      ,13.712471,1.96390723
      ,      ,13.722483,1.96390723
      ,      ,13.732496,0.96367792
      ,      ,13.742509,0.96367792
      ,      ,13.752522,-0.03655138
      ,      ,13.762534,1.96390723
      ,      ,13.772547,-1.03678068
      ,      ,13.782560,-0.03655138
      ,      ,13.792573,3.96436583
      ,      ,13.802585,2.96413653
      ,      ,13.812598,-0.03655138
      ,      ,13.822611,3.96436583
      ,      ,13.832624,4.96459514
      ,      ,13.842636,4.96459514
      ,      ,13.852649,4.96459514
      ,      ,13.862662,4.96459514
      ,      ,13.872675,5.96482444
      ,      ,13.882687,4.96459514
      ,      ,13.892700,5.96482444
      ,      ,13.902713,4.96459514
      ,      ,13.912726,5.96482444
      ,      ,13.922738,4.96459514
      ,      ,13.932751,2.96413653
      ,      ,13.942764,3.96436583
      ,      ,13.952777,3.96436583
      ,      ,13.962789,2.96413653
      ,      ,13.972802,2.96413653
      ,      ,13.982815,2.96413653
      ,      ,13.992828,0.96367792
      ,      ,14.002840,1.96390723
      ,      ,14.012853,1.96390723
      ,      ,14.022866,1.96390723
      ,      ,14.032879,0.96367792
      ,      ,14.042891,-0.03655138
      ,      ,14.052904,0.96367792
      ,      ,14.062917,2.96413653
      ,      ,14.072930,0.96367792
      ,      ,14.082943,2.96413653
      ,      ,14.092955,1.96390723
      ,      ,14.102968,2.96413653
      ,      ,14.112981,1.96390723
      ,      ,14.122994,3.96436583
      ,      ,14.133006,3.96436583
      ,      ,14.143019,2.96413653
      ,      ,14.153032,1.96390723
      ,      ,14.163045,4.96459514
      ,      ,14.173057,3.96436583
      ,      ,14.183070,3.96436583
      ,      ,14.193083,5.96482444
      ,      ,14.203096,5.96482444
      ,      ,14.213108,5.96482444
      ,      ,14.223121,5.96482444
      ,      ,14.233134,5.96482444
      ,      ,14.243147,6.96505374
      ,      ,14.253159,4.96459514
      ,      ,14.263172,3.96436583
      ,      ,14.273185,5.96482444
      ,      ,14.283198,7.96528305
      ,      ,14.293210,6.96505374
      ,      ,14.303223,5.96482444
      ,      ,14.313236,2.96413653
      ,      ,14.323249,1.96390723
      ,      ,14.333261,1.96390723
      ,      ,14.343274,1.96390723
      ,      ,14.353287,-0.03655138
      ,      ,14.363300,0.96367792
      ,      ,14.373312,-0.03655138
      ,      ,14.383325,-0.03655138
      ,      ,14.393338,0.96367792
      ,      ,14.403351,-0.03655138
      ,      ,14.413363,3.96436583
      ,      ,14.423376,1.96390723
      ,      ,14.433389,1.96390723
      ,      ,14.443402,2.96413653
      ,      ,14.453415,1.96390723
      ,      ,14.463427,2.96413653
      ,      ,14.473440,2.96413653
      ,      ,14.483453,1.96390723
      ,      ,14.493466,2.96413653
      ,      ,14.503478,1.96390723
      ,      ,14.513491,5.96482444
      ,      ,14.523504,4.96459514
      ,      ,14.533517,3.96436583
      ,      ,14.543529,4.96459514
      ,      ,14.553542,4.96459514
      ,      ,14.563555,4.96459514
      ,      ,14.573568,2.96413653
      ,      ,14.583580,1.96390723
      ,      ,14.593593,4.96459514
      ,      ,14.603606,3.96436583
      ,      ,14.613619,3.96436583
      ,      ,14.623631,4.96459514
      ,      ,14.633644,2.96413653
      ,      ,14.643657,3.96436583
      ,      ,14.653670,3.96436583
      ,      ,14.663682,4.96459514
      ,      ,14.673695,4.96459514
      ,      ,14.683708,2.96413653
      ,      ,14.693721,4.96459514
      ,      ,14.703733,7.96528305
      ,      ,14.713746,3.96436583
      ,      ,14.723759,6.96505374
      ,      ,14.733772,5.96482444
      ,      ,14.743784,7.96528305
      ,      ,14.753797,6.96505374
      ,      ,14.763810,8.96551235
      ,      ,14.773823,8.96551235
      ,      ,14.783836,8.96551235
      ,      ,14.793848,9.96574166
      ,      ,14.803861,10.96597096
      ,      ,14.813874,14.96688817
      ,      ,14.823887,14.96688817
      ,      ,14.833899,15.96711748
      ,      ,14.843912,14.96688817
      ,      ,14.853925,15.96711748
      ,      ,14.863938,14.96688817
      ,      ,14.873950,14.96688817
      ,      ,14.883963,14.96688817
      ,      ,14.893976,14.96688817
      ,      ,14.903989,11.96620026
      ,      ,14.914001,11.96620026
      ,      ,14.924014,12.96642957
      ,      ,14.934027,11.96620026
      ,      ,14.944040,10.96597096
      ,      ,14.954052,8.96551235
      ,      ,14.964065,7.96528305
      ,      ,14.974078,7.96528305
      ,      ,14.984091,6.96505374
      ,      ,14.994103,4.96459514
      ,      ,15.004116,5.96482444
      ,      ,15.014129,5.96482444
      ,      ,15.024142,2.96413653
      ,      ,15.034154,4.96459514
      ,      ,15.044167,6.96505374
      ,      ,15.054180,3.96436583
      ,      ,15.064193,4.96459514
      ,      ,15.074205,4.96459514
      ,      ,15.084218,4.96459514
      ,      ,15.094231,6.96505374
      ,      ,15.104244,4.96459514
      ,      ,15.114256,6.96505374
      ,      ,15.124269,4.96459514
      ,      ,15.134282,6.96505374
      ,      ,15.144295,4.96459514
      ,      ,15.154308,5.96482444
      ,      ,15.164320,4.96459514
      ,      ,15.174333,4.96459514
      ,      ,15.184346,7.96528305
      ,      ,15.194359,1.96390723
      ,      ,15.204371,-0.03655138
      ,      ,15.214384,-7.03815650
      ,      ,15.224397,-9.03861511
      ,      ,15.234410,-7.03815650
      ,      ,15.244422,-4.03746859
      ,      ,15.254435,2.96413653
      ,      ,15.264448,13.96665887
      ,      ,15.274461,20.96826399
      ,      ,15.284473,15.96711748
      ,      ,15.294486,10.96597096
      ,      ,15.304499,6.96505374
      ,      ,15.314512,5.96482444
      ,      ,15.324524,4.96459514
      ,      ,15.334537,2.96413653
      ,      ,15.344550,3.96436583
      ,      ,15.354563,4.96459514
      ,      ,15.364575,2.96413653
      ,      ,15.374588,4.96459514
      ,      ,15.384601,5.96482444
      ,      ,15.394614,3.96436583
      ,      ,15.404626,5.96482444
      ,      ,15.414639,3.96436583
      ,      ,15.424652,3.96436583
      ,      ,15.434665,5.96482444
      ,      ,15.444677,5.96482444
      ,      ,15.454690,6.96505374
      ,      ,15.464703,4.96459514
      ,      ,15.474716,8.96551235
      ,      ,15.484728,6.96505374
      ,      ,15.494741,4.96459514
      ,      ,15.504754,7.96528305
      ,      ,15.514767,17.96757608
      ,      ,15.524780,23.96895190
      ,      ,15.534792,27.96986912
      ,      ,15.544805,35.97170355
      ,      ,15.554818,35.97170355
      ,      ,15.564831,41.97307937
      ,      ,15.574843,45.97399658
      ,      ,15.584856,45.97399658
      ,      ,15.594869,42.97330867
      ,      ,15.604882,41.97307937
      ,      ,15.614894,36.97193285
      ,      ,15.624907,29.97032772
      ,      ,15.634920,23.96895190
      ,      ,15.644933,16.96734678
      ,      ,15.654945,11.96620026
      ,      ,15.664958,6.96505374
      ,      ,15.674971,1.96390723
      ,      ,15.684984,-2.03700999
      ,      ,15.694996,3.96436583
      ,      ,15.705009,9.96574166
      ,      ,15.715022,14.96688817
      ,      ,15.725035,21.96849330
      ,      ,15.735047,29.97032772
      ,      ,15.745060,34.97147424
      ,      ,15.755073,43.97353797
      ,      ,15.765086,42.97330867
      ,      ,15.775098,42.97330867
      ,      ,15.785111,38.97239146
      ,      ,15.795124,33.97124494
      ,      ,15.805137,28.97009842
      ,      ,15.815149,18.96780539
      ,      ,15.825162,10.96597096
      ,      ,15.835175,5.96482444
      ,      ,15.845188,0.96367792
      ,      ,15.855200,-0.03655138
      ,      ,15.865213,0.96367792
      ,      ,15.875226,3.96436583
      ,      ,15.885239,8.96551235
      ,      ,15.895252,14.96688817
      ,      ,15.905264,23.96895190
      ,      ,15.915277,29.97032772
      ,      ,15.925290,34.97147424
      ,      ,15.935303,42.97330867
      ,      ,15.945315,41.97307937
      ,      ,15.955328,38.97239146
      ,      ,15.965341,34.97147424
      ,      ,15.975354,29.97032772
      ,      ,15.985366,25.96941051
      ,      ,15.995379,13.96665887
      ,      ,16.005392,4.96459514
      ,      ,16.015405,0.96367792
      ,      ,16.025417,-1.03678068
      ,      ,16.035430,-3.03723929
      ,      ,16.045443,0.96367792
      ,      ,16.055456,4.96459514
      ,      ,16.065468,9.96574166
      ,      ,16.075481,18.96780539
      ,      ,16.085494,23.96895190
      ,      ,16.095507,32.97101564
      ,      ,16.105519,39.97262076
      ,      ,16.115532,40.97285006
      ,      ,16.125545,43.97353797
      ,      ,16.135558,40.97285006
      ,      ,16.145570,34.97147424
      ,      ,16.155583,26.96963981
      ,      ,16.165596,18.96780539
      ,      ,16.175609,11.96620026
      ,      ,16.185621,6.96505374
      ,      ,16.195634,-5.03769790
      ,      ,16.205647,-6.03792720
      ,      ,16.215660,-3.03723929
      ,      ,16.225672,-1.03678068
      ,      ,16.235685,3.96436583
      ,      ,16.245698,7.96528305
      ,      ,16.255711,22.96872260
      ,      ,16.265724,30.97055703
      ,      ,16.275736,42.97330867
      ,      ,16.285749,44.97376728
      ,      ,16.295762,46.97422588
      ,      ,16.305775,42.97330867
      ,      ,16.315787,44.97376728
      ,      ,16.325800,32.97101564
      ,      ,16.335813,25.96941051
      ,      ,16.345826,14.96688817
      ,      ,16.355838,3.96436583
      ,      ,16.365851,-3.03723929
      ,      ,16.375864,-9.03861511
      ,      ,16.385877,-12.03930302
      ,      ,16.395889,-8.03838581
      ,      ,16.405902,-5.03769790
      ,      ,16.415915,4.96459514
      ,      ,16.425928,12.96642957
      ,      ,16.435940,27.96986912
      ,      ,16.445953,39.97262076
      ,      ,16.455966,46.97422588
      ,      ,16.465979,51.97537240
      ,      ,16.475991,55.97628962
      ,      ,16.486004,53.97583101
      ,      ,16.496017,41.97307937
      ,      ,16.506030,35.97170355
      ,      ,16.516042,19.96803469
      ,      ,16.526055,6.96505374
      ,      ,16.536068,-0.03655138
      ,      ,16.546081,-8.03838581
      ,      ,16.556093,-15.03999093
      ,      ,16.566106,-16.04022023
      ,      ,16.576119,-10.03884441
      ,      ,16.586132,0.96367792
      ,      ,16.596144,7.96528305
      ,      ,16.606157,23.96895190
      ,      ,16.616170,30.97055703
      ,      ,16.626183,44.97376728
      ,      ,16.636196,50.97514310
      ,      ,16.646208,53.97583101
      ,      ,16.656221,57.97674822
      ,      ,16.666234,48.97468449
      ,      ,16.676247,41.97307937
      ,      ,16.686259,26.96963981
      ,      ,16.696272,14.96688817
      ,      ,16.706285,0.96367792
      ,      ,16.716298,-8.03838581
      ,      ,16.726310,-19.04090815
      ,      ,16.736323,-21.04136675
      ,      ,16.746336,-23.04182536
      ,      ,16.756349,-12.03930302
      ,      ,16.766361,0.96367792
      ,      ,16.776374,9.96574166
      ,      ,16.786387,26.96963981
      ,      ,16.796400,38.97239146
      ,      ,16.806412,51.97537240
      ,      ,16.816425,58.97697753
      ,      ,16.826438,60.97743613
      ,      ,16.836451,57.97674822
      ,      ,16.846463,47.97445519
      ,      ,16.856476,33.97124494
      ,      ,16.866489,24.96918121
      ,      ,16.876502,4.96459514
      ,      ,16.886514,-8.03838581
      ,      ,16.896527,-17.04044954
      ,      ,16.906540,-26.04251327
      ,      ,16.916553,-27.04274257
      ,      ,16.926565,-25.04228397
      ,      ,16.936578,-12.03930302
      ,      ,16.946591,3.96436583
      ,      ,16.956604,19.96803469
      ,      ,16.966616,40.97285006
      ,      ,16.976629,51.97537240
      ,      ,16.986642,59.97720683
      ,      ,16.996655,63.97812404
      ,      ,17.006668,65.97858265
      ,      ,17.016680,57.97674822
      ,      ,17.026693,45.97399658
      ,      ,17.036706,34.97147424
      ,      ,17.046719,9.96574166
      ,      ,17.056731,-2.03700999
      ,      ,17.066744,-14.03976163
      ,      ,17.076757,-29.04320118
      ,      ,17.086770,-26.04251327
      ,      ,17.096782,-27.04274257
      ,      ,17.106795,-19.04090815
      ,      ,17.116808,-6.03792720
      ,      ,17.126821,7.96528305
      ,      ,17.136833,26.96963981
      ,      ,17.146846,45.97399658
      ,      ,17.156859,56.97651892
      ,      ,17.166872,66.97881195
      ,      ,17.176884,67.97904126
      ,      ,17.186897,67.97904126
      ,      ,17.196910,53.97583101
      ,      ,17.206923,36.97193285
      ,      ,17.216935,22.96872260
      ,      ,17.226948,3.96436583
      ,      ,17.236961,-13.03953232
      ,      ,17.246974,-30.04343048
      ,      ,17.256986,-38.04526491
      ,      ,17.266999,-35.04457700
      ,      ,17.277012,-29.04320118
      ,      ,17.287025,-18.04067884
      ,      ,17.297037,-4.03746859
      ,      ,17.307050,17.96757608
      ,      ,17.317063,38.97239146
      ,      ,17.327076,52.97560170
      ,      ,17.337088,63.97812404
      ,      ,17.347101,69.97949986
      ,      ,17.357114,70.97972917
      ,      ,17.367127,61.97766544
      ,      ,17.377140,42.97330867
      ,      ,17.387152,31.97078633
      ,      ,17.397165,13.96665887
      ,      ,17.407178,-5.03769790
      ,      ,17.417191,-22.04159606
      ,      ,17.427203,-31.04365979
      ,      ,17.437216,-45.04687004
      ,      ,17.447229,-33.04411839
      ,      ,17.457242,-22.04159606
      ,      ,17.467254,-9.03861511
      ,      ,17.477267,8.96551235
      ,      ,17.487280,26.96963981
      ,      ,17.497293,44.97376728
      ,      ,17.507305,63.97812404
      ,      ,17.517318,72.98018777
      ,      ,17.527331,72.98018777
      ,      ,17.537344,70.97972917
      ,      ,17.547356,61.97766544
      ,      ,17.557369,40.97285006
      ,      ,17.567382,21.96849330
      ,      ,17.577395,1.96390723
      ,      ,17.587407,-18.04067884
      ,      ,17.597420,-33.04411839
      ,      ,17.607433,-45.04687004
      ,      ,17.617446,-46.04709934
      ,      ,17.627458,-39.04549421
      ,      ,17.637471,-22.04159606
      ,      ,17.647484,-3.03723929
      ,      ,17.657497,16.96734678
      ,      ,17.667509,42.97330867
      ,      ,17.677522,58.97697753
      ,      ,17.687535,70.97972917
      ,      ,17.697548,76.98110499
      ,      ,17.707561,77.98133429
      ,      ,17.717573,65.97858265
      ,      ,17.727586,52.97560170
      ,      ,17.737599,29.97032772
      ,      ,17.747612,9.96574166
      ,      ,17.757624,-9.03861511
      ,      ,17.767637,-26.04251327
      ,      ,17.777650,-39.04549421
      ,      ,17.787663,-42.04618213
      ,      ,17.797675,-46.04709934
      ,      ,17.807688,-25.04228397
      ,      ,17.817701,-9.03861511
      ,      ,17.827714,9.96574166
      ,      ,17.837726,29.97032772
      ,      ,17.847739,48.97468449
      ,      ,17.857752,68.97927056
      ,      ,17.867765,71.97995847
      ,      ,17.877777,79.98179290
      ,      ,17.887790,71.97995847
      ,      ,17.897803,60.97743613
      ,      ,17.907816,33.97124494
      ,      ,17.917828,19.96803469
      ,      ,17.927841,-2.03700999
      ,      ,17.937854,-18.04067884
      ,      ,17.947867,-35.04457700
      ,      ,17.957879,-42.04618213
      ,      ,17.967892,-40.04572352
      ,      ,17.977905,-34.04434770
      ,      ,17.987918,-20.04113745
      ,      ,17.997930,0.96367792
      ,      ,18.007943,21.96849330
      ,      ,18.017956,42.97330867
      ,      ,18.027969,59.97720683
      ,      ,18.037981,71.97995847
      ,      ,18.047994,76.98110499
      ,      ,18.058007,72.98018777
      ,      ,18.068020,65.97858265
      ,      ,18.078033,43.97353797
      ,      ,18.088045,19.96803469
      ,      ,18.098058,4.96459514
      ,      ,18.108071,-16.04022023
      ,      ,18.118084,-31.04365979
      ,      ,18.128096,-36.04480630
      ,      ,18.138109,-46.04709934
      ,      ,18.148122,-47.04732864
      ,      ,18.158135,-26.04251327
      ,      ,18.168147,-4.03746859
      ,      ,18.178160,13.96665887
      ,      ,18.188173,32.97101564
      ,      ,18.198186,49.97491379
      ,      ,18.208198,65.97858265
      ,      ,18.218211,76.98110499
      ,      ,18.228224,79.98179290
      ,      ,18.238237,66.97881195
      ,      ,18.248249,56.97651892
      ,      ,18.258262,44.97376728
      ,      ,18.268275,9.96574166
      ,      ,18.278288,-4.03746859
      ,      ,18.288300,-27.04274257
      ,      ,18.298313,-36.04480630
      ,      ,18.308326,-48.04755795
      ,      ,18.318339,-37.04503561
      ,      ,18.328351,-33.04411839
      ,      ,18.338364,-16.04022023
      ,      ,18.348377,1.96390723
      ,      ,18.358390,23.96895190
      ,      ,18.368402,40.97285006
      ,      ,18.378415,58.97697753
      ,      ,18.388428,72.98018777
      ,      ,18.398441,75.98087568
      ,      ,18.408453,72.98018777
      ,      ,18.418466,58.97697753
      ,      ,18.428479,44.97376728
      ,      ,18.438492,23.96895190
      ,      ,18.448505,2.96413653
      ,      ,18.458517,-13.03953232
      ,      ,18.468530,-33.04411839
      ,      ,18.478543,-40.04572352
      ,      ,18.488556,-47.04732864
      ,      ,18.498568,-38.04526491
      ,      ,18.508581,-17.04044954
      ,      ,18.518594,-7.03815650
      ,      ,18.528607,12.96642957
      ,      ,18.538619,32.97101564
      ,      ,18.548632,51.97537240
      ,      ,18.558645,68.97927056
      ,      ,18.568658,83.98271011
      ,      ,18.578670,81.98225151
      ,      ,18.588683,78.98156359
      ,      ,18.598696,63.97812404
      ,      ,18.608709,38.97239146
      ,      ,18.618721,9.96574166
      ,      ,18.628734,-10.03884441
      ,      ,18.638747,-34.04434770
      ,      ,18.648760,-43.04641143
      ,      ,18.658772,-56.04939237
      ,      ,18.668785,-41.04595282
      ,      ,18.678798,-40.04572352
      ,      ,18.688811,-13.03953232
      ,      ,18.698823,2.96413653
      ,      ,18.708836,25.96941051
      ,      ,18.718849,52.97560170
      ,      ,18.728862,73.98041708
      ,      ,18.738874,85.98316872
      ,      ,18.748887,88.98385663
      ,      ,18.758900,87.98362733
      ,      ,18.768913,72.98018777
      ,      ,18.778925,53.97583101
      ,      ,18.788938,22.96872260
      ,      ,18.798951,-1.03678068
      ,      ,18.808964,-23.04182536
      ,      ,18.818977,-44.04664073
      ,      ,18.828989,-53.04870446
      ,      ,18.839002,-54.04893377
      ,      ,18.849015,-49.04778725
      ,      ,18.859028,-26.04251327
      ,      ,18.869040,-9.03861511
      ,      ,18.879053,20.96826399
      ,      ,18.889066,43.97353797
      ,      ,18.899079,66.97881195
      ,      ,18.909091,82.98248081
      ,      ,18.919104,92.98477384
      ,      ,18.929117,88.98385663
      ,      ,18.939130,79.98179290
      ,      ,18.949142,63.97812404
      ,      ,18.959155,34.97147424
      ,      ,18.969168,11.96620026
      ,      ,18.979181,-8.03838581
      ,      ,18.989193,-31.04365979
      ,      ,18.999206,-36.04480630
      ,      ,19.009219,-26.04251327
      ,      ,19.019232,-6.03792720
      ,      ,19.029244,-2.03700999
      ,      ,19.039257,-3.03723929
      ,      ,19.049270,0.96367792
      ,      ,19.059283,-0.03655138
      ,      ,19.069295,0.96367792
      ,      ,19.079308,0.96367792
      ,      ,19.089321,1.96390723
      ,      ,19.099334,1.96390723
      ,      ,19.109346,-0.03655138
      ,      ,19.119359,0.96367792
      ,      ,19.129372,-0.03655138
      ,      ,19.139385,1.96390723
      ,      ,19.149397,-2.03700999
      ,      ,19.159410,0.96367792
      ,      ,19.169423,1.96390723
      ,      ,19.179436,1.96390723
      ,      ,19.189449,0.96367792
      ,      ,19.199461,0.96367792
      ,      ,19.209474,0.96367792
      ,      ,19.219487,0.96367792
      ,      ,19.229500,0.96367792
      ,      ,19.239512,-0.03655138
      ,      ,19.249525,1.96390723
      ,      ,19.259538,0.96367792
      ,      ,19.269551,1.96390723
      ,      ,19.279563,-1.03678068
      ,      ,19.289576,0.96367792
      ,      ,19.299589,0.96367792
      ,      ,19.309602,0.96367792
      ,      ,19.319614,0.96367792
      ,      ,19.329627,0.96367792
      ,      ,19.339640,2.96413653
      ,      ,19.349653,-0.03655138
      ,      ,19.359665,1.96390723
      ,      ,19.369678,-1.03678068
      ,      ,19.379691,-1.03678068
      ,      ,19.389704,-1.03678068
      ,      ,19.399716,0.96367792
      ,      ,19.409729,-0.03655138
      ,      ,19.419742,0.96367792
      ,      ,19.429755,-0.03655138
      ,      ,19.439767,0.96367792
      ,      ,19.449780,0.96367792
      ,      ,19.459793,-0.03655138
      ,      ,19.469806,0.96367792
      ,      ,19.479818,0.96367792
      ,      ,19.489831,1.96390723
      ,      ,19.499844,-0.03655138
      ,      ,19.509857,-2.03700999
      ,      ,19.519869,1.96390723
      ,      ,19.529882,0.96367792
      ,      ,19.539895,0.96367792
      ,      ,19.549908,1.96390723
      ,      ,19.559921,6.96505374
      ,      ,19.569933,11.96620026
      ,      ,19.579946,40.97285006
      ,      ,19.589959,60.97743613
      ,      ,19.599972,82.98248081
      ,      ,19.609984,94.98523245
      ,      ,19.619997,94.98523245
      ,      ,19.630010,91.98454454
      ,      ,19.640023,72.98018777
      ,      ,19.650035,55.97628962
      ,      ,19.660048,20.96826399
      ,      ,19.670061,-6.03792720
      ,      ,19.680074,-27.04274257
      ,      ,19.690086,-47.04732864
      ,      ,19.700099,-57.04962168
      ,      ,19.710112,-54.04893377
      ,      ,19.720125,-49.04778725
      ,      ,19.730137,-29.04320118
      ,      ,19.740150,-9.03861511
      ,      ,19.750163,16.96734678
      ,      ,19.760176,47.97445519
      ,      ,19.770188,67.97904126
      ,      ,19.780201,81.98225151
      ,      ,19.790214,91.98454454
      ,      ,19.800227,90.98431524
      ,      ,19.810239,75.98087568
      ,      ,19.820252,58.97697753
      ,      ,19.830265,30.97055703
      ,      ,19.840278,4.96459514
      ,      ,19.850290,-17.04044954
      ,      ,19.860303,-37.04503561
      ,      ,19.870316,-42.04618213
      ,      ,19.880329,-51.04824586
      ,      ,19.890341,-46.04709934
      ,      ,19.900354,-26.04251327
      ,      ,19.910367,-11.03907372
      ,      ,19.920380,5.96482444
      ,      ,19.930393,30.97055703
      ,      ,19.940405,50.97514310
      ,      ,19.950418,69.97949986
      ,      ,19.960431,73.98041708
      ,      ,19.970444,75.98087568
      ,      ,19.980456,73.98041708
      ,      ,19.990469,58.97697753
      ,      ,20.000482,39.97262076
      ,      ,20.010495,9.96574166
      ,      ,20.020507,-13.03953232
      ,      ,20.030520,-29.04320118
      ,      ,20.040533,-41.04595282
      ,      ,20.050546,-48.04755795
      ,      ,20.060558,-48.04755795
      ,      ,20.070571,-38.04526491
      ,      ,20.080584,-15.03999093
      ,      ,20.090597,3.96436583
      ,      ,20.100609,31.97078633
      ,      ,20.110622,49.97491379
      ,      ,20.120635,69.97949986
      ,      ,20.130648,79.98179290
      ,      ,20.140660,80.98202220
      ,      ,20.150673,77.98133429
      ,      ,20.160686,61.97766544
      ,      ,20.170699,40.97285006
      ,      ,20.180711,22.96872260
      ,      ,20.190724,-1.03678068
      ,      ,20.200737,-18.04067884
      ,      ,20.210750,-34.04434770
      ,      ,20.220762,-42.04618213
      ,      ,20.230775,-43.04641143
      ,      ,20.240788,-35.04457700
      ,      ,20.250801,-22.04159606
      ,      ,20.260814,-4.03746859
      ,      ,20.270826,16.96734678
      ,      ,20.280839,40.97285006
      ,      ,20.290852,57.97674822
      ,      ,20.300865,64.97835335
      ,      ,20.310877,70.97972917
      ,      ,20.320890,69.97949986
      ,      ,20.330903,65.97858265
      ,      ,20.340916,48.97468449
      ,      ,20.350928,25.96941051
      ,      ,20.360941,3.96436583
      ,      ,20.370954,-11.03907372
      ,      ,20.380967,-30.04343048
      ,      ,20.390979,-41.04595282
      ,      ,20.400992,-38.04526491
      ,      ,20.411005,-35.04457700
      ,      ,20.421018,-22.04159606
      ,      ,20.431030,-5.03769790
      ,      ,20.441043,11.96620026
      ,      ,20.451056,32.97101564
      ,      ,20.461069,45.97399658
      ,      ,20.471081,64.97835335
      ,      ,20.481094,71.97995847
      ,      ,20.491107,70.97972917
      ,      ,20.501120,64.97835335
      ,      ,20.511132,51.97537240
      ,      ,20.521145,34.97147424
      ,      ,20.531158,14.96688817
      ,      ,20.541171,-2.03700999
      ,      ,20.551183,-17.04044954
      ,      ,20.561196,-28.04297188
      ,      ,20.571209,-42.04618213
      ,      ,20.581222,-33.04411839
      ,      ,20.591234,-21.04136675
      ,      ,20.601247,-8.03838581
      ,      ,20.611260,6.96505374
      ,      ,20.621273,22.96872260
      ,      ,20.631286,44.97376728
      ,      ,20.641298,60.97743613
      ,      ,20.651311,70.97972917
      ,      ,20.661324,72.98018777
      ,      ,20.671337,64.97835335
      ,      ,20.681349,53.97583101
      ,      ,20.691362,42.97330867
      ,      ,20.701375,18.96780539
      ,      ,20.711388,1.96390723
      ,      ,20.721400,-13.03953232
      ,      ,20.731413,-26.04251327
      ,      ,20.741426,-35.04457700
      ,      ,20.751439,-27.04274257
      ,      ,20.761451,-24.04205466
      ,      ,20.771464,-4.03746859
      ,      ,20.781477,9.96574166
      ,      ,20.791490,18.96780539
      ,      ,20.801502,27.96986912
      ,      ,20.811515,41.97307937
      ,      ,20.821528,58.97697753
      ,      ,20.831541,61.97766544
      ,      ,20.841553,59.97720683
      ,      ,20.851566,53.97583101
      ,      ,20.861579,40.97285006
      ,      ,20.871592,30.97055703
      ,      ,20.881604,11.96620026
      ,      ,20.891617,-3.03723929
      ,      ,20.901630,-9.03861511
      ,      ,20.911643,-19.04090815
      ,      ,20.921655,-19.04090815
      ,      ,20.931668,-12.03930302
      ,      ,20.941681,-0.03655138
      ,      ,20.951694,12.96642957
      ,      ,20.961706,14.96688817
      ,      ,20.971719,18.96780539
      ,      ,20.981732,23.96895190
      ,      ,20.991745,37.97216215
      ,      ,21.001758,52.97560170
      ,      ,21.011770,52.97560170
      ,      ,21.021783,50.97514310
      ,      ,21.031796,38.97239146
      ,      ,21.041809,22.96872260
      ,      ,21.051821,17.96757608
      ,      ,21.061834,4.96459514
      ,      ,21.071847,-5.03769790
      ,      ,21.081860,-15.03999093
      ,      ,21.091872,-19.04090815
      ,      ,21.101885,-15.03999093
      ,      ,21.111898,-4.03746859
      ,      ,21.121911,3.96436583
      ,      ,21.131923,10.96597096
      ,      ,21.141936,15.96711748
      ,      ,21.151949,29.97032772
      ,      ,21.161962,41.97307937
      ,      ,21.171974,47.97445519
      ,      ,21.181987,58.97697753
      ,      ,21.192000,53.97583101
      ,      ,21.202013,43.97353797
      ,      ,21.212025,33.97124494
      ,      ,21.222038,19.96803469
      ,      ,21.232051,9.96574166
      ,      ,21.242064,-4.03746859
      ,      ,21.252076,-13.03953232
      ,      ,21.262089,-22.04159606
      ,      ,21.272102,-23.04182536
      ,      ,21.282115,-18.04067884
      ,      ,21.292127,-6.03792720
      ,      ,21.302140,2.96413653
      ,      ,21.312153,18.96780539
      ,      ,21.322166,31.97078633
      ,      ,21.332178,35.97170355
      ,      ,21.342191,46.97422588
      ,      ,21.352204,51.97537240
      ,      ,21.362217,50.97514310
      ,      ,21.372230,40.97285006
      ,      ,21.382242,27.96986912
      ,      ,21.392255,24.96918121
      ,      ,21.402268,23.96895190
      ,      ,21.412281,15.96711748
      ,      ,21.422293,4.96459514
      ,      ,21.432306,-9.03861511
      ,      ,21.442319,-14.03976163
      ,      ,21.452332,-14.03976163
      ,      ,21.462344,-8.03838581
      ,      ,21.472357,0.96367792
      ,      ,21.482370,11.96620026
      ,      ,21.492383,23.96895190
      ,      ,21.502395,34.97147424
      ,      ,21.512408,42.97330867
      ,      ,21.522421,49.97491379
      ,      ,21.532434,53.97583101
      ,      ,21.542446,50.97514310
      ,      ,21.552459,40.97285006
      ,      ,21.562472,28.97009842
      ,      ,21.572485,23.96895190
      ,      ,21.582497,12.96642957
      ,      ,21.592510,1.96390723
      ,      ,21.602523,-10.03884441
      ,      ,21.612536,-15.03999093
      ,      ,21.622548,-15.03999093
      ,      ,21.632561,-11.03907372
      ,      ,21.642574,-3.03723929
      ,      ,21.652587,4.96459514
      ,      ,21.662599,19.96803469
      ,      ,21.672612,31.97078633
      ,      ,21.682625,37.97216215
      ,      ,21.692638,42.97330867
      ,      ,21.702650,48.97468449
      ,      ,21.712663,48.97468449
      ,      ,21.722676,41.97307937
      ,      ,21.732689,31.97078633
      ,      ,21.742702,21.96849330
      ,      ,21.752714,17.96757608
      ,      ,21.762727,8.96551235
      ,      ,21.772740,-1.03678068
      ,      ,21.782753,-9.03861511
      ,      ,21.792765,-14.03976163
      ,      ,21.802778,-10.03884441
      ,      ,21.812791,-4.03746859
      ,      ,21.822804,5.96482444
      ,      ,21.832816,15.96711748
      ,      ,21.842829,25.96941051
      ,      ,21.852842,32.97101564
      ,      ,21.862855,41.97307937
      ,      ,21.872867,46.97422588
      ,      ,21.882880,51.97537240
      ,      ,21.892893,46.97422588
      ,      ,21.902906,37.97216215
      ,      ,21.912918,26.96963981
      ,      ,21.922931,21.96849330
      ,      ,21.932944,9.96574166
      ,      ,21.942957,0.96367792
      ,      ,21.952969,-5.03769790
      ,      ,21.962982,-8.03838581
      ,      ,21.972995,-11.03907372
      ,      ,21.983008,-6.03792720
      ,      ,21.993020,0.96367792
      ,      ,22.003033,10.96597096
      ,      ,22.013046,19.96803469
      ,      ,22.023059,28.97009842
      ,      ,22.033071,37.97216215
      ,      ,22.043084,47.97445519
      ,      ,22.053097,48.97468449
      ,      ,22.063110,48.97468449
      ,      ,22.073122,42.97330867
      ,      ,22.083135,32.97101564
      ,      ,22.093148,24.96918121
      ,      ,22.103161,17.96757608
      ,      ,22.113174,7.96528305
      ,      ,22.123186,-1.03678068
      ,      ,22.133199,-7.03815650
      ,      ,22.143212,-7.03815650
      ,      ,22.153225,-6.03792720
      ,      ,22.163237,-0.03655138
      ,      ,22.173250,1.96390723
      ,      ,22.183263,13.96665887
      ,      ,22.193276,25.96941051
      ,      ,22.203288,33.97124494
      ,      ,22.213301,38.97239146
      ,      ,22.223314,44.97376728
      ,      ,22.233327,49.97491379
      ,      ,22.243339,43.97353797
      ,      ,22.253352,37.97216215
      ,      ,22.263365,25.96941051
      ,      ,22.273378,19.96803469
      ,      ,22.283390,10.96597096
      ,      ,22.293403,3.96436583
      ,      ,22.303416,-2.03700999
      ,      ,22.313429,-6.03792720
      ,      ,22.323441,-5.03769790
      ,      ,22.333454,-1.03678068
      ,      ,22.343467,4.96459514
      ,      ,22.353480,12.96642957
      ,      ,22.363492,21.96849330
      ,      ,22.373505,30.97055703
      ,      ,22.383518,36.97193285
      ,      ,22.393531,42.97330867
      ,      ,22.403543,44.97376728
      ,      ,22.413556,40.97285006
      ,      ,22.423569,37.97216215
      ,      ,22.433582,32.97101564
      ,      ,22.443594,23.96895190
      ,      ,22.453607,15.96711748
      ,      ,22.463620,6.96505374
      ,      ,22.473633,2.96413653
      ,      ,22.483646,-1.03678068
      ,      ,22.493658,-2.03700999
      ,      ,22.503671,-0.03655138
      ,      ,22.513684,3.96436583
      ,      ,22.523697,9.96574166
      ,      ,22.533709,17.96757608
      ,      ,22.543722,24.96918121
      ,      ,22.553735,32.97101564
      ,      ,22.563748,36.97193285
      ,      ,22.573760,39.97262076
      ,      ,22.583773,42.97330867
      ,      ,22.593786,39.97262076
      ,      ,22.603799,35.97170355
      ,      ,22.613811,29.97032772
      ,      ,22.623824,20.96826399
      ,      ,22.633837,12.96642957
      ,      ,22.643850,5.96482444
      ,      ,22.653862,1.96390723
      ,      ,22.663875,-2.03700999
      ,      ,22.673888,-1.03678068
      ,      ,22.683901,3.96436583
      ,      ,22.693913,6.96505374
      ,      ,22.703926,11.96620026
      ,      ,22.713939,21.96849330
      ,      ,22.723952,27.96986912
      ,      ,22.733964,37.97216215
      ,      ,22.743977,38.97239146
      ,      ,22.753990,45.97399658
      ,      ,22.764003,39.97262076
      ,      ,22.774015,38.97239146
      ,      ,22.784028,31.97078633
      ,      ,22.794041,25.96941051
      ,      ,22.804054,20.96826399
      ,      ,22.814067,9.96574166
      ,      ,22.824079,7.96528305
      ,      ,22.834092,1.96390723
      ,      ,22.844105,1.96390723
      ,      ,22.854118,3.96436583
      ,      ,22.864130,7.96528305
      ,      ,22.874143,13.96665887
      ,      ,22.884156,17.96757608
      ,      ,22.894169,26.96963981
      ,      ,22.904181,32.97101564
      ,      ,22.914194,39.97262076
      ,      ,22.924207,40.97285006
      ,      ,22.934220,44.97376728
      ,      ,22.944232,43.97353797
      ,      ,22.954245,36.97193285
      ,      ,22.964258,31.97078633
      ,      ,22.974271,28.97009842
      ,      ,22.984283,22.96872260
      ,      ,22.994296,16.96734678
      ,      ,23.004309,9.96574166
      ,      ,23.014322,5.96482444
      ,      ,23.024334,4.96459514
      ,      ,23.034347,2.96413653
      ,      ,23.044360,4.96459514
      ,      ,23.054373,5.96482444
      ,      ,23.064385,5.96482444
      ,      ,23.074398,4.96459514
      ,      ,23.084411,2.96413653
      ,      ,23.094424,3.96436583
      ,      ,23.104436,-0.03655138
      ,      ,23.114449,-3.03723929
      ,      ,23.124462,-4.03746859
      ,      ,23.134475,-5.03769790
      ,      ,23.144487,-6.03792720
      ,      ,23.154500,-2.03700999
      ,      ,23.164513,3.96436583
      ,      ,23.174526,8.96551235
      ,      ,23.184539,9.96574166
      ,      ,23.194551,11.96620026
      ,      ,23.204564,12.96642957
      ,      ,23.214577,10.96597096
      ,      ,23.224590,4.96459514
      ,      ,23.234602,3.96436583
      ,      ,23.244615,1.96390723
      ,      ,23.254628,0.96367792
      ,      ,23.264641,1.96390723
      ,      ,23.274653,4.96459514
      ,      ,23.284666,4.96459514
      ,      ,23.294679,6.96505374
      ,      ,23.304692,6.96505374
      ,      ,23.314704,4.96459514
      ,      ,23.324717,5.96482444
      ,      ,23.334730,6.96505374
      ,      ,23.344743,9.96574166
      ,      ,23.354755,7.96528305
      ,      ,23.364768,5.96482444
      ,      ,23.374781,8.96551235
      ,      ,23.384794,9.96574166
      ,      ,23.394806,3.96436583
      ,      ,23.404819,-0.03655138
      ,      ,23.414832,-1.03678068
      ,      ,23.424845,-0.03655138
      ,      ,23.434857,0.96367792
      ,      ,23.444870,-0.03655138
      ,      ,23.454883,-2.03700999
      ,      ,23.464896,-15.03999093
      ,      ,23.474908,-38.04526491
      ,      ,23.484921,-43.04641143
      ,      ,23.494934,-16.04022023
      ,      ,23.504947,-41.04595282
      ,      ,23.514959,-60.05030959
      ,      ,23.524972,-26.04251327
      ,      ,23.534985,-21.04136675
      ,      ,23.544998,-6.03792720
      ,      ,23.555011,1.96390723
      ,      ,23.565023,4.96459514
      ,      ,23.575036,3.96436583
      ,      ,23.585049,1.96390723
      ,      ,23.595062,-0.03655138
      ,      ,23.605074,-1.03678068
      ,      ,23.615087,-2.03700999
      ,      ,23.625100,1.96390723
      ,      ,23.635113,2.96413653
      ,      ,23.645125,5.96482444
      ,      ,23.655138,6.96505374
      ,      ,23.665151,8.96551235
      ,      ,23.675164,3.96436583
      ,      ,23.685176,0.96367792
      ,      ,23.695189,-3.03723929
      ,      ,23.705202,-3.03723929
      ,      ,23.715215,-8.03838581
      ,      ,23.725227,-8.03838581
      ,      ,23.735240,-9.03861511
      ,      ,23.745253,-8.03838581
      ,      ,23.755266,-2.03700999
      ,      ,23.765278,1.96390723
      ,      ,23.775291,5.96482444
      ,      ,23.785304,13.96665887
      ,      ,23.795317,20.96826399
      ,      ,23.805329,29.97032772
      ,      ,23.815342,36.97193285
      ,      ,23.825355,42.97330867
      ,      ,23.835368,43.97353797
      ,      ,23.845380,47.97445519
      ,      ,23.855393,45.97399658
      ,      ,23.865406,41.97307937
      ,      ,23.875419,34.97147424
      ,      ,23.885431,28.97009842
      ,      ,23.895444,19.96803469
      ,      ,23.905457,10.96597096
      ,      ,23.915470,6.96505374
      ,      ,23.925483,1.96390723
      ,      ,23.935495,0.96367792
      ,      ,23.945508,2.96413653
      ,      ,23.955521,7.96528305
      ,      ,23.965534,13.96665887
      ,      ,23.975546,21.96849330
      ,      ,23.985559,28.97009842
      ,      ,23.995572,39.97262076
      ,      ,24.005585,48.97468449
      ,      ,24.015597,47.97445519
      ,      ,24.025610,48.97468449
      ,      ,24.035623,43.97353797
      ,      ,24.045636,38.97239146
      ,      ,24.055648,30.97055703
      ,      ,24.065661,22.96872260
      ,      ,24.075674,13.96665887
      ,      ,24.085687,5.96482444
      ,      ,24.095699,0.96367792
      ,      ,24.105712,-1.03678068
      ,      ,24.115725,-2.03700999
      ,      ,24.125738,-0.03655138
      ,      ,24.135750,8.96551235
      ,      ,24.145763,15.96711748
      ,      ,24.155776,23.96895190
      ,      ,24.165789,30.97055703
      ,      ,24.175801,36.97193285
      ,      ,24.185814,43.97353797
      ,      ,24.195827,44.97376728
      ,      ,24.205840,43.97353797
      ,      ,24.215852,41.97307937
      ,      ,24.225865,35.97170355
      ,      ,24.235878,27.96986912
      ,      ,24.245891,20.96826399
      ,      ,24.255903,11.96620026
      ,      ,24.265916,4.96459514
      ,      ,24.275929,0.96367792
      ,      ,24.285942,-3.03723929
      ,      ,24.295955,-1.03678068
      ,      ,24.305967,1.96390723
      ,      ,24.315980,9.96574166
      ,      ,24.325993,19.96803469
      ,      ,24.336006,25.96941051
      ,      ,24.346018,34.97147424
      ,      ,24.356031,41.97307937
      ,      ,24.366044,45.97399658
      ,      ,24.376057,47.97445519
      ,      ,24.386069,46.97422588
      ,      ,24.396082,41.97307937
      ,      ,24.406095,36.97193285
      ,      ,24.416108,26.96963981
      ,      ,24.426120,13.96665887
      ,      ,24.436133,3.96436583
      ,      ,24.446146,-2.03700999
      ,      ,24.456159,-6.03792720
      ,      ,24.466171,-7.03815650
      ,      ,24.476184,-6.03792720
      ,      ,24.486197,1.96390723
      ,      ,24.496210,10.96597096
      ,      ,24.506222,19.96803469
      ,      ,24.516235,32.97101564
      ,      ,24.526248,40.97285006
      ,      ,24.536261,48.97468449
      ,      ,24.546273,53.97583101
      ,      ,24.556286,52.97560170
      ,      ,24.566299,49.97491379
      ,      ,24.576312,41.97307937
      ,      ,24.586324,31.97078633
      ,      ,24.596337,20.96826399
      ,      ,24.606350,7.96528305
      ,      ,24.616363,-4.03746859
      ,      ,24.626375,-10.03884441
      ,      ,24.636388,-15.03999093
      ,      ,24.646401,-13.03953232
      ,      ,24.656414,-7.03815650
      ,      ,24.666427,1.96390723
      ,      ,24.676439,12.96642957
      ,      ,24.686452,25.96941051
      ,      ,24.696465,38.97239146
      ,      ,24.706478,46.97422588
      ,      ,24.716490,53.97583101
      ,      ,24.726503,57.97674822
      ,      ,24.736516,56.97651892
      ,      ,24.746529,48.97468449
      ,      ,24.756541,38.97239146
      ,      ,24.766554,29.97032772
      ,      ,24.776567,12.96642957
      ,      ,24.786580,-0.03655138
      ,      ,24.796592,-10.03884441
      ,      ,24.806605,-14.03976163
      ,      ,24.816618,-16.04022023
      ,      ,24.826631,-13.03953232
      ,      ,24.836643,-6.03792720
      ,      ,24.846656,5.96482444
      ,      ,24.856669,19.96803469
      ,      ,24.866682,32.97101564
      ,      ,24.876694,47.97445519
      ,      ,24.886707,55.97628962
      ,      ,24.896720,61.97766544
      ,      ,24.906733,62.97789474
      ,      ,24.916745,58.97697753
      ,      ,24.926758,48.97468449
      ,      ,24.936771,36.97193285
      ,      ,24.946784,20.96826399
      ,      ,24.956796,7.96528305
      ,      ,24.966809,-7.03815650
      ,      ,24.976822,-17.04044954
      ,      ,24.986835,-21.04136675
      ,      ,24.996847,-21.04136675
      ,      ,25.006860,-16.04022023
      ,      ,25.016873,-4.03746859
      ,      ,25.026886,9.96574166
      ,      ,25.036899,24.96918121
      ,      ,25.046911,41.97307937
      ,      ,25.056924,53.97583101
      ,      ,25.066937,62.97789474
      ,      ,25.076950,68.97927056
      ,      ,25.086962,65.97858265
      ,      ,25.096975,59.97720683
      ,      ,25.106988,45.97399658
      ,      ,25.117001,29.97032772
      ,      ,25.127013,10.96597096
      ,      ,25.137026,-5.03769790
      ,      ,25.147039,-17.04044954
      ,      ,25.157052,-25.04228397
      ,      ,25.167064,-26.04251327
      ,      ,25.177077,-26.04251327
      ,      ,25.187090,-15.03999093
      ,      ,25.197103,-2.03700999
      ,      ,25.207115,15.96711748
      ,      ,25.217128,32.97101564
      ,      ,25.227141,49.97491379
      ,      ,25.237154,63.97812404
      ,      ,25.247166,75.98087568
      ,      ,25.257179,72.98018777
      ,      ,25.267192,69.97949986
      ,      ,25.277205,58.97697753
      ,      ,25.287217,41.97307937
      ,      ,25.297230,22.96872260
      ,      ,25.307243,1.96390723
      ,      ,25.317256,-15.03999093
      ,      ,25.327268,-28.04297188
      ,      ,25.337281,-35.04457700
      ,      ,25.347294,-36.04480630
      ,      ,25.357307,-30.04343048
      ,      ,25.367320,-15.03999093
      ,      ,25.377332,4.96459514
      ,      ,25.387345,24.96918121
      ,      ,25.397358,42.97330867
      ,      ,25.407371,61.97766544
      ,      ,25.417383,72.98018777
      ,      ,25.427396,78.98156359
      ,      ,25.437409,76.98110499
      ,      ,25.447422,67.97904126
      ,      ,25.457434,52.97560170
      ,      ,25.467447,34.97147424
      ,      ,25.477460,13.96665887
      ,      ,25.487473,-6.03792720
      ,      ,25.497485,-21.04136675
      ,      ,25.507498,-31.04365979
      ,      ,25.517511,-36.04480630
      ,      ,25.527524,-32.04388909
      ,      ,25.537536,-22.04159606
      ,      ,25.547549,-6.03792720
      ,      ,25.557562,12.96642957
      ,      ,25.567575,33.97124494
      ,      ,25.577587,50.97514310
      ,      ,25.587600,64.97835335
      ,      ,25.597613,75.98087568
      ,      ,25.607626,76.98110499
      ,      ,25.617638,73.98041708
      ,      ,25.627651,59.97720683
      ,      ,25.637664,43.97353797
      ,      ,25.647677,26.96963981
      ,      ,25.657689,4.96459514
      ,      ,25.667702,-14.03976163
      ,      ,25.677715,-28.04297188
      ,      ,25.687728,-36.04480630
      ,      ,25.697740,-38.04526491
      ,      ,25.707753,-31.04365979
      ,      ,25.717766,-17.04044954
      ,      ,25.727779,1.96390723
      ,      ,25.737792,18.96780539
      ,      ,25.747804,42.97330867
      ,      ,25.757817,59.97720683
      ,      ,25.767830,74.98064638
      ,      ,25.777843,81.98225151
      ,      ,25.787855,78.98156359
      ,      ,25.797868,70.97972917
      ,      ,25.807881,54.97606031
      ,      ,25.817894,35.97170355
      ,      ,25.827906,12.96642957
      ,      ,25.837919,-7.03815650
      ,      ,25.847932,-27.04274257
      ,      ,25.857945,-39.04549421
      ,      ,25.867957,-42.04618213
      ,      ,25.877970,-40.04572352
      ,      ,25.887983,-29.04320118
      ,      ,25.897996,-12.03930302
      ,      ,25.908008,9.96574166
      ,      ,25.918021,32.97101564
      ,      ,25.928034,53.97583101
      ,      ,25.938047,70.97972917
      ,      ,25.948059,81.98225151
      ,      ,25.958072,85.98316872
      ,      ,25.968085,77.98133429
      ,      ,25.978098,63.97812404
      ,      ,25.988110,44.97376728
      ,      ,25.998123,22.96872260
      ,      ,26.008136,-1.03678068
      ,      ,26.018149,-20.04113745
      ,      ,26.028161,-36.04480630
      ,      ,26.038174,-43.04641143
      ,      ,26.048187,-46.04709934
      ,      ,26.058200,-36.04480630
      ,      ,26.068212,-20.04113745
      ,      ,26.078225,-2.03700999
      ,      ,26.088238,23.96895190
      ,      ,26.098251,43.97353797
      ,      ,26.108264,63.97812404
      ,      ,26.118276,76.98110499
      ,      ,26.128289,83.98271011
      ,      ,26.138302,77.98133429
      ,      ,26.148315,67.97904126
      ,      ,26.158327,52.97560170
      ,      ,26.168340,31.97078633
      ,      ,26.178353,8.96551235
      ,      ,26.188366,-11.03907372
      ,      ,26.198378,-28.04297188
      ,      ,26.208391,-39.04549421
      ,      ,26.218404,-43.04641143
      ,      ,26.228417,-39.04549421
      ,      ,26.238429,-26.04251327
      ,      ,26.248442,-8.03838581
      ,      ,26.258455,12.96642957
      ,      ,26.268468,36.97193285
      ,      ,26.278480,57.97674822
      ,      ,26.288493,73.98041708
      ,      ,26.298506,83.98271011
      ,      ,26.308519,85.98316872
      ,      ,26.318531,78.98156359
      ,      ,26.328544,64.97835335
      ,      ,26.338557,44.97376728
      ,      ,26.348570,22.96872260
      ,      ,26.358582,-3.03723929
      ,      ,26.368595,-24.04205466
      ,      ,26.378608,-39.04549421
      ,      ,26.388621,-48.04755795
      ,      ,26.398633,-49.04778725
      ,      ,26.408646,-36.04480630
      ,      ,26.418659,-21.04136675
      ,      ,26.428672,-0.03655138
      ,      ,26.438684,23.96895190
      ,      ,26.448697,46.97422588
      ,      ,26.458710,68.97927056
      ,      ,26.468723,81.98225151
      ,      ,26.478736,84.98293942
      ,      ,26.488748,83.98271011
      ,      ,26.498761,71.97995847
      ,      ,26.508774,53.97583101
      ,      ,26.518787,33.97124494
      ,      ,26.528799,5.96482444
      ,      ,26.538812,-18.04067884
      ,      ,26.548825,-33.04411839
      ,      ,26.558838,-45.04687004
      ,      ,26.568850,-47.04732864
      ,      ,26.578863,-43.04641143
      ,      ,26.588876,-29.04320118
      ,      ,26.598889,-11.03907372
      ,      ,26.608901,11.96620026
      ,      ,26.618914,34.97147424
      ,      ,26.628927,55.97628962
      ,      ,26.638940,73.98041708
      ,      ,26.648952,83.98271011
      ,      ,26.658965,85.98316872
      ,      ,26.668978,78.98156359
      ,      ,26.678991,65.97858265
      ,      ,26.689003,44.97376728
      ,      ,26.699016,18.96780539
      ,      ,26.709029,-5.03769790
      ,      ,26.719042,-26.04251327
      ,      ,26.729054,-40.04572352
      ,      ,26.739067,-48.04755795
      ,      ,26.749080,-51.04824586
      ,      ,26.759093,-40.04572352
      ,      ,26.769105,-23.04182536
      ,      ,26.779118,-0.03655138
      ,      ,26.789131,23.96895190
      ,      ,26.799144,51.97537240
      ,      ,26.809156,70.97972917
      ,      ,26.819169,83.98271011
      ,      ,26.829182,91.98454454
      ,      ,26.839195,89.98408593
      ,      ,26.849208,77.98133429
      ,      ,26.859220,59.97720683
      ,      ,26.869233,32.97101564
      ,      ,26.879246,4.96459514
      ,      ,26.889259,-16.04022023
      ,      ,26.899271,-37.04503561
      ,      ,26.909284,-53.04870446
      ,      ,26.919297,-55.04916307
      ,      ,26.929310,-53.04870446
      ,      ,26.939322,-36.04480630
      ,      ,26.949335,-14.03976163
      ,      ,26.959348,12.96642957
      ,      ,26.969361,40.97285006
      ,      ,26.979373,65.97858265
      ,      ,26.989386,83.98271011
      ,      ,26.999399,95.98546175
      ,      ,27.009412,96.98569106
      ,      ,27.019424,86.98339802
      ,      ,27.029437,67.97904126
      ,      ,27.039450,45.97399658
      ,      ,27.049463,15.96711748
      ,      ,27.059475,-12.03930302
      ,      ,27.069488,-35.04457700
      ,      ,27.079501,-56.04939237
      ,      ,27.089514,-62.05076819
      ,      ,27.099526,-60.05030959
      ,      ,27.109539,-48.04755795
      ,      ,27.119552,-29.04320118
      ,      ,27.129565,-3.03723929
      ,      ,27.139577,20.96826399
      ,      ,27.149590,46.97422588
      ,      ,27.159603,61.97766544
      ,      ,27.169616,71.97995847
      ,      ,27.179628,59.97720683
      ,      ,27.189641,31.97078633
      ,      ,27.199654,10.96597096
      ,      ,27.209667,6.96505374
      ,      ,27.219680,2.96413653
      ,      ,27.229692,1.96390723
      ,      ,27.239705,1.96390723
      ,      ,27.249718,-0.03655138
      ,      ,27.259731,0.96367792
      ,      ,27.269743,-0.03655138
      ,      ,27.279756,0.96367792
      ,      ,27.289769,0.96367792
      ,      ,27.299782,0.96367792
      ,      ,27.309794,1.96390723
      ,      ,27.319807,0.96367792
      ,      ,27.329820,2.96413653
      ,      ,27.339833,1.96390723
      ,      ,27.349845,2.96413653
      ,      ,27.359858,2.96413653
      ,      ,27.369871,2.96413653
      ,      ,27.379884,0.96367792
      ,      ,27.389896,0.96367792
      ,      ,27.399909,1.96390723
      ,      ,27.409922,2.96413653
      ,      ,27.419935,2.96413653
      ,      ,27.429947,1.96390723
      ,      ,27.439960,0.96367792
      ,      ,27.449973,-0.03655138
      ,      ,27.459986,-0.03655138
      ,      ,27.469998,-0.03655138
      ,      ,27.480011,1.96390723
      ,      ,27.490024,0.96367792
      ,      ,27.500037,0.96367792
      ,      ,27.510049,1.96390723
      ,      ,27.520062,2.96413653
      ,      ,27.530075,2.96413653
      ,      ,27.540088,0.96367792
      ,      ,27.550100,0.96367792
      ,      ,27.560113,0.96367792
      ,      ,27.570126,1.96390723
      ,      ,27.580139,0.96367792
      ,      ,27.590152,1.96390723
      ,      ,27.600164,0.96367792
      ,      ,27.610177,0.96367792
      ,      ,27.620190,0.96367792
      ,      ,27.630203,1.96390723
      ,      ,27.640215,0.96367792
      ,      ,27.650228,1.96390723
      ,      ,27.660241,0.96367792
      ,      ,27.670254,1.96390723
      ,      ,27.680266,1.96390723
      ,      ,27.690279,-0.03655138
      ,      ,27.700292,0.96367792
      ,      ,27.710305,0.96367792
      ,      ,27.720317,0.96367792
      ,      ,27.730330,-0.03655138
      ,      ,27.740343,-0.03655138
      ,      ,27.750356,-1.03678068
      ,      ,27.760368,-12.03930302
      ,      ,27.770381,-27.04274257
      ,      ,27.780394,-44.04664073
      ,      ,27.790407,-60.05030959
      ,      ,27.800419,-63.05099750
      ,      ,27.810432,-62.05076819
      ,      ,27.820445,-51.04824586
      ,      ,27.830458,-31.04365979
      ,      ,27.840470,-7.03815650
      ,      ,27.850483,21.96849330
      ,      ,27.860496,44.97376728
      ,      ,27.870509,72.98018777
      ,      ,27.880521,88.98385663
      ,      ,27.890534,90.98431524
      ,      ,27.900547,86.98339802
      ,      ,27.910560,77.98133429
      ,      ,27.920572,54.97606031
      ,      ,27.930585,27.96986912
      ,      ,27.940598,0.96367792
      ,      ,27.950611,-20.04113745
      ,      ,27.960624,-41.04595282
      ,      ,27.970636,-49.04778725
      ,      ,27.980649,-60.05030959
      ,      ,27.990662,-48.04755795
      ,      ,28.000675,-35.04457700
      ,      ,28.010687,-14.03976163
      ,      ,28.020700,11.96620026
      ,      ,28.030713,39.97262076
      ,      ,28.040726,57.97674822
      ,      ,28.050738,77.98133429
      ,      ,28.060751,88.98385663
      ,      ,28.070764,82.98248081
      ,      ,28.080777,75.98087568
      ,      ,28.090789,54.97606031
      ,      ,28.100802,35.97170355
      ,      ,28.110815,10.96597096
      ,      ,28.120828,-12.03930302
      ,      ,28.130840,-30.04343048
      ,      ,28.140853,-40.04572352
      ,      ,28.150866,-50.04801655
      ,      ,28.160879,-45.04687004
      ,      ,28.170891,-31.04365979
      ,      ,28.180904,-16.04022023
      ,      ,28.190917,6.96505374
      ,      ,28.200930,29.97032772
      ,      ,28.210942,48.97468449
      ,      ,28.220955,66.97881195
      ,      ,28.230968,79.98179290
      ,      ,28.240981,81.98225151
      ,      ,28.250993,76.98110499
      ,      ,28.261006,68.97927056
      ,      ,28.271019,45.97399658
      ,      ,28.281032,21.96849330
      ,      ,28.291045,-1.03678068
      ,      ,28.301057,-17.04044954
      ,      ,28.311070,-36.04480630
      ,      ,28.321083,-43.04641143
      ,      ,28.331096,-43.04641143
      ,      ,28.341108,-36.04480630
      ,      ,28.351121,-23.04182536
      ,      ,28.361134,-7.03815650
      ,      ,28.371147,10.96597096
      ,      ,28.381159,33.97124494
      ,      ,28.391172,56.97651892
      ,      ,28.401185,70.97972917
      ,      ,28.411198,77.98133429
      ,      ,28.421210,77.98133429
      ,      ,28.431223,71.97995847
      ,      ,28.441236,55.97628962
      ,      ,28.451249,33.97124494
      ,      ,28.461261,14.96688817
      ,      ,28.471274,-5.03769790
      ,      ,28.481287,-22.04159606
      ,      ,28.491300,-37.04503561
      ,      ,28.501312,-39.04549421
      ,      ,28.511325,-38.04526491
      ,      ,28.521338,-35.04457700
      ,      ,28.531351,-11.03907372
      ,      ,28.541363,7.96528305
      ,      ,28.551376,27.96986912
      ,      ,28.561389,48.97468449
      ,      ,28.571402,62.97789474
      ,      ,28.581414,74.98064638
      ,      ,28.591427,77.98133429
      ,      ,28.601440,72.98018777
      ,      ,28.611453,56.97651892
      ,      ,28.621465,49.97491379
      ,      ,28.631478,21.96849330
      ,      ,28.641491,1.96390723
      ,      ,28.651504,-12.03930302
      ,      ,28.661517,-28.04297188
      ,      ,28.671529,-40.04572352
      ,      ,28.681542,-32.04388909
      ,      ,28.691555,-25.04228397
      ,      ,28.701568,-18.04067884
      ,      ,28.711580,-2.03700999
      ,      ,28.721593,16.96734678
      ,      ,28.731606,38.97239146
      ,      ,28.741619,57.97674822
      ,      ,28.751631,71.97995847
      ,      ,28.761644,67.97904126
      ,      ,28.771657,68.97927056
      ,      ,28.781670,67.97904126
      ,      ,28.791682,48.97468449
      ,      ,28.801695,34.97147424
      ,      ,28.811708,9.96574166
      ,      ,28.821721,-5.03769790
      ,      ,28.831733,-22.04159606
      ,      ,28.841746,-30.04343048
      ,      ,28.851759,-37.04503561
      ,      ,28.861772,-31.04365979
      ,      ,28.871784,-23.04182536
      ,      ,28.881797,-7.03815650
      ,      ,28.891810,8.96551235
      ,      ,28.901823,27.96986912
      ,      ,28.911835,51.97537240
      ,      ,28.921848,63.97812404
      ,      ,28.931861,67.97904126
      ,      ,28.941874,70.97972917
      ,      ,28.951886,70.97972917
      ,      ,28.961899,54.97606031
      ,      ,28.971912,46.97422588
      ,      ,28.981925,24.96918121
      ,      ,28.991937,3.96436583
      ,      ,29.001950,-15.03999093
      ,      ,29.011963,-31.04365979
      ,      ,29.021976,-37.04503561
      ,      ,29.031989,-36.04480630
      ,      ,29.042001,-31.04365979
      ,      ,29.052014,-14.03976163
      ,      ,29.062027,-0.03655138
      ,      ,29.072040,22.96872260
      ,      ,29.082052,41.97307937
      ,      ,29.092065,55.97628962
      ,      ,29.102078,66.97881195
      ,      ,29.112091,75.98087568
      ,      ,29.122103,74.98064638
      ,      ,29.132116,65.97858265
      ,      ,29.142129,51.97537240
      ,      ,29.152142,30.97055703
      ,      ,29.162154,10.96597096
      ,      ,29.172167,-5.03769790
      ,      ,29.182180,-23.04182536
      ,      ,29.192193,-28.04297188
      ,      ,29.202205,-39.04549421
      ,      ,29.212218,-31.04365979
      ,      ,29.222231,-24.04205466
      ,      ,29.232244,-6.03792720
      ,      ,29.242256,10.96597096
      ,      ,29.252269,29.97032772
      ,      ,29.262282,53.97583101
      ,      ,29.272295,62.97789474
      ,      ,29.282307,70.97972917
      ,      ,29.292320,77.98133429
      ,      ,29.302333,73.98041708
      ,      ,29.312346,56.97651892
      ,      ,29.322358,35.97170355
      ,      ,29.332371,20.96826399
      ,      ,29.342384,0.96367792
      ,      ,29.352397,-16.04022023
      ,      ,29.362409,-31.04365979
      ,      ,29.372422,-32.04388909
      ,      ,29.382435,-38.04526491
      ,      ,29.392448,-30.04343048
      ,      ,29.402461,-12.03930302
      ,      ,29.412473,2.96413653
      ,      ,29.422486,22.96872260
      ,      ,29.432499,38.97239146
      ,      ,29.442512,50.97514310
      ,      ,29.452524,67.97904126
      ,      ,29.462537,72.98018777
      ,      ,29.472550,76.98110499
      ,      ,29.482563,66.97881195
      ,      ,29.492575,50.97514310
      ,      ,29.502588,25.96941051
      ,      ,29.512601,11.96620026
      ,      ,29.522614,-5.03769790
      ,      ,29.532626,-22.04159606
      ,      ,29.542639,-31.04365979
      ,      ,29.552652,-38.04526491
      ,      ,29.562665,-32.04388909
      ,      ,29.572677,-19.04090815
      ,      ,29.582690,-7.03815650
      ,      ,29.592703,10.96597096
      ,      ,29.602716,24.96918121
      ,      ,29.612728,48.97468449
      ,      ,29.622741,58.97697753
      ,      ,29.632754,75.98087568
      ,      ,29.642767,66.97881195
      ,      ,29.652779,62.97789474
      ,      ,29.662792,56.97651892
      ,      ,29.672805,40.97285006
      ,      ,29.682818,17.96757608
      ,      ,29.692830,3.96436583
      ,      ,29.702843,-7.03815650
      ,      ,29.712856,-20.04113745
      ,      ,29.722869,-29.04320118
      ,      ,29.732881,-32.04388909
      ,      ,29.742894,-21.04136675
      ,      ,29.752907,-8.03838581
      ,      ,29.762920,2.96413653
      ,      ,29.772933,23.96895190
      ,      ,29.782945,30.97055703
      ,      ,29.792958,49.97491379
      ,      ,29.802971,62.97789474
      ,      ,29.812984,69.97949986
      ,      ,29.822996,59.97720683
      ,      ,29.833009,56.97651892
      ,      ,29.843022,47.97445519
      ,      ,29.853035,33.97124494
      ,      ,29.863047,10.96597096
      ,      ,29.873060,-1.03678068
      ,      ,29.883073,-13.03953232
      ,      ,29.893086,-22.04159606
      ,      ,29.903098,-27.04274257
      ,      ,29.913111,-21.04136675
      ,      ,29.923124,-12.03930302
      ,      ,29.933137,0.96367792
      ,      ,29.943149,10.96597096
      ,      ,29.953162,21.96849330
      ,      ,29.963175,35.97170355
      ,      ,29.973188,43.97353797
      ,      ,29.983200,39.97262076
      ,      ,29.993213,29.97032772
      ,      ,30.003226,25.96941051
      ,      ,30.013239,24.96918121
      ,      ,30.023251,23.96895190
      ,      ,30.033264,34.97147424
      ,      ,30.043277,42.97330867
      ,      ,30.053290,25.96941051
      ,      ,30.063302,17.96757608
      ,      ,30.073315,2.96413653
      ,      ,30.083328,-1.03678068
      ,      ,30.093341,-0.03655138
      ,      ,30.103353,3.96436583
      ,      ,30.113366,9.96574166
      ,      ,30.123379,21.96849330
      ,      ,30.133392,30.97055703
      ,      ,30.143405,28.97009842
      ,      ,30.153417,42.97330867
      ,      ,30.163430,41.97307937
      ,      ,30.173443,38.97239146
      ,      ,30.183456,30.97055703
      ,      ,30.193468,42.97330867
      ,      ,30.203481,27.96986912
      ,      ,30.213494,20.96826399
      ,      ,30.223507,17.96757608
      ,      ,30.233519,3.96436583
      ,      ,30.243532,-5.03769790
      ,      ,30.253545,-5.03769790
      ,      ,30.263558,-6.03792720
      ,      ,30.273570,-3.03723929
      ,      ,30.283583,6.96505374
      ,      ,30.293596,13.96665887
      ,      ,30.303609,24.96918121
      ,      ,30.313621,30.97055703
      ,      ,30.323634,37.97216215
      ,      ,30.333647,-855.23260585
      ,      ,30.343660,58.97697753
      ,      ,30.353672,48.97468449
      ,      ,30.363685,44.97376728
      ,      ,30.373698,36.97193285
      ,      ,30.383711,31.97078633
      ,      ,30.393723,20.96826399
      ,      ,30.403736,7.96528305
      ,      ,30.413749,3.96436583
      ,      ,30.423762,-3.03723929
      ,      ,30.433774,-5.03769790
      ,      ,30.443787,-1.03678068
      ,      ,30.453800,3.96436583
      ,      ,30.463813,10.96597096
      ,      ,30.473825,19.96803469
      ,      ,30.483838,18.96780539
      ,      ,30.493851,41.97307937
      ,      ,30.503864,-52.04847516
      ,      ,30.513877,-45.04687004
      ,      ,30.523889,42.97330867
      ,      ,30.533902,37.97216215
      ,      ,30.543915,25.96941051
      ,      ,30.553928,28.97009842
      ,      ,30.563940,22.96872260
      ,      ,30.573953,9.96574166
      ,      ,30.583966,5.96482444
      ,      ,30.593979,0.96367792
      ,      ,30.603991,-4.03746859
      ,      ,30.614004,-2.03700999
      ,      ,30.624017,-1.03678068
      ,      ,30.634030,7.96528305
      ,      ,30.644042,9.96574166
      ,      ,30.654055,23.96895190
      ,      ,30.664068,24.96918121
      ,      ,30.674081,28.97009842
      ,      ,30.684093,56.97651892
      ,      ,30.694106,44.97376728
      ,      ,30.704119,32.97101564
      ,      ,30.714132,-3397.81549528
      ,      ,30.724144,39.97262076
      ,      ,30.734157,25.96941051
      ,      ,30.744170,11.96620026
      ,      ,30.754183,11.96620026
      ,      ,30.764195,1.96390723
      ,      ,30.774208,1.96390723
      ,      ,30.784221,-0.03655138
      ,      ,30.794234,1.96390723
      ,      ,30.804246,4.96459514
      ,      ,30.814259,12.96642957
      ,      ,30.824272,16.96734678
      ,      ,30.834285,25.96941051
      ,      ,30.844298,35.97170355
      ,      ,30.854310,32.97101564
      ,      ,30.864323,28.97009842
      ,      ,30.874336,1776.37069159
      ,      ,30.884349,52.97560170
      ,      ,30.894361,-1884.46855912
      ,      ,30.904374,34.97147424
      ,      ,30.914387,22.96872260
      ,      ,30.924400,16.96734678
      ,      ,30.934412,8.96551235
      ,      ,30.944425,5.96482444
      ,      ,30.954438,1.96390723
      ,      ,30.964451,1.96390723
      ,      ,30.974463,4.96459514
      ,      ,30.984476,8.96551235
      ,      ,30.994489,16.96734678
      ,      ,31.004502,25.96941051
      ,      ,31.014514,29.97032772
      ,      ,31.024527,20.96826399
      ,      ,31.034540,974.18679020
      ,      ,31.044553,47.97445519
      ,      ,31.054565,293.03063454
      ,      ,31.064578,42.97330867
      ,      ,31.074591,27.96986912
      ,      ,31.084604,29.97032772
      ,      ,31.094616,21.96849330
      ,      ,31.104629,16.96734678
      ,      ,31.114642,9.96574166
      ,      ,31.124655,6.96505374
      ,      ,31.134667,4.96459514
      ,      ,31.144680,6.96505374
      ,      ,31.154693,10.96597096
      ,      ,31.164706,11.96620026
      ,      ,31.174718,9.96574166
      ,      ,31.184731,27.96986912
      ,      ,31.194744,36.97193285
      ,      ,31.204757,34.97147424
      ,      ,31.214770,34.97147424
      ,      ,31.224782,48.97468449
      ,      ,31.234795,28.97009842
      ,      ,31.244808,-581.16977670
      ,      ,31.254821,40.97285006
      ,      ,31.264833,17.96757608
      ,      ,31.274846,12.96642957
      ,      ,31.284859,7.96528305
      ,      ,31.294872,4.96459514
      ,      ,31.304884,10.96597096
      ,      ,31.314897,9.96574166
      ,      ,31.324910,12.96642957
      ,      ,31.334923,8.96551235
      ,      ,31.344935,6.96505374
      ,      ,31.354948,8.96551235
      ,      ,31.364961,3.96436583
      ,      ,31.374974,2.96413653
      ,      ,31.384986,1.96390723
      ,      ,31.394999,2.96413653
      ,      ,31.405012,0.96367792
      ,      ,31.415025,2.96413653
      ,      ,31.425037,0.96367792
      ,      ,31.435050,3.96436583
      ,      ,31.445063,5.96482444
      ,      ,31.455076,9.96574166
      ,      ,31.465088,10.96597096
      ,      ,31.475101,11.96620026
      ,      ,31.485114,7.96528305
      ,      ,31.495127,5.96482444
      ,      ,31.505139,6.96505374
      ,      ,31.515152,3.96436583
      ,      ,31.525165,3.96436583
      ,      ,31.535178,2.96413653
      ,      ,31.545190,3.96436583
      ,      ,31.555203,3.96436583
      ,      ,31.565216,7.96528305
      ,      ,31.575229,13.96665887
      ,      ,31.585242,164.00105439
      ,      ,31.595254,-1327.34083709
      ,      ,31.605267,-749.20829968
      ,      ,31.615280,1814.37940512
      ,      ,31.625293,-213.08539302
      ,      ,31.635305,-197.08172416
      ,      ,31.645318,103.98729618
      ,      ,31.655331,-381.12391600
      ,      ,31.665344,-243.09227212
      ,      ,31.675356,-176.07690879
      ,      ,31.685369,38.97239146
      ,      ,31.695382,-744.20715316
      ,      ,31.705395,-6376.49836102
      ,      ,31.715407,853.15904448
      ,      ,31.725420,820.15147747
      ,      ,31.735433,667.11639404
      ,      ,31.745446,-421.13308814
      ,      ,31.755458,991.19068836
      ,      ,31.765471,6.96505374
      ,      ,31.775484,-252.09433585
      ,      ,31.785497,200.00930932
      ,      ,31.795509,-381.12391600
      ,      ,31.805522,-378.12322809
      ,      ,31.815535,-478.14615844
      ,      ,31.825548,-594.17275764
      ,      ,31.835560,-211.08493441
      ,      ,31.845573,229.01595912
      ,      ,31.855586,-84.05581287
      ,      ,31.865599,-39.04549421
      ,      ,31.875611,-2153.53024176
      ,      ,31.885624,157.99967857
      ,      ,31.895637,138.99532180
      ,      ,31.905650,393.05356489
      ,      ,31.915662,-56.04939237
      ,      ,31.925675,-157.07255202
      ,      ,31.935688,-299.10511312
      ,      ,31.945701,-5.03769790
      ,      ,31.955714,-264.09708750
      ,      ,31.965726,-320.10992849
      ,      ,31.975739,143.99646832
      ,      ,31.985752,607.10263583
      ,      ,31.995765,471.07145056
