num. of data,6.000000E+6,Distance (m),Time 1
meas. time,1.990000E-3,0.005006,-0.26707673
center wavelength,1.549960E-6,0.015019,-0.26707673
phase division num.,3.800000E+1,0.025032,-0.26707673
calc. start position,0.000000E+0,0.035045,-0.26707673
calc. stop position,3.700000E+1,0.045057,-0.26707673
meas. point interval,1.000000E-2,0.055070,-0.26707673
spacial resolution,1.000000E-2,0.065083,-0.26707673
PNC remaining,1.000000E+0,0.075096,-0.26707673
strain resolution,1.000000E+0,0.085108,-0.26707673
search pitchi,0.000000E+0,0.095121,-0.26707673
search range,0.000000E+0,0.105134,-0.26707673
refractive index,1.470000E+0,0.115147,-0.26707673
wavelength width,2.000000E-8,0.125159,-0.26707673
modulation freq.,1.522180E+2,0.135172,-0.26707673
local signal delay,8.865000E-8,0.145185,-0.26707673
reference delay,1.260500E-7,0.155198,-0.26707673
window of etalon,5.000000E+2,0.165210,-0.26707673
sampling rate,4.000000E+9,0.175223,-0.26707673
cont. meas. interval,     0,0.185236,-0.26707673
num. of cont. meas.,     0,0.195249,-0.26707673
C:\Users\STR\data\RH_ç`òp\ã»Ç∞ééå±\n3\ï\\20260525_133858-0-0mm(ini).h5,      ,0.205262,-0.26707673
C:\Users\STR\data\RH_ç`òp\ã»Ç∞ééå±\n3\ï\\20260525_133948-1-50mm.h5,      ,0.215274,-0.26707673
 SN: 2,      ,0.225287,-0.26707673
single,      ,0.235300,-0.26707673
20260525_13:39:48.569,      ,0.245313,-0.26707673
      ,      ,0.255325,-255.32554911
      ,      ,0.265338,-0.26707673
      ,      ,0.275351,-0.26707673
      ,      ,0.285364,8.73498700
      ,      ,0.295376,-0.26707673
      ,      ,0.305389,6.73452840
      ,      ,0.315402,0.73315258
      ,      ,0.325415,-0.26707673
      ,      ,0.335427,13.73613352
      ,      ,0.345440,-0.26707673
      ,      ,0.355453,-0.26707673
      ,      ,0.365466,19.73750934
      ,      ,0.375478,15.73659213
      ,      ,0.385491,20.73773865
      ,      ,0.395504,5.73429909
      ,      ,0.405517,8.73498700
      ,      ,0.415529,-0.26707673
      ,      ,0.425542,-0.26707673
      ,      ,0.435555,-0.26707673
      ,      ,0.445568,-0.26707673
      ,      ,0.455580,-0.26707673
      ,      ,0.465593,-0.26707673
      ,      ,0.475606,1.73338188
      ,      ,0.485619,4.73406979
      ,      ,0.495631,8.73498700
      ,      ,0.505644,6.73452840
      ,      ,0.515657,4.73406979
      ,      ,0.525670,5.73429909
      ,      ,0.535682,9.73521631
      ,      ,0.545695,5.73429909
      ,      ,0.555708,10.73544561
      ,      ,0.565721,8.73498700
      ,      ,0.575734,20.73773865
      ,      ,0.585746,2.73361118
      ,      ,0.595759,-0.26707673
      ,      ,0.605772,1.73338188
      ,      ,0.615785,-0.26707673
      ,      ,0.625797,-0.26707673
      ,      ,0.635810,0.73315258
      ,      ,0.645823,-0.26707673
      ,      ,0.655836,-0.26707673
      ,      ,0.665848,0.73315258
      ,      ,0.675861,1.73338188
      ,      ,0.685874,2.73361118
      ,      ,0.695887,3.73384049
      ,      ,0.705899,8.73498700
      ,      ,0.715912,9.73521631
      ,      ,0.725925,9.73521631
      ,      ,0.735938,6.73452840
      ,      ,0.745950,9.73521631
      ,      ,0.755963,11.73567491
      ,      ,0.765976,5.73429909
      ,      ,0.775989,9.73521631
      ,      ,0.786001,6.73452840
      ,      ,0.796014,7.73475770
      ,      ,0.806027,5.73429909
      ,      ,0.816040,1.73338188
      ,      ,0.826052,-2.26753533
      ,      ,0.836065,3.73384049
      ,      ,0.846078,3.73384049
      ,      ,0.856091,1.73338188
      ,      ,0.866103,1.73338188
      ,      ,0.876116,3.73384049
      ,      ,0.886129,0.73315258
      ,      ,0.896142,1.73338188
      ,      ,0.906154,1.73338188
      ,      ,0.916167,3.73384049
      ,      ,0.926180,4.73406979
      ,      ,0.936193,-0.26707673
      ,      ,0.946206,1.73338188
      ,      ,0.956218,-1.26730603
      ,      ,0.966231,2.73361118
      ,      ,0.976244,-0.26707673
      ,      ,0.986257,0.73315258
      ,      ,0.996269,1.73338188
      ,      ,1.006282,-2.26753533
      ,      ,1.016295,1.73338188
      ,      ,1.026308,0.73315258
      ,      ,1.036320,-0.26707673
      ,      ,1.046333,-2.26753533
      ,      ,1.056346,-3.26776464
      ,      ,1.066359,-0.26707673
      ,      ,1.076371,1.73338188
      ,      ,1.086384,-1.26730603
      ,      ,1.096397,-2.26753533
      ,      ,1.106410,-1.26730603
      ,      ,1.116422,-4.26799394
      ,      ,1.126435,-2.26753533
      ,      ,1.136448,-2.26753533
      ,      ,1.146461,-0.26707673
      ,      ,1.156473,-2.26753533
      ,      ,1.166486,-1.26730603
      ,      ,1.176499,-1.26730603
      ,      ,1.186512,0.73315258
      ,      ,1.196524,-0.26707673
      ,      ,1.206537,-1.26730603
      ,      ,1.216550,-1.26730603
      ,      ,1.226563,-3.26776464
      ,      ,1.236575,-1.26730603
      ,      ,1.246588,-1.26730603
      ,      ,1.256601,-0.26707673
      ,      ,1.266614,-0.26707673
      ,      ,1.276626,-0.26707673
      ,      ,1.286639,-2.26753533
      ,      ,1.296652,-0.26707673
      ,      ,1.306665,-0.26707673
      ,      ,1.316678,-1.26730603
      ,      ,1.326690,-0.26707673
      ,      ,1.336703,-0.26707673
      ,      ,1.346716,-2.26753533
      ,      ,1.356729,1.73338188
      ,      ,1.366741,1.73338188
      ,      ,1.376754,-0.26707673
      ,      ,1.386767,-1.26730603
      ,      ,1.396780,-0.26707673
      ,      ,1.406792,-0.26707673
      ,      ,1.416805,-0.26707673
      ,      ,1.426818,-2.26753533
      ,      ,1.436831,-2.26753533
      ,      ,1.446843,-2.26753533
      ,      ,1.456856,0.73315258
      ,      ,1.466869,-0.26707673
      ,      ,1.476882,-5.26822324
      ,      ,1.486894,-0.26707673
      ,      ,1.496907,-2.26753533
      ,      ,1.506920,-1.26730603
      ,      ,1.516933,-2.26753533
      ,      ,1.526945,-3.26776464
      ,      ,1.536958,-1.26730603
      ,      ,1.546971,-0.26707673
      ,      ,1.556984,-0.26707673
      ,      ,1.566996,-3.26776464
      ,      ,1.577009,1.73338188
      ,      ,1.587022,0.73315258
      ,      ,1.597035,-2.26753533
      ,      ,1.607047,-1.26730603
      ,      ,1.617060,-2.26753533
      ,      ,1.627073,-2.26753533
      ,      ,1.637086,-0.26707673
      ,      ,1.647099,-0.26707673
      ,      ,1.657111,1.73338188
      ,      ,1.667124,1.73338188
      ,      ,1.677137,-2.26753533
      ,      ,1.687150,-0.26707673
      ,      ,1.697162,-2.26753533
      ,      ,1.707175,-0.26707673
      ,      ,1.717188,0.73315258
      ,      ,1.727201,-1.26730603
      ,      ,1.737213,2.73361118
      ,      ,1.747226,-2.26753533
      ,      ,1.757239,-0.26707673
      ,      ,1.767252,0.73315258
      ,      ,1.777264,-0.26707673
      ,      ,1.787277,0.73315258
      ,      ,1.797290,-1.26730603
      ,      ,1.807303,-0.26707673
      ,      ,1.817315,-1.26730603
      ,      ,1.827328,-1.26730603
      ,      ,1.837341,-4.26799394
      ,      ,1.847354,-1.26730603
      ,      ,1.857366,-2.26753533
      ,      ,1.867379,-3.26776464
      ,      ,1.877392,-2.26753533
      ,      ,1.887405,0.73315258
      ,      ,1.897417,-2.26753533
      ,      ,1.907430,-3.26776464
      ,      ,1.917443,-2.26753533
      ,      ,1.927456,-1.26730603
      ,      ,1.937468,-1.26730603
      ,      ,1.947481,-2.26753533
      ,      ,1.957494,2.73361118
      ,      ,1.967507,-0.26707673
      ,      ,1.977519,-1.26730603
      ,      ,1.987532,-3.26776464
      ,      ,1.997545,-2.26753533
      ,      ,2.007558,-0.26707673
      ,      ,2.017571,0.73315258
      ,      ,2.027583,-0.26707673
      ,      ,2.037596,0.73315258
      ,      ,2.047609,-0.26707673
      ,      ,2.057622,-0.26707673
      ,      ,2.067634,-2.26753533
      ,      ,2.077647,-1.26730603
      ,      ,2.087660,-1.26730603
      ,      ,2.097673,-0.26707673
      ,      ,2.107685,0.73315258
      ,      ,2.117698,-0.26707673
      ,      ,2.127711,0.73315258
      ,      ,2.137724,-2.26753533
      ,      ,2.147736,-0.26707673
      ,      ,2.157749,-1.26730603
      ,      ,2.167762,-0.26707673
      ,      ,2.177775,0.73315258
      ,      ,2.187787,-3.26776464
      ,      ,2.197800,0.73315258
      ,      ,2.207813,2.73361118
      ,      ,2.217826,-1.26730603
      ,      ,2.227838,-2.26753533
      ,      ,2.237851,-0.26707673
      ,      ,2.247864,-2.26753533
      ,      ,2.257877,-1.26730603
      ,      ,2.267889,-5.26822324
      ,      ,2.277902,-2.26753533
      ,      ,2.287915,-0.26707673
      ,      ,2.297928,-3.26776464
      ,      ,2.307940,1.73338188
      ,      ,2.317953,1.73338188
      ,      ,2.327966,-1.26730603
      ,      ,2.337979,-0.26707673
      ,      ,2.347991,-1.26730603
      ,      ,2.358004,-3.26776464
      ,      ,2.368017,-0.26707673
      ,      ,2.378030,-0.26707673
      ,      ,2.388043,0.73315258
      ,      ,2.398055,0.73315258
      ,      ,2.408068,0.73315258
      ,      ,2.418081,-2.26753533
      ,      ,2.428094,-3.26776464
      ,      ,2.438106,-0.26707673
      ,      ,2.448119,-2.26753533
      ,      ,2.458132,0.73315258
      ,      ,2.468145,0.73315258
      ,      ,2.478157,-4.26799394
      ,      ,2.488170,-5.26822324
      ,      ,2.498183,-1.26730603
      ,      ,2.508196,-1.26730603
      ,      ,2.518208,-3.26776464
      ,      ,2.528221,1.73338188
      ,      ,2.538234,0.73315258
      ,      ,2.548247,0.73315258
      ,      ,2.558259,0.73315258
      ,      ,2.568272,-1.26730603
      ,      ,2.578285,-0.26707673
      ,      ,2.588298,-0.26707673
      ,      ,2.598310,-4.26799394
      ,      ,2.608323,-1.26730603
      ,      ,2.618336,-0.26707673
      ,      ,2.628349,1.73338188
      ,      ,2.638361,-1.26730603
      ,      ,2.648374,-2.26753533
      ,      ,2.658387,-0.26707673
      ,      ,2.668400,-1.26730603
      ,      ,2.678412,-2.26753533
      ,      ,2.688425,3.73384049
      ,      ,2.698438,-0.26707673
      ,      ,2.708451,0.73315258
      ,      ,2.718463,-1.26730603
      ,      ,2.728476,-1.26730603
      ,      ,2.738489,-2.26753533
      ,      ,2.748502,1.73338188
      ,      ,2.758515,-1.26730603
      ,      ,2.768527,-0.26707673
      ,      ,2.778540,-0.26707673
      ,      ,2.788553,-0.26707673
      ,      ,2.798566,1.73338188
      ,      ,2.808578,1.73338188
      ,      ,2.818591,-2.26753533
      ,      ,2.828604,-3.26776464
      ,      ,2.838617,2.73361118
      ,      ,2.848629,0.73315258
      ,      ,2.858642,-0.26707673
      ,      ,2.868655,0.73315258
      ,      ,2.878668,-1.26730603
      ,      ,2.888680,-2.26753533
      ,      ,2.898693,-2.26753533
      ,      ,2.908706,-5.26822324
      ,      ,2.918719,0.73315258
      ,      ,2.928731,-0.26707673
      ,      ,2.938744,-3.26776464
      ,      ,2.948757,-0.26707673
      ,      ,2.958770,-2.26753533
      ,      ,2.968782,-3.26776464
      ,      ,2.978795,-0.26707673
      ,      ,2.988808,-5.26822324
      ,      ,2.998821,-1.26730603
      ,      ,3.008833,0.73315258
      ,      ,3.018846,-5.26822324
      ,      ,3.028859,-3.26776464
      ,      ,3.038872,0.73315258
      ,      ,3.048884,-1.26730603
      ,      ,3.058897,-4.26799394
      ,      ,3.068910,-0.26707673
      ,      ,3.078923,-3.26776464
      ,      ,3.088935,-0.26707673
      ,      ,3.098948,-3.26776464
      ,      ,3.108961,-3.26776464
      ,      ,3.118974,0.73315258
      ,      ,3.128987,-2.26753533
      ,      ,3.138999,-2.26753533
      ,      ,3.149012,-1.26730603
      ,      ,3.159025,-5.26822324
      ,      ,3.169038,-1.26730603
      ,      ,3.179050,-0.26707673
      ,      ,3.189063,-1.26730603
      ,      ,3.199076,2.73361118
      ,      ,3.209089,-0.26707673
      ,      ,3.219101,-0.26707673
      ,      ,3.229114,-0.26707673
      ,      ,3.239127,1.73338188
      ,      ,3.249140,-2.26753533
      ,      ,3.259152,-3.26776464
      ,      ,3.269165,1.73338188
      ,      ,3.279178,0.73315258
      ,      ,3.289191,-1.26730603
      ,      ,3.299203,0.73315258
      ,      ,3.309216,-3.26776464
      ,      ,3.319229,-0.26707673
      ,      ,3.329242,1.73338188
      ,      ,3.339254,-8.26891116
      ,      ,3.349267,-5.26822324
      ,      ,3.359280,-1.26730603
      ,      ,3.369293,-3.26776464
      ,      ,3.379305,-0.26707673
      ,      ,3.389318,-2.26753533
      ,      ,3.399331,-3.26776464
      ,      ,3.409344,-1.26730603
      ,      ,3.419356,-1.26730603
      ,      ,3.429369,-2.26753533
      ,      ,3.439382,-0.26707673
      ,      ,3.449395,-1.26730603
      ,      ,3.459407,-0.26707673
      ,      ,3.469420,-3.26776464
      ,      ,3.479433,-0.26707673
      ,      ,3.489446,-0.26707673
      ,      ,3.499459,-2.26753533
      ,      ,3.509471,1.73338188
      ,      ,3.519484,-1.26730603
      ,      ,3.529497,-3.26776464
      ,      ,3.539510,-4.26799394
      ,      ,3.549522,-1.26730603
      ,      ,3.559535,0.73315258
      ,      ,3.569548,-2.26753533
      ,      ,3.579561,-0.26707673
      ,      ,3.589573,-1.26730603
      ,      ,3.599586,-0.26707673
      ,      ,3.609599,-2.26753533
      ,      ,3.619612,-2.26753533
      ,      ,3.629624,-0.26707673
      ,      ,3.639637,-2.26753533
      ,      ,3.649650,-1.26730603
      ,      ,3.659663,-1.26730603
      ,      ,3.669675,-2.26753533
      ,      ,3.679688,-1.26730603
      ,      ,3.689701,-2.26753533
      ,      ,3.699714,-2.26753533
      ,      ,3.709726,-1.26730603
      ,      ,3.719739,-1.26730603
      ,      ,3.729752,-4.26799394
      ,      ,3.739765,-2.26753533
      ,      ,3.749777,0.73315258
      ,      ,3.759790,-2.26753533
      ,      ,3.769803,-3.26776464
      ,      ,3.779816,-2.26753533
      ,      ,3.789828,-2.26753533
      ,      ,3.799841,-2.26753533
      ,      ,3.809854,-1.26730603
      ,      ,3.819867,-2.26753533
      ,      ,3.829879,-0.26707673
      ,      ,3.839892,-1.26730603
      ,      ,3.849905,-1.26730603
      ,      ,3.859918,-1.26730603
      ,      ,3.869931,1.73338188
      ,      ,3.879943,-0.26707673
      ,      ,3.889956,-0.26707673
      ,      ,3.899969,-1.26730603
      ,      ,3.909982,-1.26730603
      ,      ,3.919994,-1.26730603
      ,      ,3.930007,-1.26730603
      ,      ,3.940020,-0.26707673
      ,      ,3.950033,-1.26730603
      ,      ,3.960045,-0.26707673
      ,      ,3.970058,-0.26707673
      ,      ,3.980071,-1.26730603
      ,      ,3.990084,-1.26730603
      ,      ,4.000096,0.73315258
      ,      ,4.010109,-0.26707673
      ,      ,4.020122,1.73338188
      ,      ,4.030135,-1.26730603
      ,      ,4.040147,-1.26730603
      ,      ,4.050160,-1.26730603
      ,      ,4.060173,0.73315258
      ,      ,4.070186,1.73338188
      ,      ,4.080198,-2.26753533
      ,      ,4.090211,1.73338188
      ,      ,4.100224,-1.26730603
      ,      ,4.110237,-2.26753533
      ,      ,4.120249,-2.26753533
      ,      ,4.130262,-2.26753533
      ,      ,4.140275,-1.26730603
      ,      ,4.150288,-4.26799394
      ,      ,4.160300,-5.26822324
      ,      ,4.170313,-3.26776464
      ,      ,4.180326,-2.26753533
      ,      ,4.190339,-3.26776464
      ,      ,4.200352,-3.26776464
      ,      ,4.210364,-0.26707673
      ,      ,4.220377,-1.26730603
      ,      ,4.230390,-0.26707673
      ,      ,4.240403,0.73315258
      ,      ,4.250415,-1.26730603
      ,      ,4.260428,-0.26707673
      ,      ,4.270441,-0.26707673
      ,      ,4.280454,-0.26707673
      ,      ,4.290466,-1.26730603
      ,      ,4.300479,-3.26776464
      ,      ,4.310492,-0.26707673
      ,      ,4.320505,-0.26707673
      ,      ,4.330517,-1.26730603
      ,      ,4.340530,-2.26753533
      ,      ,4.350543,-0.26707673
      ,      ,4.360556,-2.26753533
      ,      ,4.370568,0.73315258
      ,      ,4.380581,-0.26707673
      ,      ,4.390594,-1.26730603
      ,      ,4.400607,1.73338188
      ,      ,4.410619,-2.26753533
      ,      ,4.420632,-0.26707673
      ,      ,4.430645,-1.26730603
      ,      ,4.440658,-2.26753533
      ,      ,4.450670,-2.26753533
      ,      ,4.460683,1.73338188
      ,      ,4.470696,-0.26707673
      ,      ,4.480709,1.73338188
      ,      ,4.490721,-1.26730603
      ,      ,4.500734,-2.26753533
      ,      ,4.510747,-1.26730603
      ,      ,4.520760,-2.26753533
      ,      ,4.530772,-3.26776464
      ,      ,4.540785,-1.26730603
      ,      ,4.550798,-1.26730603
      ,      ,4.560811,-2.26753533
      ,      ,4.570824,-3.26776464
      ,      ,4.580836,-2.26753533
      ,      ,4.590849,-0.26707673
      ,      ,4.600862,-3.26776464
      ,      ,4.610875,-1.26730603
      ,      ,4.620887,-0.26707673
      ,      ,4.630900,-0.26707673
      ,      ,4.640913,-0.26707673
      ,      ,4.650926,0.73315258
      ,      ,4.660938,-2.26753533
      ,      ,4.670951,-0.26707673
      ,      ,4.680964,-1.26730603
      ,      ,4.690977,0.73315258
      ,      ,4.700989,-1.26730603
      ,      ,4.711002,-1.26730603
      ,      ,4.721015,-1.26730603
      ,      ,4.731028,-0.26707673
      ,      ,4.741040,-0.26707673
      ,      ,4.751053,-2.26753533
      ,      ,4.761066,0.73315258
      ,      ,4.771079,-2.26753533
      ,      ,4.781091,-1.26730603
      ,      ,4.791104,-0.26707673
      ,      ,4.801117,0.73315258
      ,      ,4.811130,0.73315258
      ,      ,4.821142,-2.26753533
      ,      ,4.831155,-0.26707673
      ,      ,4.841168,-0.26707673
      ,      ,4.851181,-0.26707673
      ,      ,4.861193,-0.26707673
      ,      ,4.871206,-3.26776464
      ,      ,4.881219,-0.26707673
      ,      ,4.891232,1.73338188
      ,      ,4.901244,0.73315258
      ,      ,4.911257,-0.26707673
      ,      ,4.921270,-1.26730603
      ,      ,4.931283,-2.26753533
      ,      ,4.941296,-3.26776464
      ,      ,4.951308,-1.26730603
      ,      ,4.961321,-4.26799394
      ,      ,4.971334,-0.26707673
      ,      ,4.981347,-0.26707673
      ,      ,4.991359,-3.26776464
      ,      ,5.001372,-2.26753533
      ,      ,5.011385,-3.26776464
      ,      ,5.021398,-1.26730603
      ,      ,5.031410,0.73315258
      ,      ,5.041423,-2.26753533
      ,      ,5.051436,-1.26730603
      ,      ,5.061449,-0.26707673
      ,      ,5.071461,-1.26730603
      ,      ,5.081474,-0.26707673
      ,      ,5.091487,-0.26707673
      ,      ,5.101500,-2.26753533
      ,      ,5.111512,-0.26707673
      ,      ,5.121525,1.73338188
      ,      ,5.131538,-1.26730603
      ,      ,5.141551,-2.26753533
      ,      ,5.151563,-1.26730603
      ,      ,5.161576,-1.26730603
      ,      ,5.171589,-4.26799394
      ,      ,5.181602,-3.26776464
      ,      ,5.191614,1.73338188
      ,      ,5.201627,-0.26707673
      ,      ,5.211640,-0.26707673
      ,      ,5.221653,-0.26707673
      ,      ,5.231665,-0.26707673
      ,      ,5.241678,-0.26707673
      ,      ,5.251691,-3.26776464
      ,      ,5.261704,-0.26707673
      ,      ,5.271716,-1.26730603
      ,      ,5.281729,1.73338188
      ,      ,5.291742,-0.26707673
      ,      ,5.301755,-2.26753533
      ,      ,5.311768,-0.26707673
      ,      ,5.321780,-1.26730603
      ,      ,5.331793,-2.26753533
      ,      ,5.341806,-1.26730603
      ,      ,5.351819,-3.26776464
      ,      ,5.361831,-4.26799394
      ,      ,5.371844,-2.26753533
      ,      ,5.381857,-2.26753533
      ,      ,5.391870,0.73315258
      ,      ,5.401882,-1.26730603
      ,      ,5.411895,-2.26753533
      ,      ,5.421908,-1.26730603
      ,      ,5.431921,-0.26707673
      ,      ,5.441933,-0.26707673
      ,      ,5.451946,-2.26753533
      ,      ,5.461959,-0.26707673
      ,      ,5.471972,0.73315258
      ,      ,5.481984,-2.26753533
      ,      ,5.491997,-2.26753533
      ,      ,5.502010,-0.26707673
      ,      ,5.512023,0.73315258
      ,      ,5.522035,0.73315258
      ,      ,5.532048,-3.26776464
      ,      ,5.542061,-1.26730603
      ,      ,5.552074,-1.26730603
      ,      ,5.562086,-0.26707673
      ,      ,5.572099,-1.26730603
      ,      ,5.582112,1.73338188
      ,      ,5.592125,-1.26730603
      ,      ,5.602137,-0.26707673
      ,      ,5.612150,-2.26753533
      ,      ,5.622163,-1.26730603
      ,      ,5.632176,-1.26730603
      ,      ,5.642188,-3.26776464
      ,      ,5.652201,0.73315258
      ,      ,5.662214,-1.26730603
      ,      ,5.672227,-1.26730603
      ,      ,5.682240,-1.26730603
      ,      ,5.692252,-0.26707673
      ,      ,5.702265,-2.26753533
      ,      ,5.712278,-0.26707673
      ,      ,5.722291,-3.26776464
      ,      ,5.732303,-2.26753533
      ,      ,5.742316,-3.26776464
      ,      ,5.752329,-0.26707673
      ,      ,5.762342,-3.26776464
      ,      ,5.772354,-2.26753533
      ,      ,5.782367,-2.26753533
      ,      ,5.792380,-2.26753533
      ,      ,5.802393,-1.26730603
      ,      ,5.812405,0.73315258
      ,      ,5.822418,1.73338188
      ,      ,5.832431,-0.26707673
      ,      ,5.842444,-1.26730603
      ,      ,5.852456,1.73338188
      ,      ,5.862469,-1.26730603
      ,      ,5.872482,-1.26730603
      ,      ,5.882495,-3.26776464
      ,      ,5.892507,0.73315258
      ,      ,5.902520,-1.26730603
      ,      ,5.912533,-4.26799394
      ,      ,5.922546,-2.26753533
      ,      ,5.932558,-1.26730603
      ,      ,5.942571,-1.26730603
      ,      ,5.952584,0.73315258
      ,      ,5.962597,0.73315258
      ,      ,5.972609,-1.26730603
      ,      ,5.982622,-1.26730603
      ,      ,5.992635,0.73315258
      ,      ,6.002648,-0.26707673
      ,      ,6.012660,1.73338188
      ,      ,6.022673,-1.26730603
      ,      ,6.032686,-1.26730603
      ,      ,6.042699,-2.26753533
      ,      ,6.052712,-1.26730603
      ,      ,6.062724,0.73315258
      ,      ,6.072737,-1.26730603
      ,      ,6.082750,-0.26707673
      ,      ,6.092763,-0.26707673
      ,      ,6.102775,-2.26753533
      ,      ,6.112788,-5.26822324
      ,      ,6.122801,-0.26707673
      ,      ,6.132814,-5.26822324
      ,      ,6.142826,-0.26707673
      ,      ,6.152839,-1.26730603
      ,      ,6.162852,-2.26753533
      ,      ,6.172865,-1.26730603
      ,      ,6.182877,-1.26730603
      ,      ,6.192890,-2.26753533
      ,      ,6.202903,-3.26776464
      ,      ,6.212916,-3.26776464
      ,      ,6.222928,-1.26730603
      ,      ,6.232941,-1.26730603
      ,      ,6.242954,-2.26753533
      ,      ,6.252967,-2.26753533
      ,      ,6.262979,0.73315258
      ,      ,6.272992,0.73315258
      ,      ,6.283005,-2.26753533
      ,      ,6.293018,-1.26730603
      ,      ,6.303030,-3.26776464
      ,      ,6.313043,-1.26730603
      ,      ,6.323056,-3.26776464
      ,      ,6.333069,0.73315258
      ,      ,6.343081,0.73315258
      ,      ,6.353094,3.73384049
      ,      ,6.363107,-1.26730603
      ,      ,6.373120,0.73315258
      ,      ,6.383132,-0.26707673
      ,      ,6.393145,-3.26776464
      ,      ,6.403158,-0.26707673
      ,      ,6.413171,-2.26753533
      ,      ,6.423184,-0.26707673
      ,      ,6.433196,-0.26707673
      ,      ,6.443209,0.73315258
      ,      ,6.453222,-0.26707673
      ,      ,6.463235,-1.26730603
      ,      ,6.473247,-0.26707673
      ,      ,6.483260,-3.26776464
      ,      ,6.493273,-1.26730603
      ,      ,6.503286,-1.26730603
      ,      ,6.513298,-2.26753533
      ,      ,6.523311,-1.26730603
      ,      ,6.533324,-2.26753533
      ,      ,6.543337,-1.26730603
      ,      ,6.553349,-1.26730603
      ,      ,6.563362,0.73315258
      ,      ,6.573375,-2.26753533
      ,      ,6.583388,-0.26707673
      ,      ,6.593400,-0.26707673
      ,      ,6.603413,-1.26730603
      ,      ,6.613426,-1.26730603
      ,      ,6.623439,-0.26707673
      ,      ,6.633451,0.73315258
      ,      ,6.643464,-1.26730603
      ,      ,6.653477,-0.26707673
      ,      ,6.663490,-0.26707673
      ,      ,6.673502,1.73338188
      ,      ,6.683515,2.73361118
      ,      ,6.693528,1.73338188
      ,      ,6.703541,-2.26753533
      ,      ,6.713553,3.73384049
      ,      ,6.723566,0.73315258
      ,      ,6.733579,0.73315258
      ,      ,6.743592,-0.26707673
      ,      ,6.753605,0.73315258
      ,      ,6.763617,0.73315258
      ,      ,6.773630,-0.26707673
      ,      ,6.783643,-0.26707673
      ,      ,6.793656,-0.26707673
      ,      ,6.803668,0.73315258
      ,      ,6.813681,-0.26707673
      ,      ,6.823694,1.73338188
      ,      ,6.833707,1.73338188
      ,      ,6.843719,-0.26707673
      ,      ,6.853732,-0.26707673
      ,      ,6.863745,2.73361118
      ,      ,6.873758,0.73315258
      ,      ,6.883770,0.73315258
      ,      ,6.893783,0.73315258
      ,      ,6.903796,0.73315258
      ,      ,6.913809,0.73315258
      ,      ,6.923821,0.73315258
      ,      ,6.933834,-0.26707673
      ,      ,6.943847,0.73315258
      ,      ,6.953860,0.73315258
      ,      ,6.963872,1.73338188
      ,      ,6.973885,1.73338188
      ,      ,6.983898,-1.26730603
      ,      ,6.993911,0.73315258
      ,      ,7.003923,-1.26730603
      ,      ,7.013936,0.73315258
      ,      ,7.023949,1.73338188
      ,      ,7.033962,0.73315258
      ,      ,7.043974,0.73315258
      ,      ,7.053987,0.73315258
      ,      ,7.064000,0.73315258
      ,      ,7.074013,-1.26730603
      ,      ,7.084025,1.73338188
      ,      ,7.094038,1.73338188
      ,      ,7.104051,-0.26707673
      ,      ,7.114064,-2.26753533
      ,      ,7.124077,0.73315258
      ,      ,7.134089,0.73315258
      ,      ,7.144102,-1.26730603
      ,      ,7.154115,-0.26707673
      ,      ,7.164128,-0.26707673
      ,      ,7.174140,-1.26730603
      ,      ,7.184153,-1.26730603
      ,      ,7.194166,0.73315258
      ,      ,7.204179,0.73315258
      ,      ,7.214191,0.73315258
      ,      ,7.224204,1.73338188
      ,      ,7.234217,0.73315258
      ,      ,7.244230,2.73361118
      ,      ,7.254242,0.73315258
      ,      ,7.264255,-0.26707673
      ,      ,7.274268,1.73338188
      ,      ,7.284281,1.73338188
      ,      ,7.294293,0.73315258
      ,      ,7.304306,0.73315258
      ,      ,7.314319,2.73361118
      ,      ,7.324332,0.73315258
      ,      ,7.334344,2.73361118
      ,      ,7.344357,0.73315258
      ,      ,7.354370,-0.26707673
      ,      ,7.364383,0.73315258
      ,      ,7.374395,1.73338188
      ,      ,7.384408,2.73361118
      ,      ,7.394421,2.73361118
      ,      ,7.404434,-0.26707673
      ,      ,7.414446,-0.26707673
      ,      ,7.424459,1.73338188
      ,      ,7.434472,1.73338188
      ,      ,7.444485,2.73361118
      ,      ,7.454497,1.73338188
      ,      ,7.464510,2.73361118
      ,      ,7.474523,2.73361118
      ,      ,7.484536,-1.26730603
      ,      ,7.494549,1.73338188
      ,      ,7.504561,1.73338188
      ,      ,7.514574,1.73338188
      ,      ,7.524587,1.73338188
      ,      ,7.534600,0.73315258
      ,      ,7.544612,1.73338188
      ,      ,7.554625,-2.26753533
      ,      ,7.564638,-0.26707673
      ,      ,7.574651,0.73315258
      ,      ,7.584663,-1.26730603
      ,      ,7.594676,0.73315258
      ,      ,7.604689,-1.26730603
      ,      ,7.614702,0.73315258
      ,      ,7.624714,0.73315258
      ,      ,7.634727,0.73315258
      ,      ,7.644740,-0.26707673
      ,      ,7.654753,1.73338188
      ,      ,7.664765,-0.26707673
      ,      ,7.674778,0.73315258
      ,      ,7.684791,0.73315258
      ,      ,7.694804,0.73315258
      ,      ,7.704816,0.73315258
      ,      ,7.714829,-1.26730603
      ,      ,7.724842,-0.26707673
      ,      ,7.734855,1.73338188
      ,      ,7.744867,0.73315258
      ,      ,7.754880,-1.26730603
      ,      ,7.764893,0.73315258
      ,      ,7.774906,-0.26707673
      ,      ,7.784918,0.73315258
      ,      ,7.794931,1.73338188
      ,      ,7.804944,-1.26730603
      ,      ,7.814957,0.73315258
      ,      ,7.824969,0.73315258
      ,      ,7.834982,0.73315258
      ,      ,7.844995,1.73338188
      ,      ,7.855008,-0.26707673
      ,      ,7.865021,-0.26707673
      ,      ,7.875033,-1.26730603
      ,      ,7.885046,-2.26753533
      ,      ,7.895059,0.73315258
      ,      ,7.905072,-0.26707673
      ,      ,7.915084,-2.26753533
      ,      ,7.925097,-1.26730603
      ,      ,7.935110,0.73315258
      ,      ,7.945123,-1.26730603
      ,      ,7.955135,-0.26707673
      ,      ,7.965148,1.73338188
      ,      ,7.975161,0.73315258
      ,      ,7.985174,0.73315258
      ,      ,7.995186,-1.26730603
      ,      ,8.005199,-0.26707673
      ,      ,8.015212,-0.26707673
      ,      ,8.025225,0.73315258
      ,      ,8.035237,1.73338188
      ,      ,8.045250,-0.26707673
      ,      ,8.055263,2.73361118
      ,      ,8.065276,2.73361118
      ,      ,8.075288,0.73315258
      ,      ,8.085301,0.73315258
      ,      ,8.095314,3.73384049
      ,      ,8.105327,2.73361118
      ,      ,8.115339,0.73315258
      ,      ,8.125352,0.73315258
      ,      ,8.135365,-0.26707673
      ,      ,8.145378,0.73315258
      ,      ,8.155390,-0.26707673
      ,      ,8.165403,-0.26707673
      ,      ,8.175416,0.73315258
      ,      ,8.185429,-1.26730603
      ,      ,8.195441,0.73315258
      ,      ,8.205454,1.73338188
      ,      ,8.215467,2.73361118
      ,      ,8.225480,2.73361118
      ,      ,8.235493,-0.26707673
      ,      ,8.245505,0.73315258
      ,      ,8.255518,-0.26707673
      ,      ,8.265531,0.73315258
      ,      ,8.275544,0.73315258
      ,      ,8.285556,0.73315258
      ,      ,8.295569,0.73315258
      ,      ,8.305582,2.73361118
      ,      ,8.315595,-0.26707673
      ,      ,8.325607,-0.26707673
      ,      ,8.335620,-0.26707673
      ,      ,8.345633,0.73315258
      ,      ,8.355646,-1.26730603
      ,      ,8.365658,0.73315258
      ,      ,8.375671,1.73338188
      ,      ,8.385684,1.73338188
      ,      ,8.395697,-0.26707673
      ,      ,8.405709,0.73315258
      ,      ,8.415722,1.73338188
      ,      ,8.425735,-1.26730603
      ,      ,8.435748,2.73361118
      ,      ,8.445760,0.73315258
      ,      ,8.455773,-0.26707673
      ,      ,8.465786,-1.26730603
      ,      ,8.475799,-0.26707673
      ,      ,8.485811,-0.26707673
      ,      ,8.495824,-1.26730603
      ,      ,8.505837,-0.26707673
      ,      ,8.515850,-0.26707673
      ,      ,8.525862,-0.26707673
      ,      ,8.535875,-0.26707673
      ,      ,8.545888,-0.26707673
      ,      ,8.555901,-1.26730603
      ,      ,8.565913,-1.26730603
      ,      ,8.575926,-0.26707673
      ,      ,8.585939,-0.26707673
      ,      ,8.595952,-1.26730603
      ,      ,8.605965,-0.26707673
      ,      ,8.615977,-0.26707673
      ,      ,8.625990,-0.26707673
      ,      ,8.636003,0.73315258
      ,      ,8.646016,-1.26730603
      ,      ,8.656028,-0.26707673
      ,      ,8.666041,-0.26707673
      ,      ,8.676054,-2.26753533
      ,      ,8.686067,0.73315258
      ,      ,8.696079,-1.26730603
      ,      ,8.706092,-0.26707673
      ,      ,8.716105,-0.26707673
      ,      ,8.726118,-2.26753533
      ,      ,8.736130,1.73338188
      ,      ,8.746143,-1.26730603
      ,      ,8.756156,-0.26707673
      ,      ,8.766169,-1.26730603
      ,      ,8.776181,-1.26730603
      ,      ,8.786194,-2.26753533
      ,      ,8.796207,0.73315258
      ,      ,8.806220,-1.26730603
      ,      ,8.816232,0.73315258
      ,      ,8.826245,-2.26753533
      ,      ,8.836258,0.73315258
      ,      ,8.846271,-2.26753533
      ,      ,8.856283,-2.26753533
      ,      ,8.866296,-0.26707673
      ,      ,8.876309,-1.26730603
      ,      ,8.886322,-2.26753533
      ,      ,8.896334,-0.26707673
      ,      ,8.906347,-1.26730603
      ,      ,8.916360,0.73315258
      ,      ,8.926373,0.73315258
      ,      ,8.936385,-0.26707673
      ,      ,8.946398,-0.26707673
      ,      ,8.956411,0.73315258
      ,      ,8.966424,0.73315258
      ,      ,8.976437,1.73338188
      ,      ,8.986449,2.73361118
      ,      ,8.996462,0.73315258
      ,      ,9.006475,1.73338188
      ,      ,9.016488,-0.26707673
      ,      ,9.026500,0.73315258
      ,      ,9.036513,1.73338188
      ,      ,9.046526,0.73315258
      ,      ,9.056539,1.73338188
      ,      ,9.066551,-0.26707673
      ,      ,9.076564,0.73315258
      ,      ,9.086577,2.73361118
      ,      ,9.096590,-2.26753533
      ,      ,9.106602,-1.26730603
      ,      ,9.116615,-0.26707673
      ,      ,9.126628,3.73384049
      ,      ,9.136641,0.73315258
      ,      ,9.146653,0.73315258
      ,      ,9.156666,0.73315258
      ,      ,9.166679,-0.26707673
      ,      ,9.176692,1.73338188
      ,      ,9.186704,-0.26707673
      ,      ,9.196717,1.73338188
      ,      ,9.206730,0.73315258
      ,      ,9.216743,0.73315258
      ,      ,9.226755,0.73315258
      ,      ,9.236768,2.73361118
      ,      ,9.246781,0.73315258
      ,      ,9.256794,-0.26707673
      ,      ,9.266806,1.73338188
      ,      ,9.276819,-0.26707673
      ,      ,9.286832,1.73338188
      ,      ,9.296845,-0.26707673
      ,      ,9.306857,-2.26753533
      ,      ,9.316870,-0.26707673
      ,      ,9.326883,0.73315258
      ,      ,9.336896,-1.26730603
      ,      ,9.346909,-0.26707673
      ,      ,9.356921,0.73315258
      ,      ,9.366934,1.73338188
      ,      ,9.376947,0.73315258
      ,      ,9.386960,1.73338188
      ,      ,9.396972,2.73361118
      ,      ,9.406985,1.73338188
      ,      ,9.416998,0.73315258
      ,      ,9.427011,-0.26707673
      ,      ,9.437023,1.73338188
      ,      ,9.447036,-2.26753533
      ,      ,9.457049,-0.26707673
      ,      ,9.467062,-2.26753533
      ,      ,9.477074,-1.26730603
      ,      ,9.487087,-0.26707673
      ,      ,9.497100,-3.26776464
      ,      ,9.507113,-3.26776464
      ,      ,9.517125,-3.26776464
      ,      ,9.527138,-3.26776464
      ,      ,9.537151,-1.26730603
      ,      ,9.547164,-2.26753533
      ,      ,9.557176,-2.26753533
      ,      ,9.567189,-1.26730603
      ,      ,9.577202,-0.26707673
      ,      ,9.587215,0.73315258
      ,      ,9.597227,3.73384049
      ,      ,9.607240,1.73338188
      ,      ,9.617253,1.73338188
      ,      ,9.627266,2.73361118
      ,      ,9.637278,0.73315258
      ,      ,9.647291,4.73406979
      ,      ,9.657304,2.73361118
      ,      ,9.667317,5.73429909
      ,      ,9.677330,5.73429909
      ,      ,9.687342,5.73429909
      ,      ,9.697355,6.73452840
      ,      ,9.707368,6.73452840
      ,      ,9.717381,4.73406979
      ,      ,9.727393,3.73384049
      ,      ,9.737406,4.73406979
      ,      ,9.747419,3.73384049
      ,      ,9.757432,3.73384049
      ,      ,9.767444,0.73315258
      ,      ,9.777457,0.73315258
      ,      ,9.787470,-0.26707673
      ,      ,9.797483,0.73315258
      ,      ,9.807495,-2.26753533
      ,      ,9.817508,-0.26707673
      ,      ,9.827521,-1.26730603
      ,      ,9.837534,-0.26707673
      ,      ,9.847546,-2.26753533
      ,      ,9.857559,-2.26753533
      ,      ,9.867572,0.73315258
      ,      ,9.877585,0.73315258
      ,      ,9.887597,0.73315258
      ,      ,9.897610,-0.26707673
      ,      ,9.907623,0.73315258
      ,      ,9.917636,-1.26730603
      ,      ,9.927648,1.73338188
      ,      ,9.937661,1.73338188
      ,      ,9.947674,-1.26730603
      ,      ,9.957687,-0.26707673
      ,      ,9.967699,1.73338188
      ,      ,9.977712,1.73338188
      ,      ,9.987725,-0.26707673
      ,      ,9.997738,3.73384049
      ,      ,10.007750,2.73361118
      ,      ,10.017763,2.73361118
      ,      ,10.027776,3.73384049
      ,      ,10.037789,0.73315258
      ,      ,10.047802,4.73406979
      ,      ,10.057814,3.73384049
      ,      ,10.067827,3.73384049
      ,      ,10.077840,0.73315258
      ,      ,10.087853,1.73338188
      ,      ,10.097865,-1.26730603
      ,      ,10.107878,-1.26730603
      ,      ,10.117891,1.73338188
      ,      ,10.127904,33.74071959
      ,      ,10.137916,34.74094889
      ,      ,10.147929,35.74117820
      ,      ,10.157942,34.74094889
      ,      ,10.167955,35.74117820
      ,      ,10.177967,33.74071959
      ,      ,10.187980,28.73957307
      ,      ,10.197993,30.74003168
      ,      ,10.208006,26.73911447
      ,      ,10.218018,26.73911447
      ,      ,10.228031,23.73842656
      ,      ,10.238044,20.73773865
      ,      ,10.248057,21.73796795
      ,      ,10.258069,16.73682143
      ,      ,10.268082,17.73705073
      ,      ,10.278095,16.73682143
      ,      ,10.288108,17.73705073
      ,      ,10.298120,12.73590422
      ,      ,10.308133,11.73567491
      ,      ,10.318146,11.73567491
      ,      ,10.328159,11.73567491
      ,      ,10.338171,10.73544561
      ,      ,10.348184,9.73521631
      ,      ,10.358197,9.73521631
      ,      ,10.368210,8.73498700
      ,      ,10.378222,9.73521631
      ,      ,10.388235,7.73475770
      ,      ,10.398248,2.73361118
      ,      ,10.408261,2.73361118
      ,      ,10.418274,0.73315258
      ,      ,10.428286,1.73338188
      ,      ,10.438299,-0.26707673
      ,      ,10.448312,-0.26707673
      ,      ,10.458325,0.73315258
      ,      ,10.468337,-2.26753533
      ,      ,10.478350,-1.26730603
      ,      ,10.488363,-3.26776464
      ,      ,10.498376,-2.26753533
      ,      ,10.508388,-5.26822324
      ,      ,10.518401,-4.26799394
      ,      ,10.528414,-2.26753533
      ,      ,10.538427,-2.26753533
      ,      ,10.548439,-2.26753533
      ,      ,10.558452,-2.26753533
      ,      ,10.568465,-1.26730603
      ,      ,10.578478,-1.26730603
      ,      ,10.588490,-2.26753533
      ,      ,10.598503,-5.26822324
      ,      ,10.608516,-3.26776464
      ,      ,10.618529,-2.26753533
      ,      ,10.628541,-2.26753533
      ,      ,10.638554,-2.26753533
      ,      ,10.648567,-1.26730603
      ,      ,10.658580,-0.26707673
      ,      ,10.668592,0.73315258
      ,      ,10.678605,-0.26707673
      ,      ,10.688618,3.73384049
      ,      ,10.698631,4.73406979
      ,      ,10.708643,6.73452840
      ,      ,10.718656,8.73498700
      ,      ,10.728669,9.73521631
      ,      ,10.738682,7.73475770
      ,      ,10.748694,11.73567491
      ,      ,10.758707,10.73544561
      ,      ,10.768720,7.73475770
      ,      ,10.778733,7.73475770
      ,      ,10.788746,8.73498700
      ,      ,10.798758,9.73521631
      ,      ,10.808771,8.73498700
      ,      ,10.818784,5.73429909
      ,      ,10.828797,5.73429909
      ,      ,10.838809,4.73406979
      ,      ,10.848822,5.73429909
      ,      ,10.858835,3.73384049
      ,      ,10.868848,1.73338188
      ,      ,10.878860,4.73406979
      ,      ,10.888873,2.73361118
      ,      ,10.898886,2.73361118
      ,      ,10.908899,-0.26707673
      ,      ,10.918911,2.73361118
      ,      ,10.928924,1.73338188
      ,      ,10.938937,-0.26707673
      ,      ,10.948950,-0.26707673
      ,      ,10.958962,-1.26730603
      ,      ,10.968975,-0.26707673
      ,      ,10.978988,-1.26730603
      ,      ,10.989001,-3.26776464
      ,      ,10.999013,-1.26730603
      ,      ,11.009026,-0.26707673
      ,      ,11.019039,-0.26707673
      ,      ,11.029052,0.73315258
      ,      ,11.039064,-0.26707673
      ,      ,11.049077,-0.26707673
      ,      ,11.059090,1.73338188
      ,      ,11.069103,-1.26730603
      ,      ,11.079115,0.73315258
      ,      ,11.089128,0.73315258
      ,      ,11.099141,-0.26707673
      ,      ,11.109154,-0.26707673
      ,      ,11.119166,-0.26707673
      ,      ,11.129179,-0.26707673
      ,      ,11.139192,-0.26707673
      ,      ,11.149205,0.73315258
      ,      ,11.159218,0.73315258
      ,      ,11.169230,2.73361118
      ,      ,11.179243,1.73338188
      ,      ,11.189256,3.73384049
      ,      ,11.199269,-0.26707673
      ,      ,11.209281,-1.26730603
      ,      ,11.219294,2.73361118
      ,      ,11.229307,1.73338188
      ,      ,11.239320,1.73338188
      ,      ,11.249332,0.73315258
      ,      ,11.259345,3.73384049
      ,      ,11.269358,7.73475770
      ,      ,11.279371,7.73475770
      ,      ,11.289383,11.73567491
      ,      ,11.299396,13.73613352
      ,      ,11.309409,14.73636282
      ,      ,11.319422,16.73682143
      ,      ,11.329434,19.73750934
      ,      ,11.339447,17.73705073
      ,      ,11.349460,17.73705073
      ,      ,11.359473,16.73682143
      ,      ,11.369485,13.73613352
      ,      ,11.379498,12.73590422
      ,      ,11.389511,8.73498700
      ,      ,11.399524,7.73475770
      ,      ,11.409536,7.73475770
      ,      ,11.419549,5.73429909
      ,      ,11.429562,7.73475770
      ,      ,11.439575,9.73521631
      ,      ,11.449587,10.73544561
      ,      ,11.459600,8.73498700
      ,      ,11.469613,6.73452840
      ,      ,11.479626,6.73452840
      ,      ,11.489638,8.73498700
      ,      ,11.499651,8.73498700
      ,      ,11.509664,9.73521631
      ,      ,11.519677,6.73452840
      ,      ,11.529690,7.73475770
      ,      ,11.539702,8.73498700
      ,      ,11.549715,7.73475770
      ,      ,11.559728,8.73498700
      ,      ,11.569741,7.73475770
      ,      ,11.579753,6.73452840
      ,      ,11.589766,9.73521631
      ,      ,11.599779,8.73498700
      ,      ,11.609792,8.73498700
      ,      ,11.619804,7.73475770
      ,      ,11.629817,8.73498700
      ,      ,11.639830,8.73498700
      ,      ,11.649843,7.73475770
      ,      ,11.659855,8.73498700
      ,      ,11.669868,5.73429909
      ,      ,11.679881,6.73452840
      ,      ,11.689894,8.73498700
      ,      ,11.699906,5.73429909
      ,      ,11.709919,7.73475770
      ,      ,11.719932,6.73452840
      ,      ,11.729945,6.73452840
      ,      ,11.739957,5.73429909
      ,      ,11.749970,4.73406979
      ,      ,11.759983,5.73429909
      ,      ,11.769996,3.73384049
      ,      ,11.780008,3.73384049
      ,      ,11.790021,3.73384049
      ,      ,11.800034,3.73384049
      ,      ,11.810047,3.73384049
      ,      ,11.820059,4.73406979
      ,      ,11.830072,6.73452840
      ,      ,11.840085,7.73475770
      ,      ,11.850098,9.73521631
      ,      ,11.860110,8.73498700
      ,      ,11.870123,8.73498700
      ,      ,11.880136,7.73475770
      ,      ,11.890149,9.73521631
      ,      ,11.900162,8.73498700
      ,      ,11.910174,10.73544561
      ,      ,11.920187,10.73544561
      ,      ,11.930200,8.73498700
      ,      ,11.940213,8.73498700
      ,      ,11.950225,10.73544561
      ,      ,11.960238,9.73521631
      ,      ,11.970251,10.73544561
      ,      ,11.980264,9.73521631
      ,      ,11.990276,10.73544561
      ,      ,12.000289,8.73498700
      ,      ,12.010302,8.73498700
      ,      ,12.020315,7.73475770
      ,      ,12.030327,4.73406979
      ,      ,12.040340,2.73361118
      ,      ,12.050353,5.73429909
      ,      ,12.060366,1.73338188
      ,      ,12.070378,3.73384049
      ,      ,12.080391,2.73361118
      ,      ,12.090404,1.73338188
      ,      ,12.100417,0.73315258
      ,      ,12.110429,-0.26707673
      ,      ,12.120442,-0.26707673
      ,      ,12.130455,1.73338188
      ,      ,12.140468,2.73361118
      ,      ,12.150480,0.73315258
      ,      ,12.160493,0.73315258
      ,      ,12.170506,2.73361118
      ,      ,12.180519,3.73384049
      ,      ,12.190531,5.73429909
      ,      ,12.200544,4.73406979
      ,      ,12.210557,6.73452840
      ,      ,12.220570,5.73429909
      ,      ,12.230583,4.73406979
      ,      ,12.240595,6.73452840
      ,      ,12.250608,5.73429909
      ,      ,12.260621,6.73452840
      ,      ,12.270634,7.73475770
      ,      ,12.280646,6.73452840
      ,      ,12.290659,7.73475770
      ,      ,12.300672,5.73429909
      ,      ,12.310685,3.73384049
      ,      ,12.320697,2.73361118
      ,      ,12.330710,-1.26730603
      ,      ,12.340723,1.73338188
      ,      ,12.350736,-0.26707673
      ,      ,12.360748,-0.26707673
      ,      ,12.370761,-2.26753533
      ,      ,12.380774,-1.26730603
      ,      ,12.390787,2.73361118
      ,      ,12.400799,2.73361118
      ,      ,12.410812,3.73384049
      ,      ,12.420825,5.73429909
      ,      ,12.430838,5.73429909
      ,      ,12.440850,7.73475770
      ,      ,12.450863,6.73452840
      ,      ,12.460876,7.73475770
      ,      ,12.470889,7.73475770
      ,      ,12.480901,4.73406979
      ,      ,12.490914,7.73475770
      ,      ,12.500927,7.73475770
      ,      ,12.510940,6.73452840
      ,      ,12.520952,7.73475770
      ,      ,12.530965,5.73429909
      ,      ,12.540978,6.73452840
      ,      ,12.550991,6.73452840
      ,      ,12.561003,6.73452840
      ,      ,12.571016,4.73406979
      ,      ,12.581029,4.73406979
      ,      ,12.591042,5.73429909
      ,      ,12.601055,6.73452840
      ,      ,12.611067,8.73498700
      ,      ,12.621080,7.73475770
      ,      ,12.631093,5.73429909
      ,      ,12.641106,6.73452840
      ,      ,12.651118,3.73384049
      ,      ,12.661131,6.73452840
      ,      ,12.671144,4.73406979
      ,      ,12.681157,4.73406979
      ,      ,12.691169,6.73452840
      ,      ,12.701182,4.73406979
      ,      ,12.711195,7.73475770
      ,      ,12.721208,6.73452840
      ,      ,12.731220,4.73406979
      ,      ,12.741233,3.73384049
      ,      ,12.751246,2.73361118
      ,      ,12.761259,3.73384049
      ,      ,12.771271,3.73384049
      ,      ,12.781284,5.73429909
      ,      ,12.791297,6.73452840
      ,      ,12.801310,5.73429909
      ,      ,12.811322,7.73475770
      ,      ,12.821335,6.73452840
      ,      ,12.831348,8.73498700
      ,      ,12.841361,8.73498700
      ,      ,12.851373,7.73475770
      ,      ,12.861386,5.73429909
      ,      ,12.871399,3.73384049
      ,      ,12.881412,3.73384049
      ,      ,12.891424,-0.26707673
      ,      ,12.901437,-1.26730603
      ,      ,12.911450,-1.26730603
      ,      ,12.921463,-1.26730603
      ,      ,12.931475,0.73315258
      ,      ,12.941488,2.73361118
      ,      ,12.951501,2.73361118
      ,      ,12.961514,5.73429909
      ,      ,12.971527,5.73429909
      ,      ,12.981539,6.73452840
      ,      ,12.991552,6.73452840
      ,      ,13.001565,8.73498700
      ,      ,13.011578,8.73498700
      ,      ,13.021590,7.73475770
      ,      ,13.031603,7.73475770
      ,      ,13.041616,6.73452840
      ,      ,13.051629,10.73544561
      ,      ,13.061641,9.73521631
      ,      ,13.071654,8.73498700
      ,      ,13.081667,7.73475770
      ,      ,13.091680,7.73475770
      ,      ,13.101692,7.73475770
      ,      ,13.111705,7.73475770
      ,      ,13.121718,7.73475770
      ,      ,13.131731,7.73475770
      ,      ,13.141743,8.73498700
      ,      ,13.151756,7.73475770
      ,      ,13.161769,6.73452840
      ,      ,13.171782,7.73475770
      ,      ,13.181794,5.73429909
      ,      ,13.191807,4.73406979
      ,      ,13.201820,4.73406979
      ,      ,13.211833,5.73429909
      ,      ,13.221845,8.73498700
      ,      ,13.231858,6.73452840
      ,      ,13.241871,7.73475770
      ,      ,13.251884,8.73498700
      ,      ,13.261896,9.73521631
      ,      ,13.271909,10.73544561
      ,      ,13.281922,7.73475770
      ,      ,13.291935,11.73567491
      ,      ,13.301947,10.73544561
      ,      ,13.311960,10.73544561
      ,      ,13.321973,8.73498700
      ,      ,13.331986,9.73521631
      ,      ,13.341999,9.73521631
      ,      ,13.352011,9.73521631
      ,      ,13.362024,9.73521631
      ,      ,13.372037,9.73521631
      ,      ,13.382050,8.73498700
      ,      ,13.392062,5.73429909
      ,      ,13.402075,7.73475770
      ,      ,13.412088,5.73429909
      ,      ,13.422101,4.73406979
      ,      ,13.432113,9.73521631
      ,      ,13.442126,6.73452840
      ,      ,13.452139,4.73406979
      ,      ,13.462152,3.73384049
      ,      ,13.472164,2.73361118
      ,      ,13.482177,1.73338188
      ,      ,13.492190,0.73315258
      ,      ,13.502203,-2.26753533
      ,      ,13.512215,-2.26753533
      ,      ,13.522228,-3.26776464
      ,      ,13.532241,-2.26753533
      ,      ,13.542254,-2.26753533
      ,      ,13.552266,-3.26776464
      ,      ,13.562279,-2.26753533
      ,      ,13.572292,-3.26776464
      ,      ,13.582305,-5.26822324
      ,      ,13.592317,-6.26845255
      ,      ,13.602330,-4.26799394
      ,      ,13.612343,-4.26799394
      ,      ,13.622356,-5.26822324
      ,      ,13.632368,-5.26822324
      ,      ,13.642381,-2.26753533
      ,      ,13.652394,-2.26753533
      ,      ,13.662407,-1.26730603
      ,      ,13.672419,-3.26776464
      ,      ,13.682432,-2.26753533
      ,      ,13.692445,-1.26730603
      ,      ,13.702458,-2.26753533
      ,      ,13.712471,-1.26730603
      ,      ,13.722483,-3.26776464
      ,      ,13.732496,-2.26753533
      ,      ,13.742509,-2.26753533
      ,      ,13.752522,-1.26730603
      ,      ,13.762534,-1.26730603
      ,      ,13.772547,-3.26776464
      ,      ,13.782560,-0.26707673
      ,      ,13.792573,-1.26730603
      ,      ,13.802585,-1.26730603
      ,      ,13.812598,0.73315258
      ,      ,13.822611,1.73338188
      ,      ,13.832624,0.73315258
      ,      ,13.842636,-0.26707673
      ,      ,13.852649,-0.26707673
      ,      ,13.862662,0.73315258
      ,      ,13.872675,1.73338188
      ,      ,13.882687,1.73338188
      ,      ,13.892700,3.73384049
      ,      ,13.902713,1.73338188
      ,      ,13.912726,3.73384049
      ,      ,13.922738,3.73384049
      ,      ,13.932751,3.73384049
      ,      ,13.942764,2.73361118
      ,      ,13.952777,2.73361118
      ,      ,13.962789,2.73361118
      ,      ,13.972802,3.73384049
      ,      ,13.982815,2.73361118
      ,      ,13.992828,3.73384049
      ,      ,14.002840,3.73384049
      ,      ,14.012853,4.73406979
      ,      ,14.022866,3.73384049
      ,      ,14.032879,2.73361118
      ,      ,14.042891,3.73384049
      ,      ,14.052904,7.73475770
      ,      ,14.062917,3.73384049
      ,      ,14.072930,3.73384049
      ,      ,14.082943,3.73384049
      ,      ,14.092955,3.73384049
      ,      ,14.102968,5.73429909
      ,      ,14.112981,4.73406979
      ,      ,14.122994,5.73429909
      ,      ,14.133006,6.73452840
      ,      ,14.143019,3.73384049
      ,      ,14.153032,4.73406979
      ,      ,14.163045,4.73406979
      ,      ,14.173057,1.73338188
      ,      ,14.183070,3.73384049
      ,      ,14.193083,0.73315258
      ,      ,14.203096,2.73361118
      ,      ,14.213108,2.73361118
      ,      ,14.223121,1.73338188
      ,      ,14.233134,1.73338188
      ,      ,14.243147,2.73361118
      ,      ,14.253159,2.73361118
      ,      ,14.263172,3.73384049
      ,      ,14.273185,4.73406979
      ,      ,14.283198,3.73384049
      ,      ,14.293210,4.73406979
      ,      ,14.303223,6.73452840
      ,      ,14.313236,5.73429909
      ,      ,14.323249,4.73406979
      ,      ,14.333261,4.73406979
      ,      ,14.343274,7.73475770
      ,      ,14.353287,6.73452840
      ,      ,14.363300,5.73429909
      ,      ,14.373312,3.73384049
      ,      ,14.383325,3.73384049
      ,      ,14.393338,3.73384049
      ,      ,14.403351,1.73338188
      ,      ,14.413363,-1.26730603
      ,      ,14.423376,-1.26730603
      ,      ,14.433389,-1.26730603
      ,      ,14.443402,-0.26707673
      ,      ,14.453415,-1.26730603
      ,      ,14.463427,-1.26730603
      ,      ,14.473440,-0.26707673
      ,      ,14.483453,0.73315258
      ,      ,14.493466,-0.26707673
      ,      ,14.503478,-2.26753533
      ,      ,14.513491,-0.26707673
      ,      ,14.523504,-0.26707673
      ,      ,14.533517,0.73315258
      ,      ,14.543529,-1.26730603
      ,      ,14.553542,0.73315258
      ,      ,14.563555,0.73315258
      ,      ,14.573568,0.73315258
      ,      ,14.583580,-0.26707673
      ,      ,14.593593,-1.26730603
      ,      ,14.603606,-2.26753533
      ,      ,14.613619,-0.26707673
      ,      ,14.623631,-2.26753533
      ,      ,14.633644,-2.26753533
      ,      ,14.643657,-2.26753533
      ,      ,14.653670,-5.26822324
      ,      ,14.663682,-2.26753533
      ,      ,14.673695,-0.26707673
      ,      ,14.683708,-3.26776464
      ,      ,14.693721,-1.26730603
      ,      ,14.703733,-0.26707673
      ,      ,14.713746,-0.26707673
      ,      ,14.723759,-0.26707673
      ,      ,14.733772,-0.26707673
      ,      ,14.743784,1.73338188
      ,      ,14.753797,0.73315258
      ,      ,14.763810,2.73361118
      ,      ,14.773823,1.73338188
      ,      ,14.783836,1.73338188
      ,      ,14.793848,3.73384049
      ,      ,14.803861,2.73361118
      ,      ,14.813874,-1.26730603
      ,      ,14.823887,3.73384049
      ,      ,14.833899,1.73338188
      ,      ,14.843912,2.73361118
      ,      ,14.853925,0.73315258
      ,      ,14.863938,-0.26707673
      ,      ,14.873950,0.73315258
      ,      ,14.883963,-0.26707673
      ,      ,14.893976,1.73338188
      ,      ,14.903989,-0.26707673
      ,      ,14.914001,0.73315258
      ,      ,14.924014,-1.26730603
      ,      ,14.934027,-2.26753533
      ,      ,14.944040,-0.26707673
      ,      ,14.954052,-2.26753533
      ,      ,14.964065,-0.26707673
      ,      ,14.974078,0.73315258
      ,      ,14.984091,-0.26707673
      ,      ,14.994103,-0.26707673
      ,      ,15.004116,1.73338188
      ,      ,15.014129,1.73338188
      ,      ,15.024142,1.73338188
      ,      ,15.034154,3.73384049
      ,      ,15.044167,2.73361118
      ,      ,15.054180,3.73384049
      ,      ,15.064193,1.73338188
      ,      ,15.074205,2.73361118
      ,      ,15.084218,3.73384049
      ,      ,15.094231,2.73361118
      ,      ,15.104244,3.73384049
      ,      ,15.114256,2.73361118
      ,      ,15.124269,3.73384049
      ,      ,15.134282,3.73384049
      ,      ,15.144295,3.73384049
      ,      ,15.154308,3.73384049
      ,      ,15.164320,4.73406979
      ,      ,15.174333,6.73452840
      ,      ,15.184346,6.73452840
      ,      ,15.194359,2.73361118
      ,      ,15.204371,-6.26845255
      ,      ,15.214384,-25.27280931
      ,      ,15.224397,-28.27349722
      ,      ,15.234410,-28.27349722
      ,      ,15.244422,-21.27189210
      ,      ,15.254435,-7.26868185
      ,      ,15.264448,3.73384049
      ,      ,15.274461,7.73475770
      ,      ,15.284473,6.73452840
      ,      ,15.294486,7.73475770
      ,      ,15.304499,7.73475770
      ,      ,15.314512,8.73498700
      ,      ,15.324524,5.73429909
      ,      ,15.334537,4.73406979
      ,      ,15.344550,4.73406979
      ,      ,15.354563,1.73338188
      ,      ,15.364575,1.73338188
      ,      ,15.374588,0.73315258
      ,      ,15.384601,0.73315258
      ,      ,15.394614,2.73361118
      ,      ,15.404626,6.73452840
      ,      ,15.414639,4.73406979
      ,      ,15.424652,3.73384049
      ,      ,15.434665,3.73384049
      ,      ,15.444677,4.73406979
      ,      ,15.454690,2.73361118
      ,      ,15.464703,5.73429909
      ,      ,15.474716,6.73452840
      ,      ,15.484728,4.73406979
      ,      ,15.494741,8.73498700
      ,      ,15.504754,25.73888516
      ,      ,15.514767,40.74232471
      ,      ,15.524780,43.74301263
      ,      ,15.534792,39.74209541
      ,      ,15.544805,24.73865586
      ,      ,15.554818,8.73498700
      ,      ,15.564831,-12.26982837
      ,      ,15.574843,-33.27464374
      ,      ,15.584856,-55.27968842
      ,      ,15.594869,-73.28381588
      ,      ,15.604882,-81.28565031
      ,      ,15.614894,-78.28496240
      ,      ,15.624907,-65.28198145
      ,      ,15.634920,-46.27762469
      ,      ,15.644933,-22.27212140
      ,      ,15.654945,4.73406979
      ,      ,15.664958,35.74117820
      ,      ,15.674971,60.74691078
      ,      ,15.684984,74.75012103
      ,      ,15.694996,81.75172616
      ,      ,15.705009,79.75126755
      ,      ,15.715022,69.74897452
      ,      ,15.725035,51.74484705
      ,      ,15.735047,36.74140750
      ,      ,15.745060,9.73521631
      ,      ,15.755073,-13.27005767
      ,      ,15.765086,-29.27372653
      ,      ,15.775098,-40.27624887
      ,      ,15.785111,-44.27716608
      ,      ,15.795124,-44.27716608
      ,      ,15.805137,-32.27441444
      ,      ,15.815149,-20.27166280
      ,      ,15.825162,-8.26891116
      ,      ,15.835175,11.73567491
      ,      ,15.845188,22.73819725
      ,      ,15.855200,28.73957307
      ,      ,15.865213,36.74140750
      ,      ,15.875226,40.74232471
      ,      ,15.885239,36.74140750
      ,      ,15.895252,31.74026098
      ,      ,15.905264,24.73865586
      ,      ,15.915277,17.73705073
      ,      ,15.925290,12.73590422
      ,      ,15.935303,4.73406979
      ,      ,15.945315,-1.26730603
      ,      ,15.955328,-3.26776464
      ,      ,15.965341,-2.26753533
      ,      ,15.975354,-6.26845255
      ,      ,15.985366,-4.26799394
      ,      ,15.995379,-4.26799394
      ,      ,16.005392,-6.26845255
      ,      ,16.015405,-4.26799394
      ,      ,16.025417,-4.26799394
      ,      ,16.035430,-1.26730603
      ,      ,16.045443,0.73315258
      ,      ,16.055456,0.73315258
      ,      ,16.065468,5.73429909
      ,      ,16.075481,12.73590422
      ,      ,16.085494,18.73728004
      ,      ,16.095507,25.73888516
      ,      ,16.105519,26.73911447
      ,      ,16.115532,29.73980238
      ,      ,16.125545,33.74071959
      ,      ,16.135558,27.73934377
      ,      ,16.145570,23.73842656
      ,      ,16.155583,15.73659213
      ,      ,16.165596,2.73361118
      ,      ,16.175609,-8.26891116
      ,      ,16.185621,-16.27074558
      ,      ,16.195634,-31.27418514
      ,      ,16.205647,-37.27556096
      ,      ,16.215660,-39.27601956
      ,      ,16.225672,-34.27487305
      ,      ,16.235685,-22.27212140
      ,      ,16.245698,-10.26936976
      ,      ,16.255711,8.73498700
      ,      ,16.265724,29.73980238
      ,      ,16.275736,43.74301263
      ,      ,16.285749,62.74736939
      ,      ,16.295762,70.74920382
      ,      ,16.305775,66.74828661
      ,      ,16.315787,59.74668148
      ,      ,16.325800,46.74370054
      ,      ,16.335813,25.73888516
      ,      ,16.345826,-4.26799394
      ,      ,16.355838,-24.27258001
      ,      ,16.365851,-49.27831260
      ,      ,16.375864,-67.28244006
      ,      ,16.385877,-81.28565031
      ,      ,16.395889,-78.28496240
      ,      ,16.405902,-66.28221076
      ,      ,16.415915,-46.27762469
      ,      ,16.425928,-10.26936976
      ,      ,16.435940,23.73842656
      ,      ,16.445953,58.74645218
      ,      ,16.455966,86.75287267
      ,      ,16.465979,107.75768805
      ,      ,16.475991,113.75906387
      ,      ,16.486004,107.75768805
      ,      ,16.496017,89.75356058
      ,      ,16.506030,60.74691078
      ,      ,16.516042,17.73705073
      ,      ,16.526055,-20.27166280
      ,      ,16.536068,-60.28083494
      ,      ,16.546081,-92.28817265
      ,      ,16.556093,-108.29184150
      ,      ,16.566106,-118.29413454
      ,      ,16.576119,-106.29138290
      ,      ,16.586132,-84.28633822
      ,      ,16.596144,-40.27624887
      ,      ,16.606157,-1.26730603
      ,      ,16.616170,48.74415914
      ,      ,16.626183,92.75424850
      ,      ,16.636196,128.76250342
      ,      ,16.646208,142.76571367
      ,      ,16.656221,144.76617228
      ,      ,16.666234,129.76273272
      ,      ,16.676247,95.75493641
      ,      ,16.686259,47.74392984
      ,      ,16.696272,-4.26799394
      ,      ,16.706285,-58.28037633
      ,      ,16.716298,-109.29207081
      ,      ,16.726310,-143.29986712
      ,      ,16.736323,-162.30422389
      ,      ,16.746336,-155.30261877
      ,      ,16.756349,-131.29711548
      ,      ,16.766361,-91.28794334
      ,      ,16.776374,-28.27349722
      ,      ,16.786387,30.74003168
      ,      ,16.796400,95.75493641
      ,      ,16.806412,143.76594297
      ,      ,16.816425,178.77396859
      ,      ,16.826438,192.77717884
      ,      ,16.836451,181.77465650
      ,      ,16.846463,146.76663088
      ,      ,16.856476,90.75378989
      ,      ,16.866489,24.73865586
      ,      ,16.876502,-45.27739538
      ,      ,16.886514,-108.29184150
      ,      ,16.896527,-166.30514110
      ,      ,16.906540,-198.31247882
      ,      ,16.916553,-204.31385464
      ,      ,16.926565,-183.30903926
      ,      ,16.936578,-137.29849130
      ,      ,16.946591,-78.28496240
      ,      ,16.956604,-0.26707673
      ,      ,16.966616,85.75264337
      ,      ,16.976629,152.76800670
      ,      ,16.986642,203.77970118
      ,      ,16.996655,224.78451655
      ,      ,17.006668,226.78497516
      ,      ,17.016680,196.77809606
      ,      ,17.026693,140.76525506
      ,      ,17.036706,66.74828661
      ,      ,17.046719,-14.27028698
      ,      ,17.056731,-103.29069499
      ,      ,17.066744,-170.30605832
      ,      ,17.076757,-219.31729419
      ,      ,17.086770,-237.32142165
      ,      ,17.096782,-236.32119235
      ,      ,17.106795,-191.31087369
      ,      ,17.116808,-121.29482245
      ,      ,17.126821,-41.27647817
      ,      ,17.136833,54.74553496
      ,      ,17.146846,124.76158621
      ,      ,17.156859,206.78038909
      ,      ,17.166872,261.79300078
      ,      ,17.176884,276.79644033
      ,      ,17.186897,260.79277148
      ,      ,17.196910,215.78245282
      ,      ,17.206923,149.76731879
      ,      ,17.216935,69.74897452
      ,      ,17.226948,-12.26982837
      ,      ,17.236961,-100.29000707
      ,      ,17.246974,-157.30307737
      ,      ,17.256986,-201.31316673
      ,      ,17.266999,-216.31660628
      ,      ,17.277012,-194.31156160
      ,      ,17.287025,-153.30216016
      ,      ,17.297037,-94.28863125
      ,      ,17.307050,-11.26959907
      ,      ,17.317063,55.74576427
      ,      ,17.327076,118.76021039
      ,      ,17.337088,171.77236347
      ,      ,17.347101,199.77878397
      ,      ,17.357114,201.77924257
      ,      ,17.367127,177.77373929
      ,      ,17.377140,129.76273272
      ,      ,17.387152,73.74989173
      ,      ,17.397165,2.73361118
      ,      ,17.407178,-65.28198145
      ,      ,17.417191,-118.29413454
      ,      ,17.427203,-163.30445319
      ,      ,17.437216,-185.30949787
      ,      ,17.447229,-177.30766344
      ,      ,17.457242,-149.30124295
      ,      ,17.467254,-100.29000707
      ,      ,17.477267,-42.27670747
      ,      ,17.487280,15.73659213
      ,      ,17.497293,81.75172616
      ,      ,17.507305,131.76319133
      ,      ,17.517318,164.77075835
      ,      ,17.527331,172.77259277
      ,      ,17.537344,168.77167556
      ,      ,17.547356,134.76387924
      ,      ,17.557369,91.75401919
      ,      ,17.567382,27.73934377
      ,      ,17.577395,-30.27395583
      ,      ,17.587407,-84.28633822
      ,      ,17.597420,-127.29619827
      ,      ,17.607433,-145.30032573
      ,      ,17.617446,-156.30284807
      ,      ,17.627458,-140.29917921
      ,      ,17.637471,-98.28954847
      ,      ,17.647484,-64.28175215
      ,      ,17.657497,-5.26822324
      ,      ,17.667509,46.74370054
      ,      ,17.677522,95.75493641
      ,      ,17.687535,128.76250342
      ,      ,17.697548,145.76640158
      ,      ,17.707561,147.76686019
      ,      ,17.717573,122.76112760
      ,      ,17.727586,88.75333128
      ,      ,17.737599,48.74415914
      ,      ,17.747612,-4.26799394
      ,      ,17.757624,-50.27854190
      ,      ,17.767637,-88.28725543
      ,      ,17.777650,-111.29252941
      ,      ,17.787663,-120.29459314
      ,      ,17.797675,-114.29321732
      ,      ,17.807688,-95.28886056
      ,      ,17.817701,-64.28175215
      ,      ,17.827714,-16.27074558
      ,      ,17.837726,16.73682143
      ,      ,17.847739,56.74599357
      ,      ,17.857752,87.75310198
      ,      ,17.867765,107.75768805
      ,      ,17.877777,109.75814665
      ,      ,17.887790,100.75608292
      ,      ,17.897803,80.75149685
      ,      ,17.907816,50.74461775
      ,      ,17.917828,16.73682143
      ,      ,17.927841,-17.27097489
      ,      ,17.937854,-50.27854190
      ,      ,17.947867,-71.28335727
      ,      ,17.957879,-84.28633822
      ,      ,17.967892,-85.28656752
      ,      ,17.977905,-78.28496240
      ,      ,17.987918,-55.27968842
      ,      ,17.997930,-27.27326792
      ,      ,18.007943,1.73338188
      ,      ,18.017956,31.74026098
      ,      ,18.027969,54.74553496
      ,      ,18.037981,71.74943312
      ,      ,18.047994,73.74989173
      ,      ,18.058007,74.75012103
      ,      ,18.068020,63.74759869
      ,      ,18.078033,48.74415914
      ,      ,18.088045,21.73796795
      ,      ,18.098058,-0.26707673
      ,      ,18.108071,-20.27166280
      ,      ,18.118084,-41.27647817
      ,      ,18.128096,-56.27991772
      ,      ,18.138109,-53.27922981
      ,      ,18.148122,-54.27945912
      ,      ,18.158135,-42.27670747
      ,      ,18.168147,-30.27395583
      ,      ,18.178160,-6.26845255
      ,      ,18.188173,9.73521631
      ,      ,18.198186,25.73888516
      ,      ,18.208198,38.74186611
      ,      ,18.218211,40.74232471
      ,      ,18.228224,55.74576427
      ,      ,18.238237,47.74392984
      ,      ,18.248249,36.74140750
      ,      ,18.258262,23.73842656
      ,      ,18.268275,13.73613352
      ,      ,18.278288,-0.26707673
      ,      ,18.288300,-9.26914046
      ,      ,18.298313,-21.27189210
      ,      ,18.308326,-23.27235071
      ,      ,18.318339,-25.27280931
      ,      ,18.328351,-21.27189210
      ,      ,18.338364,-17.27097489
      ,      ,18.348377,-13.27005767
      ,      ,18.358390,-4.26799394
      ,      ,18.368402,2.73361118
      ,      ,18.378415,7.73475770
      ,      ,18.388428,8.73498700
      ,      ,18.398441,8.73498700
      ,      ,18.408453,13.73613352
      ,      ,18.418466,16.73682143
      ,      ,18.428479,11.73567491
      ,      ,18.438492,13.73613352
      ,      ,18.448505,12.73590422
      ,      ,18.458517,9.73521631
      ,      ,18.468530,9.73521631
      ,      ,18.478543,6.73452840
      ,      ,18.488556,5.73429909
      ,      ,18.498568,2.73361118
      ,      ,18.508581,0.73315258
      ,      ,18.518594,-3.26776464
      ,      ,18.528607,-9.26914046
      ,      ,18.538619,-14.27028698
      ,      ,18.548632,-14.27028698
      ,      ,18.558645,-13.27005767
      ,      ,18.568658,-19.27143349
      ,      ,18.578670,-13.27005767
      ,      ,18.588683,-7.26868185
      ,      ,18.598696,0.73315258
      ,      ,18.608709,7.73475770
      ,      ,18.618721,15.73659213
      ,      ,18.628734,26.73911447
      ,      ,18.638747,26.73911447
      ,      ,18.648760,38.74186611
      ,      ,18.658772,43.74301263
      ,      ,18.668785,25.73888516
      ,      ,18.678798,19.73750934
      ,      ,18.688811,13.73613352
      ,      ,18.698823,0.73315258
      ,      ,18.708836,-18.27120419
      ,      ,18.718849,-31.27418514
      ,      ,18.728862,-43.27693678
      ,      ,18.738874,-49.27831260
      ,      ,18.748887,-52.27900051
      ,      ,18.758900,-37.27556096
      ,      ,18.768913,-26.27303862
      ,      ,18.778925,-6.26845255
      ,      ,18.788938,12.73590422
      ,      ,18.798951,35.74117820
      ,      ,18.808964,48.74415914
      ,      ,18.818977,64.74782800
      ,      ,18.828989,70.74920382
      ,      ,18.839002,64.74782800
      ,      ,18.849015,50.74461775
      ,      ,18.859028,34.74094889
      ,      ,18.869040,9.73521631
      ,      ,18.879053,-15.27051628
      ,      ,18.889066,-42.27670747
      ,      ,18.899079,-66.28221076
      ,      ,18.909091,-76.28450379
      ,      ,18.919104,-77.28473309
      ,      ,18.929117,-73.28381588
      ,      ,18.939130,-56.27991772
      ,      ,18.949142,-30.27395583
      ,      ,18.959155,-1.26730603
      ,      ,18.969168,21.73796795
      ,      ,18.979181,57.74622287
      ,      ,18.989193,65.74805730
      ,      ,18.999206,67.74851591
      ,      ,19.009219,51.74484705
      ,      ,19.019232,13.73613352
      ,      ,19.029244,7.73475770
      ,      ,19.039257,1.73338188
      ,      ,19.049270,1.73338188
      ,      ,19.059283,-1.26730603
      ,      ,19.069295,0.73315258
      ,      ,19.079308,0.73315258
      ,      ,19.089321,-1.26730603
      ,      ,19.099334,-0.26707673
      ,      ,19.109346,-2.26753533
      ,      ,19.119359,0.73315258
      ,      ,19.129372,-0.26707673
      ,      ,19.139385,-0.26707673
      ,      ,19.149397,-1.26730603
      ,      ,19.159410,-3.26776464
      ,      ,19.169423,-0.26707673
      ,      ,19.179436,-2.26753533
      ,      ,19.189449,-1.26730603
      ,      ,19.199461,-3.26776464
      ,      ,19.209474,0.73315258
      ,      ,19.219487,-0.26707673
      ,      ,19.229500,1.73338188
      ,      ,19.239512,2.73361118
      ,      ,19.249525,1.73338188
      ,      ,19.259538,0.73315258
      ,      ,19.269551,-0.26707673
      ,      ,19.279563,0.73315258
      ,      ,19.289576,0.73315258
      ,      ,19.299589,-1.26730603
      ,      ,19.309602,-1.26730603
      ,      ,19.319614,-1.26730603
      ,      ,19.329627,-0.26707673
      ,      ,19.339640,-1.26730603
      ,      ,19.349653,-1.26730603
      ,      ,19.359665,-0.26707673
      ,      ,19.369678,1.73338188
      ,      ,19.379691,-0.26707673
      ,      ,19.389704,-0.26707673
      ,      ,19.399716,1.73338188
      ,      ,19.409729,0.73315258
      ,      ,19.419742,-0.26707673
      ,      ,19.429755,-0.26707673
      ,      ,19.439767,-0.26707673
      ,      ,19.449780,0.73315258
      ,      ,19.459793,-0.26707673
      ,      ,19.469806,-2.26753533
      ,      ,19.479818,-0.26707673
      ,      ,19.489831,0.73315258
      ,      ,19.499844,0.73315258
      ,      ,19.509857,0.73315258
      ,      ,19.519869,0.73315258
      ,      ,19.529882,-0.26707673
      ,      ,19.539895,0.73315258
      ,      ,19.549908,-1.26730603
      ,      ,19.559921,-3.26776464
      ,      ,19.569933,-8.26891116
      ,      ,19.579946,-25.27280931
      ,      ,19.589959,-45.27739538
      ,      ,19.599972,-70.28312797
      ,      ,19.609984,-87.28702613
      ,      ,19.619997,-92.28817265
      ,      ,19.630010,-87.28702613
      ,      ,19.640023,-76.28450379
      ,      ,19.650035,-54.27945912
      ,      ,19.660048,-21.27189210
      ,      ,19.670061,6.73452840
      ,      ,19.680074,30.74003168
      ,      ,19.690086,55.74576427
      ,      ,19.700099,71.74943312
      ,      ,19.710112,74.75012103
      ,      ,19.720125,68.74874521
      ,      ,19.730137,61.74714009
      ,      ,19.740150,37.74163680
      ,      ,19.750163,11.73567491
      ,      ,19.760176,-8.26891116
      ,      ,19.770188,-28.27349722
      ,      ,19.780201,-46.27762469
      ,      ,19.790214,-47.27785399
      ,      ,19.800227,-51.27877120
      ,      ,19.810239,-50.27854190
      ,      ,19.820252,-39.27601956
      ,      ,19.830265,-21.27189210
      ,      ,19.840278,-2.26753533
      ,      ,19.850290,13.73613352
      ,      ,19.860303,26.73911447
      ,      ,19.870316,40.74232471
      ,      ,19.880329,41.74255402
      ,      ,19.890341,38.74186611
      ,      ,19.900354,37.74163680
      ,      ,19.910367,28.73957307
      ,      ,19.920380,20.73773865
      ,      ,19.930393,5.73429909
      ,      ,19.940405,-2.26753533
      ,      ,19.950418,-12.26982837
      ,      ,19.960431,-20.27166280
      ,      ,19.970444,-19.27143349
      ,      ,19.980456,-19.27143349
      ,      ,19.990469,-17.27097489
      ,      ,20.000482,-14.27028698
      ,      ,20.010495,-7.26868185
      ,      ,20.020507,0.73315258
      ,      ,20.030520,2.73361118
      ,      ,20.040533,8.73498700
      ,      ,20.050546,10.73544561
      ,      ,20.060558,12.73590422
      ,      ,20.070571,15.73659213
      ,      ,20.080584,11.73567491
      ,      ,20.090597,9.73521631
      ,      ,20.100609,12.73590422
      ,      ,20.110622,11.73567491
      ,      ,20.120635,8.73498700
      ,      ,20.130648,9.73521631
      ,      ,20.140660,6.73452840
      ,      ,20.150673,5.73429909
      ,      ,20.160686,2.73361118
      ,      ,20.170699,-0.26707673
      ,      ,20.180711,-5.26822324
      ,      ,20.190724,-11.26959907
      ,      ,20.200737,-12.26982837
      ,      ,20.210750,-15.27051628
      ,      ,20.220762,-17.27097489
      ,      ,20.230775,-15.27051628
      ,      ,20.240788,-10.26936976
      ,      ,20.250801,-2.26753533
      ,      ,20.260814,0.73315258
      ,      ,20.270826,14.73636282
      ,      ,20.280839,20.73773865
      ,      ,20.290852,27.73934377
      ,      ,20.300865,34.74094889
      ,      ,20.310877,39.74209541
      ,      ,20.320890,30.74003168
      ,      ,20.330903,24.73865586
      ,      ,20.340916,13.73613352
      ,      ,20.350928,1.73338188
      ,      ,20.360941,-17.27097489
      ,      ,20.370954,-26.27303862
      ,      ,20.380967,-42.27670747
      ,      ,20.390979,-47.27785399
      ,      ,20.400992,-48.27808329
      ,      ,20.411005,-37.27556096
      ,      ,20.421018,-26.27303862
      ,      ,20.431030,-13.27005767
      ,      ,20.441043,7.73475770
      ,      ,20.451056,23.73842656
      ,      ,20.461069,47.74392984
      ,      ,20.471081,60.74691078
      ,      ,20.481094,61.74714009
      ,      ,20.491107,64.74782800
      ,      ,20.501120,55.74576427
      ,      ,20.511132,38.74186611
      ,      ,20.521145,12.73590422
      ,      ,20.531158,-10.26936976
      ,      ,20.541171,-35.27510235
      ,      ,20.551183,-56.27991772
      ,      ,20.561196,-65.28198145
      ,      ,20.571209,-75.28427449
      ,      ,20.581222,-64.28175215
      ,      ,20.591234,-54.27945912
      ,      ,20.601247,-29.27372653
      ,      ,20.611260,-5.26822324
      ,      ,20.621273,25.73888516
      ,      ,20.631286,56.74599357
      ,      ,20.641298,76.75057964
      ,      ,20.651311,90.75378989
      ,      ,20.661324,94.75470710
      ,      ,20.671337,85.75264337
      ,      ,20.681349,67.74851591
      ,      ,20.691362,34.74094889
      ,      ,20.701375,-1.26730603
      ,      ,20.711388,-34.27487305
      ,      ,20.721400,-70.28312797
      ,      ,20.731413,-89.28748474
      ,      ,20.741426,-102.29046568
      ,      ,20.751439,-97.28931916
      ,      ,20.761451,-84.28633822
      ,      ,20.771464,-54.27945912
      ,      ,20.781477,-17.27097489
      ,      ,20.791490,15.73659213
      ,      ,20.801502,53.74530566
      ,      ,20.811515,87.75310198
      ,      ,20.821528,110.75837596
      ,      ,20.831541,119.76043969
      ,      ,20.841553,111.75860526
      ,      ,20.851566,87.75310198
      ,      ,20.861579,56.74599357
      ,      ,20.871592,10.73544561
      ,      ,20.881604,-26.27303862
      ,      ,20.891617,-71.28335727
      ,      ,20.901630,-100.29000707
      ,      ,20.911643,-120.29459314
      ,      ,20.921655,-118.29413454
      ,      ,20.931668,-107.29161220
      ,      ,20.941681,-84.28633822
      ,      ,20.951694,-42.27670747
      ,      ,20.961706,0.73315258
      ,      ,20.971719,50.74461775
      ,      ,20.981732,92.75424850
      ,      ,20.991745,122.76112760
      ,      ,21.001758,138.76479646
      ,      ,21.011770,138.76479646
      ,      ,21.021783,115.75952248
      ,      ,21.031796,83.75218476
      ,      ,21.041809,33.74071959
      ,      ,21.051821,-12.26982837
      ,      ,21.061834,-62.28129354
      ,      ,21.071847,-111.29252941
      ,      ,21.081860,-139.29894991
      ,      ,21.091872,-150.30147225
      ,      ,21.101885,-140.29917921
      ,      ,21.111898,-114.29321732
      ,      ,21.121911,-70.28312797
      ,      ,21.131923,-12.26982837
      ,      ,21.141936,43.74301263
      ,      ,21.151949,93.75447780
      ,      ,21.161962,139.76502576
      ,      ,21.171974,163.77052904
      ,      ,21.181987,175.77328068
      ,      ,21.192000,158.76938252
      ,      ,21.202013,116.75975178
      ,      ,21.212025,68.74874521
      ,      ,21.222038,4.73406979
      ,      ,21.232051,-55.27968842
      ,      ,21.242064,-105.29115359
      ,      ,21.252076,-149.30124295
      ,      ,21.262089,-172.30651692
      ,      ,21.272102,-172.30651692
      ,      ,21.282115,-149.30124295
      ,      ,21.292127,-100.29000707
      ,      ,21.302140,-39.27601956
      ,      ,21.312153,15.73659213
      ,      ,21.322166,89.75356058
      ,      ,21.332178,146.76663088
      ,      ,21.342191,183.77511511
      ,      ,21.352204,205.78015979
      ,      ,21.362217,194.77763745
      ,      ,21.372230,163.77052904
      ,      ,21.382242,101.75631223
      ,      ,21.392255,34.74094889
      ,      ,21.402268,-32.27441444
      ,      ,21.412281,-104.29092429
      ,      ,21.422293,-164.30468250
      ,      ,21.432306,-205.31408394
      ,      ,21.442319,-222.31798210
      ,      ,21.452332,-205.31408394
      ,      ,21.462344,-169.30582901
      ,      ,21.472357,-105.29115359
      ,      ,21.482370,-40.27624887
      ,      ,21.492383,34.74094889
      ,      ,21.502395,104.75700014
      ,      ,21.512408,161.77007043
      ,      ,21.522421,196.77809606
      ,      ,21.532434,198.77855466
      ,      ,21.542446,183.77511511
      ,      ,21.552459,138.76479646
      ,      ,21.562472,80.75149685
      ,      ,21.572485,10.73544561
      ,      ,21.582497,-52.27900051
      ,      ,21.592510,-113.29298802
      ,      ,21.602523,-159.30353598
      ,      ,21.612536,-185.30949787
      ,      ,21.622548,-177.30766344
      ,      ,21.632561,-154.30238946
      ,      ,21.642574,-110.29230011
      ,      ,21.652587,-50.27854190
      ,      ,21.662599,13.73613352
      ,      ,21.672612,77.75080894
      ,      ,21.682625,127.76227412
      ,      ,21.692638,162.77029974
      ,      ,21.702650,172.77259277
      ,      ,21.712663,167.77144626
      ,      ,21.722676,135.76410854
      ,      ,21.732689,93.75447780
      ,      ,21.742702,32.74049029
      ,      ,21.752714,-14.27028698
      ,      ,21.762727,-74.28404518
      ,      ,21.772740,-114.29321732
      ,      ,21.782753,-140.29917921
      ,      ,21.792765,-147.30078434
      ,      ,21.802778,-132.29734479
      ,      ,21.812791,-101.29023638
      ,      ,21.822804,-59.28060563
      ,      ,21.832816,-3.26776464
      ,      ,21.842829,42.74278332
      ,      ,21.852842,87.75310198
      ,      ,21.862855,120.76066899
      ,      ,21.872867,140.76525506
      ,      ,21.882880,135.76410854
      ,      ,21.892893,121.76089830
      ,      ,21.902906,86.75287267
      ,      ,21.912918,46.74370054
      ,      ,21.922931,0.73315258
      ,      ,21.932944,-40.27624887
      ,      ,21.942957,-81.28565031
      ,      ,21.952969,-104.29092429
      ,      ,21.962982,-114.29321732
      ,      ,21.972995,-110.29230011
      ,      ,21.983008,-86.28679683
      ,      ,21.993020,-58.28037633
      ,      ,22.003033,-19.27143349
      ,      ,22.013046,20.73773865
      ,      ,22.023059,62.74736939
      ,      ,22.033071,87.75310198
      ,      ,22.043084,106.75745874
      ,      ,22.053097,105.75722944
      ,      ,22.063110,100.75608292
      ,      ,22.073122,82.75195546
      ,      ,22.083135,49.74438845
      ,      ,22.093148,17.73705073
      ,      ,22.103161,-14.27028698
      ,      ,22.113174,-45.27739538
      ,      ,22.123186,-68.28266936
      ,      ,22.133199,-78.28496240
      ,      ,22.143212,-79.28519170
      ,      ,22.153225,-70.28312797
      ,      ,22.163237,-51.27877120
      ,      ,22.173250,-29.27372653
      ,      ,22.183263,-1.26730603
      ,      ,22.193276,26.73911447
      ,      ,22.203288,48.74415914
      ,      ,22.213301,69.74897452
      ,      ,22.223314,73.74989173
      ,      ,22.233327,69.74897452
      ,      ,22.243339,61.74714009
      ,      ,22.253352,41.74255402
      ,      ,22.263365,23.73842656
      ,      ,22.273378,3.73384049
      ,      ,22.283390,-17.27097489
      ,      ,22.293403,-33.27464374
      ,      ,22.303416,-37.27556096
      ,      ,22.313429,-44.27716608
      ,      ,22.323441,-41.27647817
      ,      ,22.333454,-33.27464374
      ,      ,22.343467,-20.27166280
      ,      ,22.353480,-5.26822324
      ,      ,22.363492,9.73521631
      ,      ,22.373505,22.73819725
      ,      ,22.383518,31.74026098
      ,      ,22.393531,37.74163680
      ,      ,22.403543,40.74232471
      ,      ,22.413556,36.74140750
      ,      ,22.423569,31.74026098
      ,      ,22.433582,22.73819725
      ,      ,22.443594,14.73636282
      ,      ,22.453607,6.73452840
      ,      ,22.463620,-0.26707673
      ,      ,22.473633,-7.26868185
      ,      ,22.483646,-8.26891116
      ,      ,22.493658,-9.26914046
      ,      ,22.503671,-10.26936976
      ,      ,22.513684,-7.26868185
      ,      ,22.523697,-5.26822324
      ,      ,22.533709,-3.26776464
      ,      ,22.543722,-1.26730603
      ,      ,22.553735,2.73361118
      ,      ,22.563748,2.73361118
      ,      ,22.573760,7.73475770
      ,      ,22.583773,8.73498700
      ,      ,22.593786,11.73567491
      ,      ,22.603799,16.73682143
      ,      ,22.613811,19.73750934
      ,      ,22.623824,25.73888516
      ,      ,22.633837,28.73957307
      ,      ,22.643850,29.73980238
      ,      ,22.653862,28.73957307
      ,      ,22.663875,27.73934377
      ,      ,22.673888,23.73842656
      ,      ,22.683901,13.73613352
      ,      ,22.693913,1.73338188
      ,      ,22.703926,-8.26891116
      ,      ,22.713939,-19.27143349
      ,      ,22.723952,-26.27303862
      ,      ,22.733964,-34.27487305
      ,      ,22.743977,-30.27395583
      ,      ,22.753990,-27.27326792
      ,      ,22.764003,-14.27028698
      ,      ,22.774015,-0.26707673
      ,      ,22.784028,15.73659213
      ,      ,22.794041,35.74117820
      ,      ,22.804054,51.74484705
      ,      ,22.814067,67.74851591
      ,      ,22.824079,73.74989173
      ,      ,22.834092,69.74897452
      ,      ,22.844105,60.74691078
      ,      ,22.854118,42.74278332
      ,      ,22.864130,21.73796795
      ,      ,22.874143,-2.26753533
      ,      ,22.884156,-29.27372653
      ,      ,22.894169,-51.27877120
      ,      ,22.904181,-64.28175215
      ,      ,22.914194,-70.28312797
      ,      ,22.924207,-69.28289867
      ,      ,22.934220,-53.27922981
      ,      ,22.944232,-27.27326792
      ,      ,22.954245,1.73338188
      ,      ,22.964258,35.74117820
      ,      ,22.974271,64.74782800
      ,      ,22.984283,91.75401919
      ,      ,22.994296,107.75768805
      ,      ,23.004309,116.75975178
      ,      ,23.014322,120.76066899
      ,      ,23.024334,124.76158621
      ,      ,23.034347,123.76135690
      ,      ,23.044360,123.76135690
      ,      ,23.054373,133.76364994
      ,      ,23.064385,161.77007043
      ,      ,23.074398,165.77098765
      ,      ,23.084411,72.74966243
      ,      ,23.094424,-45.27739538
      ,      ,23.104436,-25.27280931
      ,      ,23.114449,-23.27235071
      ,      ,23.124462,-17.27097489
      ,      ,23.134475,-5.26822324
      ,      ,23.144487,-4.26799394
      ,      ,23.154500,-7.26868185
      ,      ,23.164513,-12.26982837
      ,      ,23.174526,-25.27280931
      ,      ,23.184539,-18.27120419
      ,      ,23.194551,0.73315258
      ,      ,23.204564,8.73498700
      ,      ,23.214577,8.73498700
      ,      ,23.224590,2.73361118
      ,      ,23.234602,-0.26707673
      ,      ,23.244615,-2.26753533
      ,      ,23.254628,-2.26753533
      ,      ,23.264641,-2.26753533
      ,      ,23.274653,-2.26753533
      ,      ,23.284666,-3.26776464
      ,      ,23.294679,-3.26776464
      ,      ,23.304692,-0.26707673
      ,      ,23.314704,-0.26707673
      ,      ,23.324717,4.73406979
      ,      ,23.334730,10.73544561
      ,      ,23.344743,18.73728004
      ,      ,23.354755,14.73636282
      ,      ,23.364768,3.73384049
      ,      ,23.374781,7.73475770
      ,      ,23.384794,6.73452840
      ,      ,23.394806,-0.26707673
      ,      ,23.404819,-4.26799394
      ,      ,23.414832,-7.26868185
      ,      ,23.424845,-5.26822324
      ,      ,23.434857,-5.26822324
      ,      ,23.444870,-4.26799394
      ,      ,23.454883,-2.26753533
      ,      ,23.464896,0.73315258
      ,      ,23.474908,1.73338188
      ,      ,23.484921,-0.26707673
      ,      ,23.494934,-3.26776464
      ,      ,23.504947,6.73452840
      ,      ,23.514959,4.73406979
      ,      ,23.524972,-13.27005767
      ,      ,23.534985,-8.26891116
      ,      ,23.544998,1.73338188
      ,      ,23.555011,5.73429909
      ,      ,23.565023,4.73406979
      ,      ,23.575036,5.73429909
      ,      ,23.585049,5.73429909
      ,      ,23.595062,2.73361118
      ,      ,23.605074,-1.26730603
      ,      ,23.615087,-4.26799394
      ,      ,23.625100,-1.26730603
      ,      ,23.635113,1.73338188
      ,      ,23.645125,3.73384049
      ,      ,23.655138,-0.26707673
      ,      ,23.665151,-13.27005767
      ,      ,23.675164,-30.27395583
      ,      ,23.685176,-39.27601956
      ,      ,23.695189,-30.27395583
      ,      ,23.705202,-11.26959907
      ,      ,23.715215,15.73659213
      ,      ,23.725227,43.74301263
      ,      ,23.735240,68.74874521
      ,      ,23.745253,86.75287267
      ,      ,23.755266,104.75700014
      ,      ,23.765278,113.75906387
      ,      ,23.775291,111.75860526
      ,      ,23.785304,100.75608292
      ,      ,23.795317,83.75218476
      ,      ,23.805329,55.74576427
      ,      ,23.815342,26.73911447
      ,      ,23.825355,-5.26822324
      ,      ,23.835368,-32.27441444
      ,      ,23.845380,-51.27877120
      ,      ,23.855393,-62.28129354
      ,      ,23.865406,-61.28106424
      ,      ,23.875419,-56.27991772
      ,      ,23.885431,-41.27647817
      ,      ,23.895444,-21.27189210
      ,      ,23.905457,3.73384049
      ,      ,23.915470,23.73842656
      ,      ,23.925483,45.74347123
      ,      ,23.935495,58.74645218
      ,      ,23.945508,65.74805730
      ,      ,23.955521,62.74736939
      ,      ,23.965534,57.74622287
      ,      ,23.975546,46.74370054
      ,      ,23.985559,32.74049029
      ,      ,23.995572,15.73659213
      ,      ,24.005585,0.73315258
      ,      ,24.015597,-13.27005767
      ,      ,24.025610,-23.27235071
      ,      ,24.035623,-24.27258001
      ,      ,24.045636,-25.27280931
      ,      ,24.055648,-22.27212140
      ,      ,24.065661,-16.27074558
      ,      ,24.075674,-7.26868185
      ,      ,24.085687,1.73338188
      ,      ,24.095699,9.73521631
      ,      ,24.105712,13.73613352
      ,      ,24.115725,18.73728004
      ,      ,24.125738,22.73819725
      ,      ,24.135750,23.73842656
      ,      ,24.145763,22.73819725
      ,      ,24.155776,22.73819725
      ,      ,24.165789,19.73750934
      ,      ,24.175801,20.73773865
      ,      ,24.185814,20.73773865
      ,      ,24.195827,18.73728004
      ,      ,24.205840,16.73682143
      ,      ,24.215852,11.73567491
      ,      ,24.225865,6.73452840
      ,      ,24.235878,4.73406979
      ,      ,24.245891,-2.26753533
      ,      ,24.255903,-8.26891116
      ,      ,24.265916,-13.27005767
      ,      ,24.275929,-17.27097489
      ,      ,24.285942,-20.27166280
      ,      ,24.295955,-18.27120419
      ,      ,24.305967,-15.27051628
      ,      ,24.315980,-6.26845255
      ,      ,24.325993,4.73406979
      ,      ,24.336006,16.73682143
      ,      ,24.346018,30.74003168
      ,      ,24.356031,41.74255402
      ,      ,24.366044,48.74415914
      ,      ,24.376057,52.74507636
      ,      ,24.386069,49.74438845
      ,      ,24.396082,44.74324193
      ,      ,24.406095,30.74003168
      ,      ,24.416108,16.73682143
      ,      ,24.426120,-6.26845255
      ,      ,24.436133,-28.27349722
      ,      ,24.446146,-47.27785399
      ,      ,24.456159,-59.28060563
      ,      ,24.466171,-62.28129354
      ,      ,24.476184,-61.28106424
      ,      ,24.486197,-47.27785399
      ,      ,24.496210,-27.27326792
      ,      ,24.506222,-0.26707673
      ,      ,24.516235,28.73957307
      ,      ,24.526248,56.74599357
      ,      ,24.536261,78.75103825
      ,      ,24.546273,94.75470710
      ,      ,24.556286,97.75539501
      ,      ,24.566299,89.75356058
      ,      ,24.576312,70.74920382
      ,      ,24.586324,40.74232471
      ,      ,24.596337,5.73429909
      ,      ,24.606350,-29.27372653
      ,      ,24.616363,-65.28198145
      ,      ,24.626375,-90.28771404
      ,      ,24.636388,-108.29184150
      ,      ,24.646401,-109.29207081
      ,      ,24.656414,-95.28886056
      ,      ,24.666427,-68.28266936
      ,      ,24.676439,-32.27441444
      ,      ,24.686452,11.73567491
      ,      ,24.696465,57.74622287
      ,      ,24.706478,94.75470710
      ,      ,24.716490,123.76135690
      ,      ,24.726503,137.76456715
      ,      ,24.736516,130.76296203
      ,      ,24.746529,114.75929317
      ,      ,24.756541,79.75126755
      ,      ,24.766554,34.74094889
      ,      ,24.776567,-16.27074558
      ,      ,24.786580,-63.28152285
      ,      ,24.796592,-105.29115359
      ,      ,24.806605,-133.29757409
      ,      ,24.816618,-144.30009643
      ,      ,24.826631,-137.29849130
      ,      ,24.836643,-110.29230011
      ,      ,24.846656,-66.28221076
      ,      ,24.856669,-10.26936976
      ,      ,24.866682,44.74324193
      ,      ,24.876694,96.75516571
      ,      ,24.886707,142.76571367
      ,      ,24.896720,168.77167556
      ,      ,24.906733,176.77350999
      ,      ,24.916745,164.77075835
      ,      ,24.926758,128.76250342
      ,      ,24.936771,71.74943312
      ,      ,24.946784,9.73521631
      ,      ,24.956796,-55.27968842
      ,      ,24.966809,-113.29298802
      ,      ,24.976822,-157.30307737
      ,      ,24.986835,-183.30903926
      ,      ,24.996847,-185.30949787
      ,      ,25.006860,-162.30422389
      ,      ,25.016873,-120.29459314
      ,      ,25.026886,-55.27968842
      ,      ,25.036899,17.73705073
      ,      ,25.046911,87.75310198
      ,      ,25.056924,150.76754810
      ,      ,25.066937,194.77763745
      ,      ,25.076950,217.78291143
      ,      ,25.086962,214.78222352
      ,      ,25.096975,181.77465650
      ,      ,25.106988,124.76158621
      ,      ,25.117001,49.74438845
      ,      ,25.127013,-34.27487305
      ,      ,25.137026,-108.29184150
      ,      ,25.147039,-168.30559971
      ,      ,25.157052,-208.31477185
      ,      ,25.167064,-226.31889931
      ,      ,25.177077,-215.31637697
      ,      ,25.187090,-174.30697553
      ,      ,25.197103,-110.29230011
      ,      ,25.207115,-28.27349722
      ,      ,25.217128,61.74714009
      ,      ,25.227141,141.76548437
      ,      ,25.237154,212.78176491
      ,      ,25.247166,256.79185426
      ,      ,25.257179,265.79391800
      ,      ,25.267192,244.78910262
      ,      ,25.277205,192.77717884
      ,      ,25.287217,111.75860526
      ,      ,25.297230,12.73590422
      ,      ,25.307243,-81.28565031
      ,      ,25.317256,-166.30514110
      ,      ,25.327268,-232.32027513
      ,      ,25.337281,-269.32875936
      ,      ,25.347294,-276.33036449
      ,      ,25.357307,-250.32440260
      ,      ,25.367320,-190.31064439
      ,      ,25.377332,-104.29092429
      ,      ,25.387345,-14.27028698
      ,      ,25.397358,75.75035034
      ,      ,25.407371,154.76846531
      ,      ,25.417383,210.78130631
      ,      ,25.427396,237.78749750
      ,      ,25.437409,238.78772680
      ,      ,25.447422,208.78084770
      ,      ,25.457434,152.76800670
      ,      ,25.467447,81.75172616
      ,      ,25.477460,0.73315258
      ,      ,25.487473,-76.28450379
      ,      ,25.497485,-141.29940852
      ,      ,25.507498,-183.30903926
      ,      ,25.517511,-203.31362533
      ,      ,25.527524,-195.31179090
      ,      ,25.537536,-162.30422389
      ,      ,25.547549,-109.29207081
      ,      ,25.557562,-41.27647817
      ,      ,25.567575,30.74003168
      ,      ,25.577587,97.75539501
      ,      ,25.587600,150.76754810
      ,      ,25.597613,184.77534441
      ,      ,25.607626,196.77809606
      ,      ,25.617638,181.77465650
      ,      ,25.627651,148.76708949
      ,      ,25.637664,93.75447780
      ,      ,25.647677,31.74026098
      ,      ,25.657689,-32.27441444
      ,      ,25.667702,-91.28794334
      ,      ,25.677715,-138.29872061
      ,      ,25.687728,-165.30491180
      ,      ,25.697740,-172.30651692
      ,      ,25.707753,-153.30216016
      ,      ,25.717766,-115.29344663
      ,      ,25.727779,-63.28152285
      ,      ,25.737792,-3.26776464
      ,      ,25.747804,55.74576427
      ,      ,25.757817,106.75745874
      ,      ,25.767830,145.76640158
      ,      ,25.777843,166.77121695
      ,      ,25.787855,167.77144626
      ,      ,25.797868,144.76617228
      ,      ,25.807881,104.75700014
      ,      ,25.817894,53.74530566
      ,      ,25.827906,-1.26730603
      ,      ,25.837919,-55.27968842
      ,      ,25.847932,-102.29046568
      ,      ,25.857945,-134.29780339
      ,      ,25.867957,-148.30101364
      ,      ,25.877970,-142.29963782
      ,      ,25.887983,-117.29390523
      ,      ,25.897996,-77.28473309
      ,      ,25.908008,-30.27395583
      ,      ,25.918021,22.73819725
      ,      ,25.928034,70.74920382
      ,      ,25.938047,107.75768805
      ,      ,25.948059,130.76296203
      ,      ,25.958072,137.76456715
      ,      ,25.968085,124.76158621
      ,      ,25.978098,99.75585362
      ,      ,25.988110,61.74714009
      ,      ,25.998123,19.73750934
      ,      ,26.008136,-25.27280931
      ,      ,26.018149,-64.28175215
      ,      ,26.028161,-94.28863125
      ,      ,26.038174,-112.29275872
      ,      ,26.048187,-112.29275872
      ,      ,26.058200,-100.29000707
      ,      ,26.068212,-75.28427449
      ,      ,26.078225,-39.27601956
      ,      ,26.088238,-0.26707673
      ,      ,26.098251,36.74140750
      ,      ,26.108264,65.74805730
      ,      ,26.118276,87.75310198
      ,      ,26.128289,95.75493641
      ,      ,26.138302,93.75447780
      ,      ,26.148315,78.75103825
      ,      ,26.158327,58.74645218
      ,      ,26.168340,29.73980238
      ,      ,26.178353,-0.26707673
      ,      ,26.188366,-28.27349722
      ,      ,26.198378,-53.27922981
      ,      ,26.208391,-68.28266936
      ,      ,26.218404,-74.28404518
      ,      ,26.228417,-72.28358658
      ,      ,26.238429,-58.28037633
      ,      ,26.248442,-37.27556096
      ,      ,26.258455,-13.27005767
      ,      ,26.268468,11.73567491
      ,      ,26.278480,32.74049029
      ,      ,26.288493,52.74507636
      ,      ,26.298506,64.74782800
      ,      ,26.308519,67.74851591
      ,      ,26.318531,63.74759869
      ,      ,26.328544,51.74484705
      ,      ,26.338557,34.74094889
      ,      ,26.348570,16.73682143
      ,      ,26.358582,-4.26799394
      ,      ,26.368595,-22.27212140
      ,      ,26.378608,-35.27510235
      ,      ,26.388621,-45.27739538
      ,      ,26.398633,-44.27716608
      ,      ,26.408646,-40.27624887
      ,      ,26.418659,-32.27441444
      ,      ,26.428672,-18.27120419
      ,      ,26.438684,-5.26822324
      ,      ,26.448697,7.73475770
      ,      ,26.458710,21.73796795
      ,      ,26.468723,28.73957307
      ,      ,26.478736,32.74049029
      ,      ,26.488748,33.74071959
      ,      ,26.498761,31.74026098
      ,      ,26.508774,27.73934377
      ,      ,26.518787,20.73773865
      ,      ,26.528799,9.73521631
      ,      ,26.538812,2.73361118
      ,      ,26.548825,-1.26730603
      ,      ,26.558838,-7.26868185
      ,      ,26.568850,-12.26982837
      ,      ,26.578863,-12.26982837
      ,      ,26.588876,-12.26982837
      ,      ,26.598889,-10.26936976
      ,      ,26.608901,-8.26891116
      ,      ,26.618914,-8.26891116
      ,      ,26.628927,-4.26799394
      ,      ,26.638940,-3.26776464
      ,      ,26.648952,-0.26707673
      ,      ,26.658965,0.73315258
      ,      ,26.668978,4.73406979
      ,      ,26.678991,8.73498700
      ,      ,26.689003,12.73590422
      ,      ,26.699016,16.73682143
      ,      ,26.709029,19.73750934
      ,      ,26.719042,24.73865586
      ,      ,26.729054,23.73842656
      ,      ,26.739067,22.73819725
      ,      ,26.749080,19.73750934
      ,      ,26.759093,14.73636282
      ,      ,26.769105,6.73452840
      ,      ,26.779118,-4.26799394
      ,      ,26.789131,-13.27005767
      ,      ,26.799144,-22.27212140
      ,      ,26.809156,-29.27372653
      ,      ,26.819169,-32.27441444
      ,      ,26.829182,-33.27464374
      ,      ,26.839195,-26.27303862
      ,      ,26.849208,-15.27051628
      ,      ,26.859220,-2.26753533
      ,      ,26.869233,11.73567491
      ,      ,26.879246,26.73911447
      ,      ,26.889259,38.74186611
      ,      ,26.899271,51.74484705
      ,      ,26.909284,55.74576427
      ,      ,26.919297,56.74599357
      ,      ,26.929310,46.74370054
      ,      ,26.939322,32.74049029
      ,      ,26.949335,13.73613352
      ,      ,26.959348,-8.26891116
      ,      ,26.969361,-32.27441444
      ,      ,26.979373,-50.27854190
      ,      ,26.989386,-63.28152285
      ,      ,26.999399,-67.28244006
      ,      ,27.009412,-62.28129354
      ,      ,27.019424,-49.27831260
      ,      ,27.029437,-29.27372653
      ,      ,27.039450,-3.26776464
      ,      ,27.049463,25.73888516
      ,      ,27.059475,49.74438845
      ,      ,27.069488,73.74989173
      ,      ,27.079501,88.75333128
      ,      ,27.089514,92.75424850
      ,      ,27.099526,83.75218476
      ,      ,27.109539,67.74851591
      ,      ,27.119552,37.74163680
      ,      ,27.129565,8.73498700
      ,      ,27.139577,-22.27212140
      ,      ,27.149590,-51.27877120
      ,      ,27.159603,-72.28358658
      ,      ,27.169616,-77.28473309
      ,      ,27.179628,-61.28106424
      ,      ,27.189641,-29.27372653
      ,      ,27.199654,-10.26936976
      ,      ,27.209667,-6.26845255
      ,      ,27.219680,-1.26730603
      ,      ,27.229692,-0.26707673
      ,      ,27.239705,0.73315258
      ,      ,27.249718,-1.26730603
      ,      ,27.259731,-0.26707673
      ,      ,27.269743,-2.26753533
      ,      ,27.279756,-0.26707673
      ,      ,27.289769,-0.26707673
      ,      ,27.299782,-0.26707673
      ,      ,27.309794,-1.26730603
      ,      ,27.319807,0.73315258
      ,      ,27.329820,-0.26707673
      ,      ,27.339833,0.73315258
      ,      ,27.349845,-1.26730603
      ,      ,27.359858,-0.26707673
      ,      ,27.369871,-0.26707673
      ,      ,27.379884,-0.26707673
      ,      ,27.389896,-0.26707673
      ,      ,27.399909,-1.26730603
      ,      ,27.409922,-0.26707673
      ,      ,27.419935,-1.26730603
      ,      ,27.429947,-0.26707673
      ,      ,27.439960,-0.26707673
      ,      ,27.449973,-1.26730603
      ,      ,27.459986,-0.26707673
      ,      ,27.469998,-0.26707673
      ,      ,27.480011,-1.26730603
      ,      ,27.490024,-1.26730603
      ,      ,27.500037,-0.26707673
      ,      ,27.510049,-0.26707673
      ,      ,27.520062,-1.26730603
      ,      ,27.530075,-0.26707673
      ,      ,27.540088,-1.26730603
      ,      ,27.550100,-0.26707673
      ,      ,27.560113,0.73315258
      ,      ,27.570126,-1.26730603
      ,      ,27.580139,-0.26707673
      ,      ,27.590152,-1.26730603
      ,      ,27.600164,-1.26730603
      ,      ,27.610177,-1.26730603
      ,      ,27.620190,-1.26730603
      ,      ,27.630203,-1.26730603
      ,      ,27.640215,-0.26707673
      ,      ,27.650228,-1.26730603
      ,      ,27.660241,0.73315258
      ,      ,27.670254,-0.26707673
      ,      ,27.680266,-0.26707673
      ,      ,27.690279,1.73338188
      ,      ,27.700292,-0.26707673
      ,      ,27.710305,-0.26707673
      ,      ,27.720317,-1.26730603
      ,      ,27.730330,1.73338188
      ,      ,27.740343,0.73315258
      ,      ,27.750356,2.73361118
      ,      ,27.760368,13.73613352
      ,      ,27.770381,38.74186611
      ,      ,27.780394,58.74645218
      ,      ,27.790407,85.75264337
      ,      ,27.800419,96.75516571
      ,      ,27.810432,97.75539501
      ,      ,27.820445,87.75310198
      ,      ,27.830458,73.74989173
      ,      ,27.840470,44.74324193
      ,      ,27.850483,15.73659213
      ,      ,27.860496,-13.27005767
      ,      ,27.870509,-43.27693678
      ,      ,27.880521,-62.28129354
      ,      ,27.890534,-71.28335727
      ,      ,27.900547,-71.28335727
      ,      ,27.910560,-62.28129354
      ,      ,27.920572,-43.27693678
      ,      ,27.930585,-23.27235071
      ,      ,27.940598,0.73315258
      ,      ,27.950611,21.73796795
      ,      ,27.960624,43.74301263
      ,      ,27.970636,56.74599357
      ,      ,27.980649,60.74691078
      ,      ,27.990662,59.74668148
      ,      ,28.000675,48.74415914
      ,      ,28.010687,39.74209541
      ,      ,28.020700,21.73796795
      ,      ,28.030713,3.73384049
      ,      ,28.040726,-13.27005767
      ,      ,28.050738,-24.27258001
      ,      ,28.060751,-37.27556096
      ,      ,28.070764,-39.27601956
      ,      ,28.080777,-34.27487305
      ,      ,28.090789,-30.27395583
      ,      ,28.100802,-18.27120419
      ,      ,28.110815,-7.26868185
      ,      ,28.120828,2.73361118
      ,      ,28.130840,11.73567491
      ,      ,28.140853,20.73773865
      ,      ,28.150866,26.73911447
      ,      ,28.160879,29.73980238
      ,      ,28.170891,26.73911447
      ,      ,28.180904,19.73750934
      ,      ,28.190917,17.73705073
      ,      ,28.200930,11.73567491
      ,      ,28.210942,4.73406979
      ,      ,28.220955,1.73338188
      ,      ,28.230968,-4.26799394
      ,      ,28.240981,-6.26845255
      ,      ,28.250993,-8.26891116
      ,      ,28.261006,-9.26914046
      ,      ,28.271019,-9.26914046
      ,      ,28.281032,-8.26891116
      ,      ,28.291045,-7.26868185
      ,      ,28.301057,-7.26868185
      ,      ,28.311070,-4.26799394
      ,      ,28.321083,-3.26776464
      ,      ,28.331096,-0.26707673
      ,      ,28.341108,0.73315258
      ,      ,28.351121,5.73429909
      ,      ,28.361134,9.73521631
      ,      ,28.371147,13.73613352
      ,      ,28.381159,18.73728004
      ,      ,28.391172,20.73773865
      ,      ,28.401185,20.73773865
      ,      ,28.411198,23.73842656
      ,      ,28.421210,20.73773865
      ,      ,28.431223,15.73659213
      ,      ,28.441236,8.73498700
      ,      ,28.451249,-1.26730603
      ,      ,28.461261,-6.26845255
      ,      ,28.471274,-17.27097489
      ,      ,28.481287,-27.27326792
      ,      ,28.491300,-27.27326792
      ,      ,28.501312,-32.27441444
      ,      ,28.511325,-27.27326792
      ,      ,28.521338,-19.27143349
      ,      ,28.531351,-6.26845255
      ,      ,28.541363,4.73406979
      ,      ,28.551376,18.73728004
      ,      ,28.561389,33.74071959
      ,      ,28.571402,41.74255402
      ,      ,28.581414,56.74599357
      ,      ,28.591427,50.74461775
      ,      ,28.601440,39.74209541
      ,      ,28.611453,33.74071959
      ,      ,28.621465,15.73659213
      ,      ,28.631478,-2.26753533
      ,      ,28.641491,-22.27212140
      ,      ,28.651504,-37.27556096
      ,      ,28.661517,-51.27877120
      ,      ,28.671529,-56.27991772
      ,      ,28.681542,-60.28083494
      ,      ,28.691555,-47.27785399
      ,      ,28.701568,-37.27556096
      ,      ,28.711580,-11.26959907
      ,      ,28.721593,11.73567491
      ,      ,28.731606,32.74049029
      ,      ,28.741619,60.74691078
      ,      ,28.751631,75.75035034
      ,      ,28.761644,78.75103825
      ,      ,28.771657,78.75103825
      ,      ,28.781670,56.74599357
      ,      ,28.791682,42.74278332
      ,      ,28.801695,14.73636282
      ,      ,28.811708,-11.26959907
      ,      ,28.821721,-47.27785399
      ,      ,28.831733,-69.28289867
      ,      ,28.841746,-86.28679683
      ,      ,28.851759,-88.28725543
      ,      ,28.861772,-84.28633822
      ,      ,28.871784,-61.28106424
      ,      ,28.881797,-28.27349722
      ,      ,28.891810,2.73361118
      ,      ,28.901823,36.74140750
      ,      ,28.911835,67.74851591
      ,      ,28.921848,91.75401919
      ,      ,28.931861,106.75745874
      ,      ,28.941874,108.75791735
      ,      ,28.951886,94.75470710
      ,      ,28.961899,69.74897452
      ,      ,28.971912,44.74324193
      ,      ,28.981925,5.73429909
      ,      ,28.991937,-41.27647817
      ,      ,29.001950,-80.28542101
      ,      ,29.011963,-109.29207081
      ,      ,29.021976,-129.29665688
      ,      ,29.031989,-128.29642757
      ,      ,29.042001,-107.29161220
      ,      ,29.052014,-71.28335727
      ,      ,29.062027,-23.27235071
      ,      ,29.072040,24.73865586
      ,      ,29.082052,72.74966243
      ,      ,29.092065,109.75814665
      ,      ,29.102078,148.76708949
      ,      ,29.112091,156.76892392
      ,      ,29.122103,139.76502576
      ,      ,29.132116,111.75860526
      ,      ,29.142129,78.75103825
      ,      ,29.152142,22.73819725
      ,      ,29.162154,-30.27395583
      ,      ,29.172167,-87.28702613
      ,      ,29.182180,-123.29528105
      ,      ,29.192193,-149.30124295
      ,      ,29.202205,-164.30468250
      ,      ,29.212218,-147.30078434
      ,      ,29.222231,-110.29230011
      ,      ,29.232244,-66.28221076
      ,      ,29.242256,-5.26822324
      ,      ,29.252269,65.74805730
      ,      ,29.262282,118.76021039
      ,      ,29.272295,162.77029974
      ,      ,29.282307,182.77488581
      ,      ,29.292320,181.77465650
      ,      ,29.302333,162.77029974
      ,      ,29.312346,108.75791735
      ,      ,29.322358,59.74668148
      ,      ,29.332371,-4.26799394
      ,      ,29.342384,-84.28633822
      ,      ,29.352397,-133.29757409
      ,      ,29.362409,-176.30743414
      ,      ,29.372422,-189.31041508
      ,      ,29.382435,-180.30835135
      ,      ,29.392448,-153.30216016
      ,      ,29.402461,-101.29023638
      ,      ,29.412473,-30.27395583
      ,      ,29.422486,36.74140750
      ,      ,29.432499,101.75631223
      ,      ,29.442512,171.77236347
      ,      ,29.452524,203.77970118
      ,      ,29.462537,213.78199422
      ,      ,29.472550,203.77970118
      ,      ,29.482563,165.77098765
      ,      ,29.492575,101.75631223
      ,      ,29.502588,20.73773865
      ,      ,29.512601,-45.27739538
      ,      ,29.522614,-115.29344663
      ,      ,29.532626,-188.31018578
      ,      ,29.542639,-219.31729419
      ,      ,29.552652,-228.31935792
      ,      ,29.562665,-200.31293742
      ,      ,29.572677,-150.30147225
      ,      ,29.582690,-80.28542101
      ,      ,29.592703,2.73361118
      ,      ,29.602716,89.75356058
      ,      ,29.612728,165.77098765
      ,      ,29.622741,215.78245282
      ,      ,29.632754,255.79162496
      ,      ,29.642767,263.79345939
      ,      ,29.652779,230.78589237
      ,      ,29.662792,179.77419790
      ,      ,29.672805,101.75631223
      ,      ,29.682818,14.73636282
      ,      ,29.692830,-75.28427449
      ,      ,29.702843,-141.29940852
      ,      ,29.712856,-202.31339603
      ,      ,29.722869,-227.31912862
      ,      ,29.732881,-231.32004583
      ,      ,29.742894,-196.31202021
      ,      ,29.752907,-137.29849130
      ,      ,29.762920,-66.28221076
      ,      ,29.772933,11.73567491
      ,      ,29.782945,104.75700014
      ,      ,29.792958,169.77190486
      ,      ,29.802971,208.78084770
      ,      ,29.812984,223.78428725
      ,      ,29.822996,214.78222352
      ,      ,29.833009,177.77373929
      ,      ,29.843022,116.75975178
      ,      ,29.853035,48.74415914
      ,      ,29.863047,-12.26982837
      ,      ,29.873060,-93.28840195
      ,      ,29.883073,-141.29940852
      ,      ,29.893086,-182.30880996
      ,      ,29.903098,-180.30835135
      ,      ,29.913111,-170.30605832
      ,      ,29.923124,-123.29528105
      ,      ,29.933137,-79.28519170
      ,      ,29.943149,-13.27005767
      ,      ,29.953162,45.74347123
      ,      ,29.963175,98.75562432
      ,      ,29.973188,132.76342063
      ,      ,29.983200,162.77029974
      ,      ,29.993213,159.76961183
      ,      ,30.003226,153.76823601
      ,      ,30.013239,102.75654153
      ,      ,30.023251,69.74897452
      ,      ,30.033264,3.73384049
      ,      ,30.043277,-31.27418514
      ,      ,30.053290,-88.28725543
      ,      ,30.063302,-109.29207081
      ,      ,30.073315,-121.29482245
      ,      ,30.083328,-122.29505175
      ,      ,30.093341,-102.29046568
      ,      ,30.103353,-78.28496240
      ,      ,30.113366,-28.27349722
      ,      ,30.123379,7.73475770
      ,      ,30.133392,58.74645218
      ,      ,30.143405,89.75356058
      ,      ,30.153417,121.76089830
      ,      ,30.163430,129.76273272
      ,      ,30.173443,119.76043969
      ,      ,30.183456,97.75539501
      ,      ,30.193468,80.75149685
      ,      ,30.203481,18.73728004
      ,      ,30.213494,-7.26868185
      ,      ,30.223507,-57.28014703
      ,      ,30.233519,-84.28633822
      ,      ,30.243532,-96.28908986
      ,      ,30.253545,-105.29115359
      ,      ,30.263558,-91.28794334
      ,      ,30.273570,-78.28496240
      ,      ,30.283583,-35.27510235
      ,      ,30.293596,-1.26730603
      ,      ,30.303609,21.73796795
      ,      ,30.313621,67.74851591
      ,      ,30.323634,84.75241407
      ,      ,30.333647,95.75493641
      ,      ,30.343660,91.75401919
      ,      ,30.353672,83.75218476
      ,      ,30.363685,62.74736939
      ,      ,30.373698,27.73934377
      ,      ,30.383711,5.73429909
      ,      ,30.393723,-8.26891116
      ,      ,30.403736,-50.27854190
      ,      ,30.413749,-57.28014703
      ,      ,30.423762,-52.27900051
      ,      ,30.433774,-57.28014703
      ,      ,30.443787,-40.27624887
      ,      ,30.453800,-26.27303862
      ,      ,30.463813,-11.26959907
      ,      ,30.473825,4.73406979
      ,      ,30.483838,20.73773865
      ,      ,30.493851,37.74163680
      ,      ,30.503864,51.74484705
      ,      ,30.513877,-1025.50211279
      ,      ,30.523889,57.74622287
      ,      ,30.533902,46.74370054
      ,      ,30.543915,32.74049029
      ,      ,30.553928,22.73819725
      ,      ,30.563940,8.73498700
      ,      ,30.573953,-7.26868185
      ,      ,30.583966,-20.27166280
      ,      ,30.593979,-24.27258001
      ,      ,30.603991,-22.27212140
      ,      ,30.614004,-30.27395583
      ,      ,30.624017,-17.27097489
      ,      ,30.634030,-10.26936976
      ,      ,30.644042,-2.26753533
      ,      ,30.654055,2.73361118
      ,      ,30.664068,9.73521631
      ,      ,30.674081,17.73705073
      ,      ,30.684093,25.73888516
      ,      ,30.694106,26.73911447
      ,      ,30.704119,2293.25871614
      ,      ,30.714132,35.74117820
      ,      ,30.724144,32.74049029
      ,      ,30.734157,17.73705073
      ,      ,30.744170,19.73750934
      ,      ,30.754183,9.73521631
      ,      ,30.764195,12.73590422
      ,      ,30.774208,10.73544561
      ,      ,30.784221,7.73475770
      ,      ,30.794234,2.73361118
      ,      ,30.804246,-1.26730603
      ,      ,30.814259,-5.26822324
      ,      ,30.824272,-7.26868185
      ,      ,30.834285,-14.27028698
      ,      ,30.844298,-14.27028698
      ,      ,30.854310,-12.26982837
      ,      ,30.864323,-7.26868185
      ,      ,30.874336,-4.26799394
      ,      ,30.884349,0.73315258
      ,      ,30.894361,7.73475770
      ,      ,30.904374,17.73705073
      ,      ,30.914387,30.74003168
      ,      ,30.924400,36.74140750
      ,      ,30.934412,49.74438845
      ,      ,30.944425,38.74186611
      ,      ,30.954438,38.74186611
      ,      ,30.964451,25.73888516
      ,      ,30.974463,20.73773865
      ,      ,30.984476,4.73406979
      ,      ,30.994489,-9.26914046
      ,      ,31.004502,-20.27166280
      ,      ,31.014514,-49.27831260
      ,      ,31.024527,-50.27854190
      ,      ,31.034540,-55.27968842
      ,      ,31.044553,-33.27464374
      ,      ,31.054565,-42.27670747
      ,      ,31.064578,-5.26822324
      ,      ,31.074591,13.73613352
      ,      ,31.084604,34.74094889
      ,      ,31.094616,70.74920382
      ,      ,31.104629,78.75103825
      ,      ,31.114642,87.75310198
      ,      ,31.124655,87.75310198
      ,      ,31.134667,81.75172616
      ,      ,31.144680,61.74714009
      ,      ,31.154693,19.73750934
      ,      ,31.164706,-0.26707673
      ,      ,31.174718,-22.27212140
      ,      ,31.184731,-72.28358658
      ,      ,31.194744,-94.28863125
      ,      ,31.204757,-102.29046568
      ,      ,31.214770,-109.29207081
      ,      ,31.224782,-96.28908986
      ,      ,31.234795,-95.28886056
      ,      ,31.244808,-55.27968842
      ,      ,31.254821,-276.33036449
      ,      ,31.264833,-24.27258001
      ,      ,31.274846,-10.26936976
      ,      ,31.284859,4.73406979
      ,      ,31.294872,7.73475770
      ,      ,31.304884,11.73567491
      ,      ,31.314897,10.73544561
      ,      ,31.324910,11.73567491
      ,      ,31.334923,14.73636282
      ,      ,31.344935,9.73521631
      ,      ,31.354948,9.73521631
      ,      ,31.364961,3.73384049
      ,      ,31.374974,2.73361118
      ,      ,31.384986,0.73315258
      ,      ,31.394999,-0.26707673
      ,      ,31.405012,1.73338188
      ,      ,31.415025,1.73338188
      ,      ,31.425037,4.73406979
      ,      ,31.435050,9.73521631
      ,      ,31.445063,8.73498700
      ,      ,31.455076,11.73567491
      ,      ,31.465088,11.73567491
      ,      ,31.475101,11.73567491
      ,      ,31.485114,6.73452840
      ,      ,31.495127,5.73429909
      ,      ,31.505139,3.73384049
      ,      ,31.515152,4.73406979
      ,      ,31.525165,1.73338188
      ,      ,31.535178,1.73338188
      ,      ,31.545190,3.73384049
      ,      ,31.555203,1.73338188
      ,      ,31.565216,4.73406979
      ,      ,31.575229,3329.49627453
      ,      ,31.585242,-403.35948603
      ,      ,31.595254,-1427.59429278
      ,      ,31.605267,-179.30812205
      ,      ,31.615280,670.88678590
      ,      ,31.625293,-313.33884871
      ,      ,31.635305,-4186.22671176
      ,      ,31.645318,-4656.33448439
      ,      ,31.655331,-304.33678498
      ,      ,31.665344,-542.39135921
      ,      ,31.675356,-744.43767851
      ,      ,31.685369,313.80492456
      ,      ,31.695382,737.90214924
      ,      ,31.705395,-1659.64749119
      ,      ,31.715407,51.74484705
      ,      ,31.725420,-477.37645448
      ,      ,31.735433,-124.29551036
      ,      ,31.745446,-131.29711548
      ,      ,31.755458,-98.28954847
      ,      ,31.765471,-234.32073374
      ,      ,31.775484,4.73406979
      ,      ,31.785497,2460.29700982
      ,      ,31.795509,-83.28610892
      ,      ,31.805522,-216.31660628
      ,      ,31.815535,275.79621103
      ,      ,31.825548,1268.02368008
      ,      ,31.835560,72.74966243
      ,      ,31.845573,-0.26707673
      ,      ,31.855586,-767.44295249
      ,      ,31.865599,-64.28175215
      ,      ,31.875611,-4641.33104484
      ,      ,31.885624,263.79345939
      ,      ,31.895637,-2671.87954630
      ,      ,31.905650,261.79300078
      ,      ,31.915662,356.81478461
      ,      ,31.925675,-83.28610892
      ,      ,31.935688,49.74438845
      ,      ,31.945701,49.74438845
      ,      ,31.955714,16.73682143
      ,      ,31.965726,360.81570183
      ,      ,31.975739,-286.33265752
      ,      ,31.985752,85.75264337
      ,      ,31.995765,199.77878397
